Region,Region2,Fuel,Year,Value,,Unit,Source,Updated at,Updated by
AT,DE,H2,2030,197.1,,PJ,TYNDP 2022 - Annex C2,02.08.2024,Julian Bornemann <jb@wip.tu-berlin.de>
AT,IT,H2,2030,165.564,,PJ,TYNDP 2022 - Annex C2,02.08.2024,Julian Bornemann <jb@wip.tu-berlin.de>
AT,SK,H2,2030,189.216,,PJ,TYNDP 2022 - Annex C2,02.08.2024,Julian Bornemann <jb@wip.tu-berlin.de>
AT,SI,H2,2030,0.0,,PJ,TYNDP 2022 - Annex C2,02.08.2024,Julian Bornemann <jb@wip.tu-berlin.de>
AT,DE,H2,2035,0.0,,PJ,TYNDP 2022 - Annex C2,02.08.2024,Julian Bornemann <jb@wip.tu-berlin.de>
AT,IT,H2,2035,61.101,,PJ,TYNDP 2022 - Annex C2,02.08.2024,Julian Bornemann <jb@wip.tu-berlin.de>
AT,SK,H2,2035,7.884,,PJ,TYNDP 2022 - Annex C2,02.08.2024,Julian Bornemann <jb@wip.tu-berlin.de>
AT,SI,H2,2035,21.681,,PJ,TYNDP 2022 - Annex C2,02.08.2024,Julian Bornemann <jb@wip.tu-berlin.de>
AT,DE,H2,2040,0.0,,PJ,TYNDP 2022 - Annex C2,02.08.2024,Julian Bornemann <jb@wip.tu-berlin.de>
AT,IT,H2,2040,61.101,,PJ,TYNDP 2022 - Annex C2,02.08.2024,Julian Bornemann <jb@wip.tu-berlin.de>
AT,SK,H2,2040,7.884,,PJ,TYNDP 2022 - Annex C2,02.08.2024,Julian Bornemann <jb@wip.tu-berlin.de>
AT,SI,H2,2040,21.681,,PJ,TYNDP 2022 - Annex C2,02.08.2024,Julian Bornemann <jb@wip.tu-berlin.de>
AT,DE,H2,2045,0.0,,PJ,TYNDP 2022 - Annex C2,02.08.2024,Julian Bornemann <jb@wip.tu-berlin.de>
AT,IT,H2,2045,0.0,,PJ,TYNDP 2022 - Annex C2,02.08.2024,Julian Bornemann <jb@wip.tu-berlin.de>
AT,SK,H2,2045,0.0,,PJ,TYNDP 2022 - Annex C2,02.08.2024,Julian Bornemann <jb@wip.tu-berlin.de>
AT,SI,H2,2045,0.0,,PJ,TYNDP 2022 - Annex C2,02.08.2024,Julian Bornemann <jb@wip.tu-berlin.de>
AT,DE,H2,2050,0.0,,PJ,TYNDP 2022 - Annex C2,02.08.2024,Julian Bornemann <jb@wip.tu-berlin.de>
AT,IT,H2,2050,0.0,,PJ,TYNDP 2022 - Annex C2,02.08.2024,Julian Bornemann <jb@wip.tu-berlin.de>
AT,SK,H2,2050,0.0,,PJ,TYNDP 2022 - Annex C2,02.08.2024,Julian Bornemann <jb@wip.tu-berlin.de>
AT,SI,H2,2050,0.0,,PJ,TYNDP 2022 - Annex C2,02.08.2024,Julian Bornemann <jb@wip.tu-berlin.de>
AT,DE,H2,2055,0.0,,PJ,same as 2050 for now,29.01.2025,Nikita Moskalenko <nim@wip.tu-berlin.de>
AT,IT,H2,2055,0.0,,PJ,same as 2050 for now,29.01.2025,Nikita Moskalenko <nim@wip.tu-berlin.de>
AT,SK,H2,2055,0.0,,PJ,same as 2050 for now,29.01.2025,Nikita Moskalenko <nim@wip.tu-berlin.de>
AT,SI,H2,2055,0.0,,PJ,same as 2050 for now,29.01.2025,Nikita Moskalenko <nim@wip.tu-berlin.de>
AT,DE,H2,2060,0.0,,PJ,same as 2050 for now,29.01.2025,Nikita Moskalenko <nim@wip.tu-berlin.de>
AT,IT,H2,2060,0.0,,PJ,same as 2050 for now,29.01.2025,Nikita Moskalenko <nim@wip.tu-berlin.de>
AT,SK,H2,2060,0.0,,PJ,same as 2050 for now,29.01.2025,Nikita Moskalenko <nim@wip.tu-berlin.de>
AT,SI,H2,2060,0.0,,PJ,same as 2050 for now,29.01.2025,Nikita Moskalenko <nim@wip.tu-berlin.de>
BE,FR,H2,2030,141.912,,PJ,TYNDP 2022 - Annex C2,02.08.2024,Julian Bornemann <jb@wip.tu-berlin.de>
BE,DE,H2,2030,119.574,,PJ,TYNDP 2022 - Annex C2,02.08.2024,Julian Bornemann <jb@wip.tu-berlin.de>
BE,LU,H2,2030,0.0,,PJ,TYNDP 2022 - Annex C2,02.08.2024,Julian Bornemann <jb@wip.tu-berlin.de>
BE,NL,H2,2030,157.68,,PJ,TYNDP 2022 - Annex C2,02.08.2024,Julian Bornemann <jb@wip.tu-berlin.de>
BE,UK,H2,2030,0.0,,PJ,TYNDP 2022 - Annex C2,02.08.2024,Julian Bornemann <jb@wip.tu-berlin.de>
BE,FR,H2,2035,60.444,,PJ,TYNDP 2022 - Annex C2,02.08.2024,Julian Bornemann <jb@wip.tu-berlin.de>
BE,DE,H2,2035,0.0,,PJ,TYNDP 2022 - Annex C2,02.08.2024,Julian Bornemann <jb@wip.tu-berlin.de>
BE,LU,H2,2035,9.198,,PJ,TYNDP 2022 - Annex C2,02.08.2024,Julian Bornemann <jb@wip.tu-berlin.de>
BE,NL,H2,2035,47.304,,PJ,TYNDP 2022 - Annex C2,02.08.2024,Julian Bornemann <jb@wip.tu-berlin.de>
BE,UK,H2,2035,131.4,,PJ,TYNDP 2022 - Annex C2,02.08.2024,Julian Bornemann <jb@wip.tu-berlin.de>
BE,FR,H2,2040,60.444,,PJ,TYNDP 2022 - Annex C2,02.08.2024,Julian Bornemann <jb@wip.tu-berlin.de>
BE,DE,H2,2040,0.0,,PJ,TYNDP 2022 - Annex C2,02.08.2024,Julian Bornemann <jb@wip.tu-berlin.de>
BE,LU,H2,2040,9.198,,PJ,TYNDP 2022 - Annex C2,02.08.2024,Julian Bornemann <jb@wip.tu-berlin.de>
BE,NL,H2,2040,47.304,,PJ,TYNDP 2022 - Annex C2,02.08.2024,Julian Bornemann <jb@wip.tu-berlin.de>
BE,UK,H2,2040,131.4,,PJ,TYNDP 2022 - Annex C2,02.08.2024,Julian Bornemann <jb@wip.tu-berlin.de>
BE,FR,H2,2045,0.0,,PJ,TYNDP 2022 - Annex C2,02.08.2024,Julian Bornemann <jb@wip.tu-berlin.de>
BE,DE,H2,2045,19.053,,PJ,TYNDP 2022 - Annex C2,02.08.2024,Julian Bornemann <jb@wip.tu-berlin.de>
BE,LU,H2,2045,3.942,,PJ,TYNDP 2022 - Annex C2,02.08.2024,Julian Bornemann <jb@wip.tu-berlin.de>
BE,NL,H2,2045,31.536,,PJ,TYNDP 2022 - Annex C2,02.08.2024,Julian Bornemann <jb@wip.tu-berlin.de>
BE,UK,H2,2045,0.0,,PJ,TYNDP 2022 - Annex C2,02.08.2024,Julian Bornemann <jb@wip.tu-berlin.de>
BE,FR,H2,2050,0.0,,PJ,TYNDP 2022 - Annex C2,02.08.2024,Julian Bornemann <jb@wip.tu-berlin.de>
BE,DE,H2,2050,19.053,,PJ,TYNDP 2022 - Annex C2,02.08.2024,Julian Bornemann <jb@wip.tu-berlin.de>
BE,LU,H2,2050,3.942,,PJ,TYNDP 2022 - Annex C2,02.08.2024,Julian Bornemann <jb@wip.tu-berlin.de>
BE,NL,H2,2050,31.536,,PJ,TYNDP 2022 - Annex C2,02.08.2024,Julian Bornemann <jb@wip.tu-berlin.de>
BE,UK,H2,2050,0.0,,PJ,TYNDP 2022 - Annex C2,02.08.2024,Julian Bornemann <jb@wip.tu-berlin.de>
BE,FR,H2,2055,0.0,,PJ,same as 2050 for now,29.01.2025,Nikita Moskalenko <nim@wip.tu-berlin.de>
BE,DE,H2,2055,19.053,,PJ,same as 2050 for now,29.01.2025,Nikita Moskalenko <nim@wip.tu-berlin.de>
BE,LU,H2,2055,3.942,,PJ,same as 2050 for now,29.01.2025,Nikita Moskalenko <nim@wip.tu-berlin.de>
BE,NL,H2,2055,31.536,,PJ,same as 2050 for now,29.01.2025,Nikita Moskalenko <nim@wip.tu-berlin.de>
BE,UK,H2,2055,0.0,,PJ,same as 2050 for now,29.01.2025,Nikita Moskalenko <nim@wip.tu-berlin.de>
BE,FR,H2,2060,0.0,,PJ,same as 2050 for now,29.01.2025,Nikita Moskalenko <nim@wip.tu-berlin.de>
BE,DE,H2,2060,19.053,,PJ,same as 2050 for now,29.01.2025,Nikita Moskalenko <nim@wip.tu-berlin.de>
BE,LU,H2,2060,3.942,,PJ,same as 2050 for now,29.01.2025,Nikita Moskalenko <nim@wip.tu-berlin.de>
BE,NL,H2,2060,31.536,,PJ,same as 2050 for now,29.01.2025,Nikita Moskalenko <nim@wip.tu-berlin.de>
BE,UK,H2,2060,0.0,,PJ,same as 2050 for now,29.01.2025,Nikita Moskalenko <nim@wip.tu-berlin.de>
BG,GR,H2,2030,105.076638,,PJ,TYNDP 2022 - Annex C2,02.08.2024,Julian Bornemann <jb@wip.tu-berlin.de>
BG,RO,H2,2030,23.29722,,PJ,TYNDP 2022 - Annex C2,02.08.2024,Julian Bornemann <jb@wip.tu-berlin.de>
BG,GR,H2,2035,0.0,,PJ,TYNDP 2022 - Annex C2,02.08.2024,Julian Bornemann <jb@wip.tu-berlin.de>
BG,RO,H2,2035,61.101,,PJ,TYNDP 2022 - Annex C2,02.08.2024,Julian Bornemann <jb@wip.tu-berlin.de>
BG,GR,H2,2040,0.0,,PJ,TYNDP 2022 - Annex C2,02.08.2024,Julian Bornemann <jb@wip.tu-berlin.de>
BG,RO,H2,2040,61.101,,PJ,TYNDP 2022 - Annex C2,02.08.2024,Julian Bornemann <jb@wip.tu-berlin.de>
BG,GR,H2,2045,5.277681,,PJ,TYNDP 2022 - Annex C2,02.08.2024,Julian Bornemann <jb@wip.tu-berlin.de>
BG,RO,H2,2045,18.86433522,,PJ,TYNDP 2022 - Annex C2,02.08.2024,Julian Bornemann <jb@wip.tu-berlin.de>
BG,GR,H2,2050,5.277681,,PJ,TYNDP 2022 - Annex C2,02.08.2024,Julian Bornemann <jb@wip.tu-berlin.de>
BG,RO,H2,2050,18.86433522,,PJ,TYNDP 2022 - Annex C2,02.08.2024,Julian Bornemann <jb@wip.tu-berlin.de>
BG,GR,H2,2055,5.277681,,PJ,same as 2050 for now,29.01.2025,Nikita Moskalenko <nim@wip.tu-berlin.de>
BG,RO,H2,2055,18.86433522,,PJ,same as 2050 for now,29.01.2025,Nikita Moskalenko <nim@wip.tu-berlin.de>
BG,GR,H2,2060,5.277681,,PJ,same as 2050 for now,29.01.2025,Nikita Moskalenko <nim@wip.tu-berlin.de>
BG,RO,H2,2060,18.86433522,,PJ,same as 2050 for now,29.01.2025,Nikita Moskalenko <nim@wip.tu-berlin.de>
CH,FR,H2,2030,0.0,,PJ,TYNDP 2022 - Annex C2,02.08.2024,Julian Bornemann <jb@wip.tu-berlin.de>
CH,DE,H2,2030,0.0,,PJ,TYNDP 2022 - Annex C2,02.08.2024,Julian Bornemann <jb@wip.tu-berlin.de>
CH,IT,H2,2030,177.39,,PJ,TYNDP 2022 - Annex C2,02.08.2024,Julian Bornemann <jb@wip.tu-berlin.de>
CH,FR,H2,2035,65.7,,PJ,TYNDP 2022 - Annex C2,02.08.2024,Julian Bornemann <jb@wip.tu-berlin.de>
CH,DE,H2,2035,110.376,,PJ,TYNDP 2022 - Annex C2,02.08.2024,Julian Bornemann <jb@wip.tu-berlin.de>
CH,IT,H2,2035,0.0,,PJ,TYNDP 2022 - Annex C2,02.08.2024,Julian Bornemann <jb@wip.tu-berlin.de>
CH,FR,H2,2040,65.7,,PJ,TYNDP 2022 - Annex C2,02.08.2024,Julian Bornemann <jb@wip.tu-berlin.de>
CH,DE,H2,2040,110.376,,PJ,TYNDP 2022 - Annex C2,02.08.2024,Julian Bornemann <jb@wip.tu-berlin.de>
CH,IT,H2,2040,0.0,,PJ,TYNDP 2022 - Annex C2,02.08.2024,Julian Bornemann <jb@wip.tu-berlin.de>
CH,FR,H2,2045,0.0,,PJ,TYNDP 2022 - Annex C2,02.08.2024,Julian Bornemann <jb@wip.tu-berlin.de>
CH,DE,H2,2045,47.304,,PJ,TYNDP 2022 - Annex C2,02.08.2024,Julian Bornemann <jb@wip.tu-berlin.de>
CH,IT,H2,2045,0.0,,PJ,TYNDP 2022 - Annex C2,02.08.2024,Julian Bornemann <jb@wip.tu-berlin.de>
CH,FR,H2,2050,0.0,,PJ,TYNDP 2022 - Annex C2,02.08.2024,Julian Bornemann <jb@wip.tu-berlin.de>
CH,DE,H2,2050,47.304,,PJ,TYNDP 2022 - Annex C2,02.08.2024,Julian Bornemann <jb@wip.tu-berlin.de>
CH,IT,H2,2050,0.0,,PJ,TYNDP 2022 - Annex C2,02.08.2024,Julian Bornemann <jb@wip.tu-berlin.de>
CH,FR,H2,2055,0.0,,PJ,same as 2050 for now,29.01.2025,Nikita Moskalenko <nim@wip.tu-berlin.de>
CH,DE,H2,2055,47.304,,PJ,same as 2050 for now,29.01.2025,Nikita Moskalenko <nim@wip.tu-berlin.de>
CH,IT,H2,2055,0.0,,PJ,same as 2050 for now,29.01.2025,Nikita Moskalenko <nim@wip.tu-berlin.de>
CH,FR,H2,2060,0.0,,PJ,same as 2050 for now,29.01.2025,Nikita Moskalenko <nim@wip.tu-berlin.de>
CH,DE,H2,2060,47.304,,PJ,same as 2050 for now,29.01.2025,Nikita Moskalenko <nim@wip.tu-berlin.de>
CH,IT,H2,2060,0.0,,PJ,same as 2050 for now,29.01.2025,Nikita Moskalenko <nim@wip.tu-berlin.de>
CZ,DE,H2,2030,189.216,,PJ,TYNDP 2022 - Annex C2,02.08.2024,Julian Bornemann <jb@wip.tu-berlin.de>
CZ,PL,H2,2030,0.0,,PJ,TYNDP 2022 - Annex C2,02.08.2024,Julian Bornemann <jb@wip.tu-berlin.de>
CZ,SK,H2,2030,0.0,,PJ,TYNDP 2022 - Annex C2,02.08.2024,Julian Bornemann <jb@wip.tu-berlin.de>
CZ,DE,H2,2035,0.0,,PJ,TYNDP 2022 - Annex C2,02.08.2024,Julian Bornemann <jb@wip.tu-berlin.de>
CZ,PL,H2,2035,19.71,,PJ,TYNDP 2022 - Annex C2,02.08.2024,Julian Bornemann <jb@wip.tu-berlin.de>
CZ,SK,H2,2035,102.492,,PJ,TYNDP 2022 - Annex C2,02.08.2024,Julian Bornemann <jb@wip.tu-berlin.de>
CZ,DE,H2,2040,0.0,,PJ,TYNDP 2022 - Annex C2,02.08.2024,Julian Bornemann <jb@wip.tu-berlin.de>
CZ,PL,H2,2040,19.71,,PJ,TYNDP 2022 - Annex C2,02.08.2024,Julian Bornemann <jb@wip.tu-berlin.de>
CZ,SK,H2,2040,102.492,,PJ,TYNDP 2022 - Annex C2,02.08.2024,Julian Bornemann <jb@wip.tu-berlin.de>
CZ,DE,H2,2045,115.1064,,PJ,TYNDP 2022 - Annex C2,02.08.2024,Julian Bornemann <jb@wip.tu-berlin.de>
CZ,PL,H2,2045,0.0,,PJ,TYNDP 2022 - Annex C2,02.08.2024,Julian Bornemann <jb@wip.tu-berlin.de>
CZ,SK,H2,2045,0.0,,PJ,TYNDP 2022 - Annex C2,02.08.2024,Julian Bornemann <jb@wip.tu-berlin.de>
CZ,DE,H2,2050,115.1064,,PJ,TYNDP 2022 - Annex C2,02.08.2024,Julian Bornemann <jb@wip.tu-berlin.de>
CZ,PL,H2,2050,0.0,,PJ,TYNDP 2022 - Annex C2,02.08.2024,Julian Bornemann <jb@wip.tu-berlin.de>
CZ,SK,H2,2050,0.0,,PJ,TYNDP 2022 - Annex C2,02.08.2024,Julian Bornemann <jb@wip.tu-berlin.de>
CZ,DE,H2,2055,115.1064,,PJ,same as 2050 for now,29.01.2025,Nikita Moskalenko <nim@wip.tu-berlin.de>
CZ,PL,H2,2055,0.0,,PJ,same as 2050 for now,29.01.2025,Nikita Moskalenko <nim@wip.tu-berlin.de>
CZ,SK,H2,2055,0.0,,PJ,same as 2050 for now,29.01.2025,Nikita Moskalenko <nim@wip.tu-berlin.de>
CZ,DE,H2,2060,115.1064,,PJ,same as 2050 for now,29.01.2025,Nikita Moskalenko <nim@wip.tu-berlin.de>
CZ,PL,H2,2060,0.0,,PJ,same as 2050 for now,29.01.2025,Nikita Moskalenko <nim@wip.tu-berlin.de>
CZ,SK,H2,2060,0.0,,PJ,same as 2050 for now,29.01.2025,Nikita Moskalenko <nim@wip.tu-berlin.de>
DE,AT,H2,2030,197.1,,PJ,TYNDP 2022 - Annex C2,02.08.2024,Julian Bornemann <jb@wip.tu-berlin.de>
DE,BE,H2,2030,119.574,,PJ,TYNDP 2022 - Annex C2,02.08.2024,Julian Bornemann <jb@wip.tu-berlin.de>
DE,CZ,H2,2030,113.004,,PJ,TYNDP 2022 - Annex C2,02.08.2024,Julian Bornemann <jb@wip.tu-berlin.de>
DE,DK,H2,2030,198.414,,PJ,TYNDP 2022 - Annex C2,02.08.2024,Julian Bornemann <jb@wip.tu-berlin.de>
DE,FI,H2,2030,662.256,,PJ,TYNDP 2022 - Annex C2,02.08.2024,Julian Bornemann <jb@wip.tu-berlin.de>
DE,FR,H2,2030,252.288,,PJ,TYNDP 2022 - Annex C2,02.08.2024,Julian Bornemann <jb@wip.tu-berlin.de>
DE,NL,H2,2030,320.616,,PJ,TYNDP 2022 - Annex C2,02.08.2024,Julian Bornemann <jb@wip.tu-berlin.de>
DE,PL,H2,2030,131.4,,PJ,TYNDP 2022 - Annex C2,02.08.2024,Julian Bornemann <jb@wip.tu-berlin.de>
DE,CH,H2,2030,0.0,,PJ,TYNDP 2022 - Annex C2,02.08.2024,Julian Bornemann <jb@wip.tu-berlin.de>
DE,AT,H2,2035,0.0,,PJ,TYNDP 2022 - Annex C2,02.08.2024,Julian Bornemann <jb@wip.tu-berlin.de>
DE,BE,H2,2035,0.0,,PJ,TYNDP 2022 - Annex C2,02.08.2024,Julian Bornemann <jb@wip.tu-berlin.de>
DE,CZ,H2,2035,38.106,,PJ,TYNDP 2022 - Annex C2,02.08.2024,Julian Bornemann <jb@wip.tu-berlin.de>
DE,DK,H2,2035,91.323,,PJ,TYNDP 2022 - Annex C2,02.08.2024,Julian Bornemann <jb@wip.tu-berlin.de>
DE,FI,H2,2035,0.0,,PJ,TYNDP 2022 - Annex C2,02.08.2024,Julian Bornemann <jb@wip.tu-berlin.de>
DE,FR,H2,2035,33.507,,PJ,TYNDP 2022 - Annex C2,02.08.2024,Julian Bornemann <jb@wip.tu-berlin.de>
DE,NL,H2,2035,89.352,,PJ,TYNDP 2022 - Annex C2,02.08.2024,Julian Bornemann <jb@wip.tu-berlin.de>
DE,PL,H2,2035,13.14,,PJ,TYNDP 2022 - Annex C2,02.08.2024,Julian Bornemann <jb@wip.tu-berlin.de>
DE,CH,H2,2035,110.376,,PJ,TYNDP 2022 - Annex C2,02.08.2024,Julian Bornemann <jb@wip.tu-berlin.de>
DE,AT,H2,2040,0.0,,PJ,TYNDP 2022 - Annex C2,02.08.2024,Julian Bornemann <jb@wip.tu-berlin.de>
DE,BE,H2,2040,0.0,,PJ,TYNDP 2022 - Annex C2,02.08.2024,Julian Bornemann <jb@wip.tu-berlin.de>
DE,CZ,H2,2040,38.106,,PJ,TYNDP 2022 - Annex C2,02.08.2024,Julian Bornemann <jb@wip.tu-berlin.de>
DE,DK,H2,2040,91.323,,PJ,TYNDP 2022 - Annex C2,02.08.2024,Julian Bornemann <jb@wip.tu-berlin.de>
DE,FI,H2,2040,0.0,,PJ,TYNDP 2022 - Annex C2,02.08.2024,Julian Bornemann <jb@wip.tu-berlin.de>
DE,FR,H2,2040,33.507,,PJ,TYNDP 2022 - Annex C2,02.08.2024,Julian Bornemann <jb@wip.tu-berlin.de>
DE,NL,H2,2040,89.352,,PJ,TYNDP 2022 - Annex C2,02.08.2024,Julian Bornemann <jb@wip.tu-berlin.de>
DE,PL,H2,2040,13.14,,PJ,TYNDP 2022 - Annex C2,02.08.2024,Julian Bornemann <jb@wip.tu-berlin.de>
DE,CH,H2,2040,110.376,,PJ,TYNDP 2022 - Annex C2,02.08.2024,Julian Bornemann <jb@wip.tu-berlin.de>
DE,AT,H2,2045,0.0,,PJ,TYNDP 2022 - Annex C2,02.08.2024,Julian Bornemann <jb@wip.tu-berlin.de>
DE,BE,H2,2045,19.053,,PJ,TYNDP 2022 - Annex C2,02.08.2024,Julian Bornemann <jb@wip.tu-berlin.de>
DE,CZ,H2,2045,115.1064,,PJ,TYNDP 2022 - Annex C2,02.08.2024,Julian Bornemann <jb@wip.tu-berlin.de>
DE,DK,H2,2045,0.0,,PJ,TYNDP 2022 - Annex C2,02.08.2024,Julian Bornemann <jb@wip.tu-berlin.de>
DE,FI,H2,2045,0.0,,PJ,TYNDP 2022 - Annex C2,02.08.2024,Julian Bornemann <jb@wip.tu-berlin.de>
DE,FR,H2,2045,0.0,,PJ,TYNDP 2022 - Annex C2,02.08.2024,Julian Bornemann <jb@wip.tu-berlin.de>
DE,NL,H2,2045,117.7344,,PJ,TYNDP 2022 - Annex C2,02.08.2024,Julian Bornemann <jb@wip.tu-berlin.de>
DE,PL,H2,2045,70.39320066,,PJ,TYNDP 2022 - Annex C2,02.08.2024,Julian Bornemann <jb@wip.tu-berlin.de>
DE,CH,H2,2045,47.304,,PJ,TYNDP 2022 - Annex C2,02.08.2024,Julian Bornemann <jb@wip.tu-berlin.de>
DE,AT,H2,2050,0.0,,PJ,TYNDP 2022 - Annex C2,02.08.2024,Julian Bornemann <jb@wip.tu-berlin.de>
DE,BE,H2,2050,19.053,,PJ,TYNDP 2022 - Annex C2,02.08.2024,Julian Bornemann <jb@wip.tu-berlin.de>
DE,CZ,H2,2050,115.1064,,PJ,TYNDP 2022 - Annex C2,02.08.2024,Julian Bornemann <jb@wip.tu-berlin.de>
DE,DK,H2,2050,0.0,,PJ,TYNDP 2022 - Annex C2,02.08.2024,Julian Bornemann <jb@wip.tu-berlin.de>
DE,FI,H2,2050,0.0,,PJ,TYNDP 2022 - Annex C2,02.08.2024,Julian Bornemann <jb@wip.tu-berlin.de>
DE,FR,H2,2050,0.0,,PJ,TYNDP 2022 - Annex C2,02.08.2024,Julian Bornemann <jb@wip.tu-berlin.de>
DE,NL,H2,2050,117.7344,,PJ,TYNDP 2022 - Annex C2,02.08.2024,Julian Bornemann <jb@wip.tu-berlin.de>
DE,PL,H2,2050,70.39320066,,PJ,TYNDP 2022 - Annex C2,02.08.2024,Julian Bornemann <jb@wip.tu-berlin.de>
DE,CH,H2,2050,47.304,,PJ,TYNDP 2022 - Annex C2,02.08.2024,Julian Bornemann <jb@wip.tu-berlin.de>
DE,AT,H2,2055,0.0,,PJ,same as 2050 for now,29.01.2025,Nikita Moskalenko <nim@wip.tu-berlin.de>
DE,BE,H2,2055,19.053,,PJ,same as 2050 for now,29.01.2025,Nikita Moskalenko <nim@wip.tu-berlin.de>
DE,CZ,H2,2055,115.1064,,PJ,same as 2050 for now,29.01.2025,Nikita Moskalenko <nim@wip.tu-berlin.de>
DE,DK,H2,2055,0.0,,PJ,same as 2050 for now,29.01.2025,Nikita Moskalenko <nim@wip.tu-berlin.de>
DE,FI,H2,2055,0.0,,PJ,same as 2050 for now,29.01.2025,Nikita Moskalenko <nim@wip.tu-berlin.de>
DE,FR,H2,2055,0.0,,PJ,same as 2050 for now,29.01.2025,Nikita Moskalenko <nim@wip.tu-berlin.de>
DE,NL,H2,2055,117.7344,,PJ,same as 2050 for now,29.01.2025,Nikita Moskalenko <nim@wip.tu-berlin.de>
DE,PL,H2,2055,70.39320066,,PJ,same as 2050 for now,29.01.2025,Nikita Moskalenko <nim@wip.tu-berlin.de>
DE,CH,H2,2055,47.304,,PJ,same as 2050 for now,29.01.2025,Nikita Moskalenko <nim@wip.tu-berlin.de>
DE,AT,H2,2060,0.0,,PJ,same as 2050 for now,29.01.2025,Nikita Moskalenko <nim@wip.tu-berlin.de>
DE,BE,H2,2060,19.053,,PJ,same as 2050 for now,29.01.2025,Nikita Moskalenko <nim@wip.tu-berlin.de>
DE,CZ,H2,2060,115.1064,,PJ,same as 2050 for now,29.01.2025,Nikita Moskalenko <nim@wip.tu-berlin.de>
DE,DK,H2,2060,0.0,,PJ,same as 2050 for now,29.01.2025,Nikita Moskalenko <nim@wip.tu-berlin.de>
DE,FI,H2,2060,0.0,,PJ,same as 2050 for now,29.01.2025,Nikita Moskalenko <nim@wip.tu-berlin.de>
DE,FR,H2,2060,0.0,,PJ,same as 2050 for now,29.01.2025,Nikita Moskalenko <nim@wip.tu-berlin.de>
DE,NL,H2,2060,117.7344,,PJ,same as 2050 for now,29.01.2025,Nikita Moskalenko <nim@wip.tu-berlin.de>
DE,PL,H2,2060,70.39320066,,PJ,same as 2050 for now,29.01.2025,Nikita Moskalenko <nim@wip.tu-berlin.de>
DE,CH,H2,2060,47.304,,PJ,same as 2050 for now,29.01.2025,Nikita Moskalenko <nim@wip.tu-berlin.de>
DK,DE,H2,2030,198.414,,PJ,TYNDP 2022 - Annex C2,02.08.2024,Julian Bornemann <jb@wip.tu-berlin.de>
DK,DE,H2,2035,91.323,,PJ,TYNDP 2022 - Annex C2,02.08.2024,Julian Bornemann <jb@wip.tu-berlin.de>
DK,DE,H2,2040,91.323,,PJ,TYNDP 2022 - Annex C2,02.08.2024,Julian Bornemann <jb@wip.tu-berlin.de>
DK,DE,H2,2045,0.0,,PJ,TYNDP 2022 - Annex C2,02.08.2024,Julian Bornemann <jb@wip.tu-berlin.de>
DK,DE,H2,2050,0.0,,PJ,TYNDP 2022 - Annex C2,02.08.2024,Julian Bornemann <jb@wip.tu-berlin.de>
DK,DE,H2,2055,0.0,,PJ,same as 2050 for now,29.01.2025,Nikita Moskalenko <nim@wip.tu-berlin.de>
DK,DE,H2,2060,0.0,,PJ,same as 2050 for now,29.01.2025,Nikita Moskalenko <nim@wip.tu-berlin.de>
EE,FI,H2,2030,131.4,,PJ,TYNDP 2022 - Annex C2,02.08.2024,Julian Bornemann <jb@wip.tu-berlin.de>
EE,LV,H2,2030,262.8,,PJ,TYNDP 2022 - Annex C2,02.08.2024,Julian Bornemann <jb@wip.tu-berlin.de>
EE,FI,H2,2035,65.7,,PJ,TYNDP 2022 - Annex C2,02.08.2024,Julian Bornemann <jb@wip.tu-berlin.de>
EE,LV,H2,2035,0.0,,PJ,TYNDP 2022 - Annex C2,02.08.2024,Julian Bornemann <jb@wip.tu-berlin.de>
EE,FI,H2,2040,65.7,,PJ,TYNDP 2022 - Annex C2,02.08.2024,Julian Bornemann <jb@wip.tu-berlin.de>
EE,LV,H2,2040,0.0,,PJ,TYNDP 2022 - Annex C2,02.08.2024,Julian Bornemann <jb@wip.tu-berlin.de>
EE,FI,H2,2045,0.0,,PJ,TYNDP 2022 - Annex C2,02.08.2024,Julian Bornemann <jb@wip.tu-berlin.de>
EE,LV,H2,2045,0.0,,PJ,TYNDP 2022 - Annex C2,02.08.2024,Julian Bornemann <jb@wip.tu-berlin.de>
EE,FI,H2,2050,0.0,,PJ,TYNDP 2022 - Annex C2,02.08.2024,Julian Bornemann <jb@wip.tu-berlin.de>
EE,LV,H2,2050,0.0,,PJ,TYNDP 2022 - Annex C2,02.08.2024,Julian Bornemann <jb@wip.tu-berlin.de>
EE,FI,H2,2055,0.0,,PJ,same as 2050 for now,29.01.2025,Nikita Moskalenko <nim@wip.tu-berlin.de>
EE,LV,H2,2055,0.0,,PJ,same as 2050 for now,29.01.2025,Nikita Moskalenko <nim@wip.tu-berlin.de>
EE,FI,H2,2060,0.0,,PJ,same as 2050 for now,29.01.2025,Nikita Moskalenko <nim@wip.tu-berlin.de>
EE,LV,H2,2060,0.0,,PJ,same as 2050 for now,29.01.2025,Nikita Moskalenko <nim@wip.tu-berlin.de>
ES,FR,H2,2030,283.824,,PJ,TYNDP 2022 - Annex C2,02.08.2024,Julian Bornemann <jb@wip.tu-berlin.de>
ES,IT,H2,2030,0.0,,PJ,TYNDP 2022 - Annex C2,02.08.2024,Julian Bornemann <jb@wip.tu-berlin.de>
ES,PT,H2,2030,106.434,,PJ,TYNDP 2022 - Annex C2,02.08.2024,Julian Bornemann <jb@wip.tu-berlin.de>
ES,FR,H2,2035,0.0,,PJ,TYNDP 2022 - Annex C2,02.08.2024,Julian Bornemann <jb@wip.tu-berlin.de>
ES,IT,H2,2035,210.24,,PJ,TYNDP 2022 - Annex C2,02.08.2024,Julian Bornemann <jb@wip.tu-berlin.de>
ES,PT,H2,2035,0.0,,PJ,TYNDP 2022 - Annex C2,02.08.2024,Julian Bornemann <jb@wip.tu-berlin.de>
ES,FR,H2,2040,0.0,,PJ,TYNDP 2022 - Annex C2,02.08.2024,Julian Bornemann <jb@wip.tu-berlin.de>
ES,IT,H2,2040,210.24,,PJ,TYNDP 2022 - Annex C2,02.08.2024,Julian Bornemann <jb@wip.tu-berlin.de>
ES,PT,H2,2040,0.0,,PJ,TYNDP 2022 - Annex C2,02.08.2024,Julian Bornemann <jb@wip.tu-berlin.de>
ES,FR,H2,2045,0.0,,PJ,TYNDP 2022 - Annex C2,02.08.2024,Julian Bornemann <jb@wip.tu-berlin.de>
ES,IT,H2,2045,0.0,,PJ,TYNDP 2022 - Annex C2,02.08.2024,Julian Bornemann <jb@wip.tu-berlin.de>
ES,PT,H2,2045,0.0,,PJ,TYNDP 2022 - Annex C2,02.08.2024,Julian Bornemann <jb@wip.tu-berlin.de>
ES,FR,H2,2050,0.0,,PJ,TYNDP 2022 - Annex C2,02.08.2024,Julian Bornemann <jb@wip.tu-berlin.de>
ES,IT,H2,2050,0.0,,PJ,TYNDP 2022 - Annex C2,02.08.2024,Julian Bornemann <jb@wip.tu-berlin.de>
ES,PT,H2,2050,0.0,,PJ,TYNDP 2022 - Annex C2,02.08.2024,Julian Bornemann <jb@wip.tu-berlin.de>
ES,FR,H2,2055,0.0,,PJ,same as 2050 for now,29.01.2025,Nikita Moskalenko <nim@wip.tu-berlin.de>
ES,IT,H2,2055,0.0,,PJ,same as 2050 for now,29.01.2025,Nikita Moskalenko <nim@wip.tu-berlin.de>
ES,PT,H2,2055,0.0,,PJ,same as 2050 for now,29.01.2025,Nikita Moskalenko <nim@wip.tu-berlin.de>
ES,FR,H2,2060,0.0,,PJ,same as 2050 for now,29.01.2025,Nikita Moskalenko <nim@wip.tu-berlin.de>
ES,IT,H2,2060,0.0,,PJ,same as 2050 for now,29.01.2025,Nikita Moskalenko <nim@wip.tu-berlin.de>
ES,PT,H2,2060,0.0,,PJ,same as 2050 for now,29.01.2025,Nikita Moskalenko <nim@wip.tu-berlin.de>
FI,EE,H2,2030,262.8,,PJ,TYNDP 2022 - Annex C2,02.08.2024,Julian Bornemann <jb@wip.tu-berlin.de>
FI,DE,H2,2030,662.256,,PJ,TYNDP 2022 - Annex C2,02.08.2024,Julian Bornemann <jb@wip.tu-berlin.de>
FI,SE,H2,2030,1195.74,,PJ,TYNDP 2022 - Annex C2,02.08.2024,Julian Bornemann <jb@wip.tu-berlin.de>
FI,EE,H2,2035,0.0,,PJ,TYNDP 2022 - Annex C2,02.08.2024,Julian Bornemann <jb@wip.tu-berlin.de>
FI,DE,H2,2035,0.0,,PJ,TYNDP 2022 - Annex C2,02.08.2024,Julian Bornemann <jb@wip.tu-berlin.de>
FI,SE,H2,2035,0.0,,PJ,TYNDP 2022 - Annex C2,02.08.2024,Julian Bornemann <jb@wip.tu-berlin.de>
FI,EE,H2,2040,0.0,,PJ,TYNDP 2022 - Annex C2,02.08.2024,Julian Bornemann <jb@wip.tu-berlin.de>
FI,DE,H2,2040,0.0,,PJ,TYNDP 2022 - Annex C2,02.08.2024,Julian Bornemann <jb@wip.tu-berlin.de>
FI,SE,H2,2040,0.0,,PJ,TYNDP 2022 - Annex C2,02.08.2024,Julian Bornemann <jb@wip.tu-berlin.de>
FI,EE,H2,2045,0.0,,PJ,TYNDP 2022 - Annex C2,02.08.2024,Julian Bornemann <jb@wip.tu-berlin.de>
FI,DE,H2,2045,0.0,,PJ,TYNDP 2022 - Annex C2,02.08.2024,Julian Bornemann <jb@wip.tu-berlin.de>
FI,SE,H2,2045,0.0,,PJ,TYNDP 2022 - Annex C2,02.08.2024,Julian Bornemann <jb@wip.tu-berlin.de>
FI,EE,H2,2050,0.0,,PJ,TYNDP 2022 - Annex C2,02.08.2024,Julian Bornemann <jb@wip.tu-berlin.de>
FI,DE,H2,2050,0.0,,PJ,TYNDP 2022 - Annex C2,02.08.2024,Julian Bornemann <jb@wip.tu-berlin.de>
FI,SE,H2,2050,0.0,,PJ,TYNDP 2022 - Annex C2,02.08.2024,Julian Bornemann <jb@wip.tu-berlin.de>
FI,EE,H2,2055,0.0,,PJ,same as 2050 for now,29.01.2025,Nikita Moskalenko <nim@wip.tu-berlin.de>
FI,DE,H2,2055,0.0,,PJ,same as 2050 for now,29.01.2025,Nikita Moskalenko <nim@wip.tu-berlin.de>
FI,SE,H2,2055,0.0,,PJ,same as 2050 for now,29.01.2025,Nikita Moskalenko <nim@wip.tu-berlin.de>
FI,EE,H2,2060,0.0,,PJ,same as 2050 for now,29.01.2025,Nikita Moskalenko <nim@wip.tu-berlin.de>
FI,DE,H2,2060,0.0,,PJ,same as 2050 for now,29.01.2025,Nikita Moskalenko <nim@wip.tu-berlin.de>
FI,SE,H2,2060,0.0,,PJ,same as 2050 for now,29.01.2025,Nikita Moskalenko <nim@wip.tu-berlin.de>
FR,BE,H2,2030,141.912,,PJ,TYNDP 2022 - Annex C2,02.08.2024,Julian Bornemann <jb@wip.tu-berlin.de>
FR,DE,H2,2030,268.056,,PJ,TYNDP 2022 - Annex C2,02.08.2024,Julian Bornemann <jb@wip.tu-berlin.de>
FR,ES,H2,2030,283.824,,PJ,TYNDP 2022 - Annex C2,02.08.2024,Julian Bornemann <jb@wip.tu-berlin.de>
FR,CH,H2,2030,1.314,,PJ,TYNDP 2022 - Annex C2,02.08.2024,Julian Bornemann <jb@wip.tu-berlin.de>
FR,BE,H2,2035,60.444,,PJ,TYNDP 2022 - Annex C2,02.08.2024,Julian Bornemann <jb@wip.tu-berlin.de>
FR,DE,H2,2035,25.623,,PJ,TYNDP 2022 - Annex C2,02.08.2024,Julian Bornemann <jb@wip.tu-berlin.de>
FR,ES,H2,2035,0.0,,PJ,TYNDP 2022 - Annex C2,02.08.2024,Julian Bornemann <jb@wip.tu-berlin.de>
FR,CH,H2,2035,65.043,,PJ,TYNDP 2022 - Annex C2,02.08.2024,Julian Bornemann <jb@wip.tu-berlin.de>
FR,BE,H2,2040,60.444,,PJ,TYNDP 2022 - Annex C2,02.08.2024,Julian Bornemann <jb@wip.tu-berlin.de>
FR,DE,H2,2040,25.623,,PJ,TYNDP 2022 - Annex C2,02.08.2024,Julian Bornemann <jb@wip.tu-berlin.de>
FR,ES,H2,2040,0.0,,PJ,TYNDP 2022 - Annex C2,02.08.2024,Julian Bornemann <jb@wip.tu-berlin.de>
FR,CH,H2,2040,65.043,,PJ,TYNDP 2022 - Annex C2,02.08.2024,Julian Bornemann <jb@wip.tu-berlin.de>
FR,BE,H2,2045,0.0,,PJ,TYNDP 2022 - Annex C2,02.08.2024,Julian Bornemann <jb@wip.tu-berlin.de>
FR,DE,H2,2045,0.0,,PJ,TYNDP 2022 - Annex C2,02.08.2024,Julian Bornemann <jb@wip.tu-berlin.de>
FR,ES,H2,2045,0.0,,PJ,TYNDP 2022 - Annex C2,02.08.2024,Julian Bornemann <jb@wip.tu-berlin.de>
FR,CH,H2,2045,0.0,,PJ,TYNDP 2022 - Annex C2,02.08.2024,Julian Bornemann <jb@wip.tu-berlin.de>
FR,BE,H2,2050,0.0,,PJ,TYNDP 2022 - Annex C2,02.08.2024,Julian Bornemann <jb@wip.tu-berlin.de>
FR,DE,H2,2050,0.0,,PJ,TYNDP 2022 - Annex C2,02.08.2024,Julian Bornemann <jb@wip.tu-berlin.de>
FR,ES,H2,2050,0.0,,PJ,TYNDP 2022 - Annex C2,02.08.2024,Julian Bornemann <jb@wip.tu-berlin.de>
FR,CH,H2,2050,0.0,,PJ,TYNDP 2022 - Annex C2,02.08.2024,Julian Bornemann <jb@wip.tu-berlin.de>
FR,BE,H2,2055,0.0,,PJ,same as 2050 for now,29.01.2025,Nikita Moskalenko <nim@wip.tu-berlin.de>
FR,DE,H2,2055,0.0,,PJ,same as 2050 for now,29.01.2025,Nikita Moskalenko <nim@wip.tu-berlin.de>
FR,ES,H2,2055,0.0,,PJ,same as 2050 for now,29.01.2025,Nikita Moskalenko <nim@wip.tu-berlin.de>
FR,CH,H2,2055,0.0,,PJ,same as 2050 for now,29.01.2025,Nikita Moskalenko <nim@wip.tu-berlin.de>
FR,BE,H2,2060,0.0,,PJ,same as 2050 for now,29.01.2025,Nikita Moskalenko <nim@wip.tu-berlin.de>
FR,DE,H2,2060,0.0,,PJ,same as 2050 for now,29.01.2025,Nikita Moskalenko <nim@wip.tu-berlin.de>
FR,ES,H2,2060,0.0,,PJ,same as 2050 for now,29.01.2025,Nikita Moskalenko <nim@wip.tu-berlin.de>
FR,CH,H2,2060,0.0,,PJ,same as 2050 for now,29.01.2025,Nikita Moskalenko <nim@wip.tu-berlin.de>
GR,BG,H2,2030,99.217512,,PJ,TYNDP 2022 - Annex C2,02.08.2024,Julian Bornemann <jb@wip.tu-berlin.de>
GR,BG,H2,2035,0.0,,PJ,TYNDP 2022 - Annex C2,02.08.2024,Julian Bornemann <jb@wip.tu-berlin.de>
GR,BG,H2,2040,0.0,,PJ,TYNDP 2022 - Annex C2,02.08.2024,Julian Bornemann <jb@wip.tu-berlin.de>
GR,BG,H2,2045,8.207244,,PJ,TYNDP 2022 - Annex C2,02.08.2024,Julian Bornemann <jb@wip.tu-berlin.de>
GR,BG,H2,2050,8.207244,,PJ,TYNDP 2022 - Annex C2,02.08.2024,Julian Bornemann <jb@wip.tu-berlin.de>
GR,BG,H2,2055,8.207244,,PJ,same as 2050 for now,29.01.2025,Nikita Moskalenko <nim@wip.tu-berlin.de>
GR,BG,H2,2060,8.207244,,PJ,same as 2050 for now,29.01.2025,Nikita Moskalenko <nim@wip.tu-berlin.de>
HR,NONEU_Balkan,H2,2030,140.9922,,PJ,TYNDP 2022 - Annex C2,02.08.2024,Julian Bornemann <jb@wip.tu-berlin.de>
HR,HU,H2,2030,0.0,,PJ,TYNDP 2022 - Annex C2,02.08.2024,Julian Bornemann <jb@wip.tu-berlin.de>
HR,SI,H2,2030,0.0,,PJ,TYNDP 2022 - Annex C2,02.08.2024,Julian Bornemann <jb@wip.tu-berlin.de>
HR,NONEU_Balkan,H2,2035,0.0,,PJ,TYNDP 2022 - Annex C2,02.08.2024,Julian Bornemann <jb@wip.tu-berlin.de>
HR,HU,H2,2035,84.3588,,PJ,TYNDP 2022 - Annex C2,02.08.2024,Julian Bornemann <jb@wip.tu-berlin.de>
HR,SI,H2,2035,10.512,,PJ,TYNDP 2022 - Annex C2,02.08.2024,Julian Bornemann <jb@wip.tu-berlin.de>
HR,NONEU_Balkan,H2,2040,0.0,,PJ,TYNDP 2022 - Annex C2,02.08.2024,Julian Bornemann <jb@wip.tu-berlin.de>
HR,HU,H2,2040,84.3588,,PJ,TYNDP 2022 - Annex C2,02.08.2024,Julian Bornemann <jb@wip.tu-berlin.de>
HR,SI,H2,2040,10.512,,PJ,TYNDP 2022 - Annex C2,02.08.2024,Julian Bornemann <jb@wip.tu-berlin.de>
HR,NONEU_Balkan,H2,2045,0.0,,PJ,TYNDP 2022 - Annex C2,02.08.2024,Julian Bornemann <jb@wip.tu-berlin.de>
HR,HU,H2,2045,0.0,,PJ,TYNDP 2022 - Annex C2,02.08.2024,Julian Bornemann <jb@wip.tu-berlin.de>
HR,SI,H2,2045,0.0,,PJ,TYNDP 2022 - Annex C2,02.08.2024,Julian Bornemann <jb@wip.tu-berlin.de>
HR,NONEU_Balkan,H2,2050,0.0,,PJ,TYNDP 2022 - Annex C2,02.08.2024,Julian Bornemann <jb@wip.tu-berlin.de>
HR,HU,H2,2050,0.0,,PJ,TYNDP 2022 - Annex C2,02.08.2024,Julian Bornemann <jb@wip.tu-berlin.de>
HR,SI,H2,2050,0.0,,PJ,TYNDP 2022 - Annex C2,02.08.2024,Julian Bornemann <jb@wip.tu-berlin.de>
HR,NONEU_Balkan,H2,2055,0.0,,PJ,same as 2050 for now,29.01.2025,Nikita Moskalenko <nim@wip.tu-berlin.de>
HR,HU,H2,2055,0.0,,PJ,same as 2050 for now,29.01.2025,Nikita Moskalenko <nim@wip.tu-berlin.de>
HR,SI,H2,2055,0.0,,PJ,same as 2050 for now,29.01.2025,Nikita Moskalenko <nim@wip.tu-berlin.de>
HR,NONEU_Balkan,H2,2060,0.0,,PJ,same as 2050 for now,29.01.2025,Nikita Moskalenko <nim@wip.tu-berlin.de>
HR,HU,H2,2060,0.0,,PJ,same as 2050 for now,29.01.2025,Nikita Moskalenko <nim@wip.tu-berlin.de>
HR,SI,H2,2060,0.0,,PJ,same as 2050 for now,29.01.2025,Nikita Moskalenko <nim@wip.tu-berlin.de>
HU,HR,H2,2030,0.0,,PJ,TYNDP 2022 - Annex C2,02.08.2024,Julian Bornemann <jb@wip.tu-berlin.de>
HU,RO,H2,2030,100.9152,,PJ,TYNDP 2022 - Annex C2,02.08.2024,Julian Bornemann <jb@wip.tu-berlin.de>
HU,SK,H2,2030,131.4,,PJ,TYNDP 2022 - Annex C2,02.08.2024,Julian Bornemann <jb@wip.tu-berlin.de>
HU,SI,H2,2030,0.0,,PJ,TYNDP 2022 - Annex C2,02.08.2024,Julian Bornemann <jb@wip.tu-berlin.de>
HU,HR,H2,2035,84.3588,,PJ,TYNDP 2022 - Annex C2,02.08.2024,Julian Bornemann <jb@wip.tu-berlin.de>
HU,RO,H2,2035,50.4576,,PJ,TYNDP 2022 - Annex C2,02.08.2024,Julian Bornemann <jb@wip.tu-berlin.de>
HU,SK,H2,2035,65.7,,PJ,TYNDP 2022 - Annex C2,02.08.2024,Julian Bornemann <jb@wip.tu-berlin.de>
HU,SI,H2,2035,12.8772,,PJ,TYNDP 2022 - Annex C2,02.08.2024,Julian Bornemann <jb@wip.tu-berlin.de>
HU,HR,H2,2040,84.3588,,PJ,TYNDP 2022 - Annex C2,02.08.2024,Julian Bornemann <jb@wip.tu-berlin.de>
HU,RO,H2,2040,50.4576,,PJ,TYNDP 2022 - Annex C2,02.08.2024,Julian Bornemann <jb@wip.tu-berlin.de>
HU,SK,H2,2040,65.7,,PJ,TYNDP 2022 - Annex C2,02.08.2024,Julian Bornemann <jb@wip.tu-berlin.de>
HU,SI,H2,2040,12.8772,,PJ,TYNDP 2022 - Annex C2,02.08.2024,Julian Bornemann <jb@wip.tu-berlin.de>
HU,HR,H2,2045,0.0,,PJ,TYNDP 2022 - Annex C2,02.08.2024,Julian Bornemann <jb@wip.tu-berlin.de>
HU,RO,H2,2045,0.0,,PJ,TYNDP 2022 - Annex C2,02.08.2024,Julian Bornemann <jb@wip.tu-berlin.de>
HU,SK,H2,2045,0.0,,PJ,TYNDP 2022 - Annex C2,02.08.2024,Julian Bornemann <jb@wip.tu-berlin.de>
HU,SI,H2,2045,0.0,,PJ,TYNDP 2022 - Annex C2,02.08.2024,Julian Bornemann <jb@wip.tu-berlin.de>
HU,HR,H2,2050,0.0,,PJ,TYNDP 2022 - Annex C2,02.08.2024,Julian Bornemann <jb@wip.tu-berlin.de>
HU,RO,H2,2050,0.0,,PJ,TYNDP 2022 - Annex C2,02.08.2024,Julian Bornemann <jb@wip.tu-berlin.de>
HU,SK,H2,2050,0.0,,PJ,TYNDP 2022 - Annex C2,02.08.2024,Julian Bornemann <jb@wip.tu-berlin.de>
HU,SI,H2,2050,0.0,,PJ,TYNDP 2022 - Annex C2,02.08.2024,Julian Bornemann <jb@wip.tu-berlin.de>
HU,HR,H2,2055,0.0,,PJ,same as 2050 for now,29.01.2025,Nikita Moskalenko <nim@wip.tu-berlin.de>
HU,RO,H2,2055,0.0,,PJ,same as 2050 for now,29.01.2025,Nikita Moskalenko <nim@wip.tu-berlin.de>
HU,SK,H2,2055,0.0,,PJ,same as 2050 for now,29.01.2025,Nikita Moskalenko <nim@wip.tu-berlin.de>
HU,SI,H2,2055,0.0,,PJ,same as 2050 for now,29.01.2025,Nikita Moskalenko <nim@wip.tu-berlin.de>
HU,HR,H2,2060,0.0,,PJ,same as 2050 for now,29.01.2025,Nikita Moskalenko <nim@wip.tu-berlin.de>
HU,RO,H2,2060,0.0,,PJ,same as 2050 for now,29.01.2025,Nikita Moskalenko <nim@wip.tu-berlin.de>
HU,SK,H2,2060,0.0,,PJ,same as 2050 for now,29.01.2025,Nikita Moskalenko <nim@wip.tu-berlin.de>
HU,SI,H2,2060,0.0,,PJ,same as 2050 for now,29.01.2025,Nikita Moskalenko <nim@wip.tu-berlin.de>
IE,UK,H2,2030,0.0,,PJ,TYNDP 2022 - Annex C2,02.08.2024,Julian Bornemann <jb@wip.tu-berlin.de>
IE,UK,H2,2035,5.219967492,,PJ,TYNDP 2022 - Annex C2,02.08.2024,Julian Bornemann <jb@wip.tu-berlin.de>
IE,UK,H2,2040,5.219967492,,PJ,TYNDP 2022 - Annex C2,02.08.2024,Julian Bornemann <jb@wip.tu-berlin.de>
IE,UK,H2,2045,13.53364089,,PJ,TYNDP 2022 - Annex C2,02.08.2024,Julian Bornemann <jb@wip.tu-berlin.de>
IE,UK,H2,2050,13.53364089,,PJ,TYNDP 2022 - Annex C2,02.08.2024,Julian Bornemann <jb@wip.tu-berlin.de>
IE,UK,H2,2055,13.53364089,,PJ,same as 2050 for now,29.01.2025,Nikita Moskalenko <nim@wip.tu-berlin.de>
IE,UK,H2,2060,13.53364089,,PJ,same as 2050 for now,29.01.2025,Nikita Moskalenko <nim@wip.tu-berlin.de>
IT,AT,H2,2030,220.752,,PJ,TYNDP 2022 - Annex C2,02.08.2024,Julian Bornemann <jb@wip.tu-berlin.de>
IT,SI,H2,2030,0.0,,PJ,TYNDP 2022 - Annex C2,02.08.2024,Julian Bornemann <jb@wip.tu-berlin.de>
IT,CH,H2,2030,115.632,,PJ,TYNDP 2022 - Annex C2,02.08.2024,Julian Bornemann <jb@wip.tu-berlin.de>
IT,AT,H2,2035,0.0,,PJ,TYNDP 2022 - Annex C2,02.08.2024,Julian Bornemann <jb@wip.tu-berlin.de>
IT,SI,H2,2035,12.8772,,PJ,TYNDP 2022 - Annex C2,02.08.2024,Julian Bornemann <jb@wip.tu-berlin.de>
IT,CH,H2,2035,0.0,,PJ,TYNDP 2022 - Annex C2,02.08.2024,Julian Bornemann <jb@wip.tu-berlin.de>
IT,AT,H2,2040,0.0,,PJ,TYNDP 2022 - Annex C2,02.08.2024,Julian Bornemann <jb@wip.tu-berlin.de>
IT,SI,H2,2040,12.8772,,PJ,TYNDP 2022 - Annex C2,02.08.2024,Julian Bornemann <jb@wip.tu-berlin.de>
IT,CH,H2,2040,0.0,,PJ,TYNDP 2022 - Annex C2,02.08.2024,Julian Bornemann <jb@wip.tu-berlin.de>
IT,AT,H2,2045,0.0,,PJ,TYNDP 2022 - Annex C2,02.08.2024,Julian Bornemann <jb@wip.tu-berlin.de>
IT,SI,H2,2045,0.0,,PJ,TYNDP 2022 - Annex C2,02.08.2024,Julian Bornemann <jb@wip.tu-berlin.de>
IT,CH,H2,2045,0.0,,PJ,TYNDP 2022 - Annex C2,02.08.2024,Julian Bornemann <jb@wip.tu-berlin.de>
IT,AT,H2,2050,0.0,,PJ,TYNDP 2022 - Annex C2,02.08.2024,Julian Bornemann <jb@wip.tu-berlin.de>
IT,SI,H2,2050,0.0,,PJ,TYNDP 2022 - Annex C2,02.08.2024,Julian Bornemann <jb@wip.tu-berlin.de>
IT,CH,H2,2050,0.0,,PJ,TYNDP 2022 - Annex C2,02.08.2024,Julian Bornemann <jb@wip.tu-berlin.de>
IT,AT,H2,2055,0.0,,PJ,same as 2050 for now,29.01.2025,Nikita Moskalenko <nim@wip.tu-berlin.de>
IT,SI,H2,2055,0.0,,PJ,same as 2050 for now,29.01.2025,Nikita Moskalenko <nim@wip.tu-berlin.de>
IT,CH,H2,2055,0.0,,PJ,same as 2050 for now,29.01.2025,Nikita Moskalenko <nim@wip.tu-berlin.de>
IT,AT,H2,2060,0.0,,PJ,same as 2050 for now,29.01.2025,Nikita Moskalenko <nim@wip.tu-berlin.de>
IT,SI,H2,2060,0.0,,PJ,same as 2050 for now,29.01.2025,Nikita Moskalenko <nim@wip.tu-berlin.de>
IT,CH,H2,2060,0.0,,PJ,same as 2050 for now,29.01.2025,Nikita Moskalenko <nim@wip.tu-berlin.de>
LT,LV,H2,2030,131.4,,PJ,TYNDP 2022 - Annex C2,02.08.2024,Julian Bornemann <jb@wip.tu-berlin.de>
LT,PL,H2,2030,262.8,,PJ,TYNDP 2022 - Annex C2,02.08.2024,Julian Bornemann <jb@wip.tu-berlin.de>
LT,LV,H2,2035,58.85798163,,PJ,TYNDP 2022 - Annex C2,02.08.2024,Julian Bornemann <jb@wip.tu-berlin.de>
LT,PL,H2,2035,0.0,,PJ,TYNDP 2022 - Annex C2,02.08.2024,Julian Bornemann <jb@wip.tu-berlin.de>
LT,LV,H2,2040,58.85798163,,PJ,TYNDP 2022 - Annex C2,02.08.2024,Julian Bornemann <jb@wip.tu-berlin.de>
LT,PL,H2,2040,0.0,,PJ,TYNDP 2022 - Annex C2,02.08.2024,Julian Bornemann <jb@wip.tu-berlin.de>
LT,LV,H2,2045,0.0,,PJ,TYNDP 2022 - Annex C2,02.08.2024,Julian Bornemann <jb@wip.tu-berlin.de>
LT,PL,H2,2045,0.0,,PJ,TYNDP 2022 - Annex C2,02.08.2024,Julian Bornemann <jb@wip.tu-berlin.de>
LT,LV,H2,2050,0.0,,PJ,TYNDP 2022 - Annex C2,02.08.2024,Julian Bornemann <jb@wip.tu-berlin.de>
LT,PL,H2,2050,0.0,,PJ,TYNDP 2022 - Annex C2,02.08.2024,Julian Bornemann <jb@wip.tu-berlin.de>
LT,LV,H2,2055,0.0,,PJ,same as 2050 for now,29.01.2025,Nikita Moskalenko <nim@wip.tu-berlin.de>
LT,PL,H2,2055,0.0,,PJ,same as 2050 for now,29.01.2025,Nikita Moskalenko <nim@wip.tu-berlin.de>
LT,LV,H2,2060,0.0,,PJ,same as 2050 for now,29.01.2025,Nikita Moskalenko <nim@wip.tu-berlin.de>
LT,PL,H2,2060,0.0,,PJ,same as 2050 for now,29.01.2025,Nikita Moskalenko <nim@wip.tu-berlin.de>
LU,BE,H2,2030,0.0,,PJ,TYNDP 2022 - Annex C2,02.08.2024,Julian Bornemann <jb@wip.tu-berlin.de>
LU,BE,H2,2035,9.198,,PJ,TYNDP 2022 - Annex C2,02.08.2024,Julian Bornemann <jb@wip.tu-berlin.de>
LU,BE,H2,2040,9.198,,PJ,TYNDP 2022 - Annex C2,02.08.2024,Julian Bornemann <jb@wip.tu-berlin.de>
LU,BE,H2,2045,3.942,,PJ,TYNDP 2022 - Annex C2,02.08.2024,Julian Bornemann <jb@wip.tu-berlin.de>
LU,BE,H2,2050,3.942,,PJ,TYNDP 2022 - Annex C2,02.08.2024,Julian Bornemann <jb@wip.tu-berlin.de>
LU,BE,H2,2055,3.942,,PJ,same as 2050 for now,29.01.2025,Nikita Moskalenko <nim@wip.tu-berlin.de>
LU,BE,H2,2060,3.942,,PJ,same as 2050 for now,29.01.2025,Nikita Moskalenko <nim@wip.tu-berlin.de>
LV,EE,H2,2030,131.4,,PJ,TYNDP 2022 - Annex C2,02.08.2024,Julian Bornemann <jb@wip.tu-berlin.de>
LV,LT,H2,2030,262.8,,PJ,TYNDP 2022 - Annex C2,02.08.2024,Julian Bornemann <jb@wip.tu-berlin.de>
LV,EE,H2,2035,0.0,,PJ,TYNDP 2022 - Annex C2,02.08.2024,Julian Bornemann <jb@wip.tu-berlin.de>
LV,LT,H2,2035,0.0,,PJ,TYNDP 2022 - Annex C2,02.08.2024,Julian Bornemann <jb@wip.tu-berlin.de>
LV,EE,H2,2040,0.0,,PJ,TYNDP 2022 - Annex C2,02.08.2024,Julian Bornemann <jb@wip.tu-berlin.de>
LV,LT,H2,2040,0.0,,PJ,TYNDP 2022 - Annex C2,02.08.2024,Julian Bornemann <jb@wip.tu-berlin.de>
LV,EE,H2,2045,17.58086076,,PJ,TYNDP 2022 - Annex C2,02.08.2024,Julian Bornemann <jb@wip.tu-berlin.de>
LV,LT,H2,2045,0.0,,PJ,TYNDP 2022 - Annex C2,02.08.2024,Julian Bornemann <jb@wip.tu-berlin.de>
LV,EE,H2,2050,17.58086076,,PJ,TYNDP 2022 - Annex C2,02.08.2024,Julian Bornemann <jb@wip.tu-berlin.de>
LV,LT,H2,2050,0.0,,PJ,TYNDP 2022 - Annex C2,02.08.2024,Julian Bornemann <jb@wip.tu-berlin.de>
LV,EE,H2,2055,17.58086076,,PJ,same as 2050 for now,29.01.2025,Nikita Moskalenko <nim@wip.tu-berlin.de>
LV,LT,H2,2055,0.0,,PJ,same as 2050 for now,29.01.2025,Nikita Moskalenko <nim@wip.tu-berlin.de>
LV,EE,H2,2060,17.58086076,,PJ,same as 2050 for now,29.01.2025,Nikita Moskalenko <nim@wip.tu-berlin.de>
LV,LT,H2,2060,0.0,,PJ,same as 2050 for now,29.01.2025,Nikita Moskalenko <nim@wip.tu-berlin.de>
NL,BE,H2,2030,157.68,,PJ,TYNDP 2022 - Annex C2,02.08.2024,Julian Bornemann <jb@wip.tu-berlin.de>
NL,DE,H2,2030,492.75,,PJ,TYNDP 2022 - Annex C2,02.08.2024,Julian Bornemann <jb@wip.tu-berlin.de>
NL,BE,H2,2035,47.304,,PJ,TYNDP 2022 - Annex C2,02.08.2024,Julian Bornemann <jb@wip.tu-berlin.de>
NL,DE,H2,2035,3.285,,PJ,TYNDP 2022 - Annex C2,02.08.2024,Julian Bornemann <jb@wip.tu-berlin.de>
NL,BE,H2,2040,47.304,,PJ,TYNDP 2022 - Annex C2,02.08.2024,Julian Bornemann <jb@wip.tu-berlin.de>
NL,DE,H2,2040,3.285,,PJ,TYNDP 2022 - Annex C2,02.08.2024,Julian Bornemann <jb@wip.tu-berlin.de>
NL,BE,H2,2045,31.536,,PJ,TYNDP 2022 - Annex C2,02.08.2024,Julian Bornemann <jb@wip.tu-berlin.de>
NL,DE,H2,2045,117.603,,PJ,TYNDP 2022 - Annex C2,02.08.2024,Julian Bornemann <jb@wip.tu-berlin.de>
NL,BE,H2,2050,31.536,,PJ,TYNDP 2022 - Annex C2,02.08.2024,Julian Bornemann <jb@wip.tu-berlin.de>
NL,DE,H2,2050,117.603,,PJ,TYNDP 2022 - Annex C2,02.08.2024,Julian Bornemann <jb@wip.tu-berlin.de>
NL,BE,H2,2055,31.536,,PJ,same as 2050 for now,29.01.2025,Nikita Moskalenko <nim@wip.tu-berlin.de>
NL,DE,H2,2055,117.603,,PJ,same as 2050 for now,29.01.2025,Nikita Moskalenko <nim@wip.tu-berlin.de>
NL,BE,H2,2060,31.536,,PJ,same as 2050 for now,29.01.2025,Nikita Moskalenko <nim@wip.tu-berlin.de>
NL,DE,H2,2060,117.603,,PJ,same as 2050 for now,29.01.2025,Nikita Moskalenko <nim@wip.tu-berlin.de>
NO,BE,H2,2030,0.0,,PJ,TYNDP 2022 - Annex C2,02.08.2024,Julian Bornemann <jb@wip.tu-berlin.de>
NO,DE,H2,2030,543.996,,PJ,TYNDP 2022 - Annex C2,02.08.2024,Julian Bornemann <jb@wip.tu-berlin.de>
NO,BE,H2,2035,131.4,,PJ,TYNDP 2022 - Annex C2,02.08.2024,Julian Bornemann <jb@wip.tu-berlin.de>
NO,DE,H2,2035,0.0,,PJ,TYNDP 2022 - Annex C2,02.08.2024,Julian Bornemann <jb@wip.tu-berlin.de>
NO,BE,H2,2040,131.4,,PJ,TYNDP 2022 - Annex C2,02.08.2024,Julian Bornemann <jb@wip.tu-berlin.de>
NO,DE,H2,2040,0.0,,PJ,TYNDP 2022 - Annex C2,02.08.2024,Julian Bornemann <jb@wip.tu-berlin.de>
NO,BE,H2,2045,0.0,,PJ,TYNDP 2022 - Annex C2,02.08.2024,Julian Bornemann <jb@wip.tu-berlin.de>
NO,DE,H2,2045,0.0,,PJ,TYNDP 2022 - Annex C2,02.08.2024,Julian Bornemann <jb@wip.tu-berlin.de>
NO,BE,H2,2050,0.0,,PJ,TYNDP 2022 - Annex C2,02.08.2024,Julian Bornemann <jb@wip.tu-berlin.de>
NO,DE,H2,2050,0.0,,PJ,TYNDP 2022 - Annex C2,02.08.2024,Julian Bornemann <jb@wip.tu-berlin.de>
NO,BE,H2,2055,0.0,,PJ,same as 2050 for now,29.01.2025,Nikita Moskalenko <nim@wip.tu-berlin.de>
NO,DE,H2,2055,0.0,,PJ,same as 2050 for now,29.01.2025,Nikita Moskalenko <nim@wip.tu-berlin.de>
NO,BE,H2,2060,0.0,,PJ,same as 2050 for now,29.01.2025,Nikita Moskalenko <nim@wip.tu-berlin.de>
NO,DE,H2,2060,0.0,,PJ,same as 2050 for now,29.01.2025,Nikita Moskalenko <nim@wip.tu-berlin.de>
NONEU_Balkan,HR,H2,2030,140.9922,,PJ,TYNDP 2022 - Annex C2,02.08.2024,Julian Bornemann <jb@wip.tu-berlin.de>
NONEU_Balkan,HR,H2,2035,0.0,,PJ,TYNDP 2022 - Annex C2,02.08.2024,Julian Bornemann <jb@wip.tu-berlin.de>
NONEU_Balkan,HR,H2,2040,0.0,,PJ,TYNDP 2022 - Annex C2,02.08.2024,Julian Bornemann <jb@wip.tu-berlin.de>
NONEU_Balkan,HR,H2,2045,0.0,,PJ,TYNDP 2022 - Annex C2,02.08.2024,Julian Bornemann <jb@wip.tu-berlin.de>
NONEU_Balkan,HR,H2,2050,0.0,,PJ,TYNDP 2022 - Annex C2,02.08.2024,Julian Bornemann <jb@wip.tu-berlin.de>
NONEU_Balkan,HR,H2,2055,0.0,,PJ,same as 2050 for now,29.01.2025,Nikita Moskalenko <nim@wip.tu-berlin.de>
NONEU_Balkan,HR,H2,2060,0.0,,PJ,same as 2050 for now,29.01.2025,Nikita Moskalenko <nim@wip.tu-berlin.de>
PL,CZ,H2,2030,0.0,,PJ,TYNDP 2022 - Annex C2,02.08.2024,Julian Bornemann <jb@wip.tu-berlin.de>
PL,DE,H2,2030,262.8,,PJ,TYNDP 2022 - Annex C2,02.08.2024,Julian Bornemann <jb@wip.tu-berlin.de>
PL,LT,H2,2030,131.4,,PJ,TYNDP 2022 - Annex C2,02.08.2024,Julian Bornemann <jb@wip.tu-berlin.de>
PL,CZ,H2,2035,19.71,,PJ,TYNDP 2022 - Annex C2,02.08.2024,Julian Bornemann <jb@wip.tu-berlin.de>
PL,DE,H2,2035,0.0,,PJ,TYNDP 2022 - Annex C2,02.08.2024,Julian Bornemann <jb@wip.tu-berlin.de>
PL,LT,H2,2035,46.9815628,,PJ,TYNDP 2022 - Annex C2,02.08.2024,Julian Bornemann <jb@wip.tu-berlin.de>
PL,CZ,H2,2040,19.71,,PJ,TYNDP 2022 - Annex C2,02.08.2024,Julian Bornemann <jb@wip.tu-berlin.de>
PL,DE,H2,2040,0.0,,PJ,TYNDP 2022 - Annex C2,02.08.2024,Julian Bornemann <jb@wip.tu-berlin.de>
PL,LT,H2,2040,46.9815628,,PJ,TYNDP 2022 - Annex C2,02.08.2024,Julian Bornemann <jb@wip.tu-berlin.de>
PL,CZ,H2,2045,0.0,,PJ,TYNDP 2022 - Annex C2,02.08.2024,Julian Bornemann <jb@wip.tu-berlin.de>
PL,DE,H2,2045,17.83320066,,PJ,TYNDP 2022 - Annex C2,02.08.2024,Julian Bornemann <jb@wip.tu-berlin.de>
PL,LT,H2,2045,0.0,,PJ,TYNDP 2022 - Annex C2,02.08.2024,Julian Bornemann <jb@wip.tu-berlin.de>
PL,CZ,H2,2050,0.0,,PJ,TYNDP 2022 - Annex C2,02.08.2024,Julian Bornemann <jb@wip.tu-berlin.de>
PL,DE,H2,2050,17.83320066,,PJ,TYNDP 2022 - Annex C2,02.08.2024,Julian Bornemann <jb@wip.tu-berlin.de>
PL,LT,H2,2050,0.0,,PJ,TYNDP 2022 - Annex C2,02.08.2024,Julian Bornemann <jb@wip.tu-berlin.de>
PL,CZ,H2,2055,0.0,,PJ,same as 2050 for now,29.01.2025,Nikita Moskalenko <nim@wip.tu-berlin.de>
PL,DE,H2,2055,17.83320066,,PJ,same as 2050 for now,29.01.2025,Nikita Moskalenko <nim@wip.tu-berlin.de>
PL,LT,H2,2055,0.0,,PJ,same as 2050 for now,29.01.2025,Nikita Moskalenko <nim@wip.tu-berlin.de>
PL,CZ,H2,2060,0.0,,PJ,same as 2050 for now,29.01.2025,Nikita Moskalenko <nim@wip.tu-berlin.de>
PL,DE,H2,2060,17.83320066,,PJ,same as 2050 for now,29.01.2025,Nikita Moskalenko <nim@wip.tu-berlin.de>
PL,LT,H2,2060,0.0,,PJ,same as 2050 for now,29.01.2025,Nikita Moskalenko <nim@wip.tu-berlin.de>
PT,ES,H2,2030,106.434,,PJ,TYNDP 2022 - Annex C2,02.08.2024,Julian Bornemann <jb@wip.tu-berlin.de>
PT,ES,H2,2035,0.0,,PJ,TYNDP 2022 - Annex C2,02.08.2024,Julian Bornemann <jb@wip.tu-berlin.de>
PT,ES,H2,2040,0.0,,PJ,TYNDP 2022 - Annex C2,02.08.2024,Julian Bornemann <jb@wip.tu-berlin.de>
PT,ES,H2,2045,0.0,,PJ,TYNDP 2022 - Annex C2,02.08.2024,Julian Bornemann <jb@wip.tu-berlin.de>
PT,ES,H2,2050,0.0,,PJ,TYNDP 2022 - Annex C2,02.08.2024,Julian Bornemann <jb@wip.tu-berlin.de>
PT,ES,H2,2055,0.0,,PJ,same as 2050 for now,29.01.2025,Nikita Moskalenko <nim@wip.tu-berlin.de>
PT,ES,H2,2060,0.0,,PJ,same as 2050 for now,29.01.2025,Nikita Moskalenko <nim@wip.tu-berlin.de>
RO,BG,H2,2030,23.29722,,PJ,TYNDP 2022 - Annex C2,02.08.2024,Julian Bornemann <jb@wip.tu-berlin.de>
RO,HU,H2,2030,100.9152,,PJ,TYNDP 2022 - Annex C2,02.08.2024,Julian Bornemann <jb@wip.tu-berlin.de>
RO,BG,H2,2035,61.101,,PJ,TYNDP 2022 - Annex C2,02.08.2024,Julian Bornemann <jb@wip.tu-berlin.de>
RO,HU,H2,2035,50.4576,,PJ,TYNDP 2022 - Annex C2,02.08.2024,Julian Bornemann <jb@wip.tu-berlin.de>
RO,BG,H2,2040,61.101,,PJ,TYNDP 2022 - Annex C2,02.08.2024,Julian Bornemann <jb@wip.tu-berlin.de>
RO,HU,H2,2040,50.4576,,PJ,TYNDP 2022 - Annex C2,02.08.2024,Julian Bornemann <jb@wip.tu-berlin.de>
RO,BG,H2,2045,18.86433522,,PJ,TYNDP 2022 - Annex C2,02.08.2024,Julian Bornemann <jb@wip.tu-berlin.de>
RO,HU,H2,2045,0.0,,PJ,TYNDP 2022 - Annex C2,02.08.2024,Julian Bornemann <jb@wip.tu-berlin.de>
RO,BG,H2,2050,18.86433522,,PJ,TYNDP 2022 - Annex C2,02.08.2024,Julian Bornemann <jb@wip.tu-berlin.de>
RO,HU,H2,2050,0.0,,PJ,TYNDP 2022 - Annex C2,02.08.2024,Julian Bornemann <jb@wip.tu-berlin.de>
RO,BG,H2,2055,18.86433522,,PJ,same as 2050 for now,29.01.2025,Nikita Moskalenko <nim@wip.tu-berlin.de>
RO,HU,H2,2055,0.0,,PJ,same as 2050 for now,29.01.2025,Nikita Moskalenko <nim@wip.tu-berlin.de>
RO,BG,H2,2060,18.86433522,,PJ,same as 2050 for now,29.01.2025,Nikita Moskalenko <nim@wip.tu-berlin.de>
RO,HU,H2,2060,0.0,,PJ,same as 2050 for now,29.01.2025,Nikita Moskalenko <nim@wip.tu-berlin.de>
SE,FI,H2,2030,1195.74,,PJ,TYNDP 2022 - Annex C2,02.08.2024,Julian Bornemann <jb@wip.tu-berlin.de>
SE,FI,H2,2035,0.0,,PJ,TYNDP 2022 - Annex C2,02.08.2024,Julian Bornemann <jb@wip.tu-berlin.de>
SE,FI,H2,2040,0.0,,PJ,TYNDP 2022 - Annex C2,02.08.2024,Julian Bornemann <jb@wip.tu-berlin.de>
SE,FI,H2,2045,0.0,,PJ,TYNDP 2022 - Annex C2,02.08.2024,Julian Bornemann <jb@wip.tu-berlin.de>
SE,FI,H2,2050,0.0,,PJ,TYNDP 2022 - Annex C2,02.08.2024,Julian Bornemann <jb@wip.tu-berlin.de>
SE,FI,H2,2055,0.0,,PJ,same as 2050 for now,29.01.2025,Nikita Moskalenko <nim@wip.tu-berlin.de>
SE,FI,H2,2060,0.0,,PJ,same as 2050 for now,29.01.2025,Nikita Moskalenko <nim@wip.tu-berlin.de>
SI,AT,H2,2030,0.0,,PJ,TYNDP 2022 - Annex C2,02.08.2024,Julian Bornemann <jb@wip.tu-berlin.de>
SI,HR,H2,2030,0.0,,PJ,TYNDP 2022 - Annex C2,02.08.2024,Julian Bornemann <jb@wip.tu-berlin.de>
SI,HU,H2,2030,0.0,,PJ,TYNDP 2022 - Annex C2,02.08.2024,Julian Bornemann <jb@wip.tu-berlin.de>
SI,IT,H2,2030,0.0,,PJ,TYNDP 2022 - Annex C2,02.08.2024,Julian Bornemann <jb@wip.tu-berlin.de>
SI,AT,H2,2035,10.512,,PJ,TYNDP 2022 - Annex C2,02.08.2024,Julian Bornemann <jb@wip.tu-berlin.de>
SI,HR,H2,2035,21.681,,PJ,TYNDP 2022 - Annex C2,02.08.2024,Julian Bornemann <jb@wip.tu-berlin.de>
SI,HU,H2,2035,12.8772,,PJ,TYNDP 2022 - Annex C2,02.08.2024,Julian Bornemann <jb@wip.tu-berlin.de>
SI,IT,H2,2035,12.8772,,PJ,TYNDP 2022 - Annex C2,02.08.2024,Julian Bornemann <jb@wip.tu-berlin.de>
SI,AT,H2,2040,10.512,,PJ,TYNDP 2022 - Annex C2,02.08.2024,Julian Bornemann <jb@wip.tu-berlin.de>
SI,HR,H2,2040,21.681,,PJ,TYNDP 2022 - Annex C2,02.08.2024,Julian Bornemann <jb@wip.tu-berlin.de>
SI,HU,H2,2040,12.8772,,PJ,TYNDP 2022 - Annex C2,02.08.2024,Julian Bornemann <jb@wip.tu-berlin.de>
SI,IT,H2,2040,12.8772,,PJ,TYNDP 2022 - Annex C2,02.08.2024,Julian Bornemann <jb@wip.tu-berlin.de>
SI,AT,H2,2045,0.0,,PJ,TYNDP 2022 - Annex C2,02.08.2024,Julian Bornemann <jb@wip.tu-berlin.de>
SI,HR,H2,2045,0.0,,PJ,TYNDP 2022 - Annex C2,02.08.2024,Julian Bornemann <jb@wip.tu-berlin.de>
SI,HU,H2,2045,0.0,,PJ,TYNDP 2022 - Annex C2,02.08.2024,Julian Bornemann <jb@wip.tu-berlin.de>
SI,IT,H2,2045,0.0,,PJ,TYNDP 2022 - Annex C2,02.08.2024,Julian Bornemann <jb@wip.tu-berlin.de>
SI,AT,H2,2050,0.0,,PJ,TYNDP 2022 - Annex C2,02.08.2024,Julian Bornemann <jb@wip.tu-berlin.de>
SI,HR,H2,2050,0.0,,PJ,TYNDP 2022 - Annex C2,02.08.2024,Julian Bornemann <jb@wip.tu-berlin.de>
SI,HU,H2,2050,0.0,,PJ,TYNDP 2022 - Annex C2,02.08.2024,Julian Bornemann <jb@wip.tu-berlin.de>
SI,IT,H2,2050,0.0,,PJ,TYNDP 2022 - Annex C2,02.08.2024,Julian Bornemann <jb@wip.tu-berlin.de>
SI,AT,H2,2055,0.0,,PJ,same as 2050 for now,29.01.2025,Nikita Moskalenko <nim@wip.tu-berlin.de>
SI,HR,H2,2055,0.0,,PJ,same as 2050 for now,29.01.2025,Nikita Moskalenko <nim@wip.tu-berlin.de>
SI,HU,H2,2055,0.0,,PJ,same as 2050 for now,29.01.2025,Nikita Moskalenko <nim@wip.tu-berlin.de>
SI,IT,H2,2055,0.0,,PJ,same as 2050 for now,29.01.2025,Nikita Moskalenko <nim@wip.tu-berlin.de>
SI,AT,H2,2060,0.0,,PJ,same as 2050 for now,29.01.2025,Nikita Moskalenko <nim@wip.tu-berlin.de>
SI,HR,H2,2060,0.0,,PJ,same as 2050 for now,29.01.2025,Nikita Moskalenko <nim@wip.tu-berlin.de>
SI,HU,H2,2060,0.0,,PJ,same as 2050 for now,29.01.2025,Nikita Moskalenko <nim@wip.tu-berlin.de>
SI,IT,H2,2060,0.0,,PJ,same as 2050 for now,29.01.2025,Nikita Moskalenko <nim@wip.tu-berlin.de>
SK,AT,H2,2030,189.216,,PJ,TYNDP 2022 - Annex C2,02.08.2024,Julian Bornemann <jb@wip.tu-berlin.de>
SK,CZ,H2,2030,189.216,,PJ,TYNDP 2022 - Annex C2,02.08.2024,Julian Bornemann <jb@wip.tu-berlin.de>
SK,HU,H2,2030,131.4,,PJ,TYNDP 2022 - Annex C2,02.08.2024,Julian Bornemann <jb@wip.tu-berlin.de>
SK,AT,H2,2035,7.884,,PJ,TYNDP 2022 - Annex C2,02.08.2024,Julian Bornemann <jb@wip.tu-berlin.de>
SK,CZ,H2,2035,7.884,,PJ,TYNDP 2022 - Annex C2,02.08.2024,Julian Bornemann <jb@wip.tu-berlin.de>
SK,HU,H2,2035,65.7,,PJ,TYNDP 2022 - Annex C2,02.08.2024,Julian Bornemann <jb@wip.tu-berlin.de>
SK,AT,H2,2040,7.884,,PJ,TYNDP 2022 - Annex C2,02.08.2024,Julian Bornemann <jb@wip.tu-berlin.de>
SK,CZ,H2,2040,7.884,,PJ,TYNDP 2022 - Annex C2,02.08.2024,Julian Bornemann <jb@wip.tu-berlin.de>
SK,HU,H2,2040,65.7,,PJ,TYNDP 2022 - Annex C2,02.08.2024,Julian Bornemann <jb@wip.tu-berlin.de>
SK,AT,H2,2045,0.0,,PJ,TYNDP 2022 - Annex C2,02.08.2024,Julian Bornemann <jb@wip.tu-berlin.de>
SK,CZ,H2,2045,0.0,,PJ,TYNDP 2022 - Annex C2,02.08.2024,Julian Bornemann <jb@wip.tu-berlin.de>
SK,HU,H2,2045,0.0,,PJ,TYNDP 2022 - Annex C2,02.08.2024,Julian Bornemann <jb@wip.tu-berlin.de>
SK,AT,H2,2050,0.0,,PJ,TYNDP 2022 - Annex C2,02.08.2024,Julian Bornemann <jb@wip.tu-berlin.de>
SK,CZ,H2,2050,0.0,,PJ,TYNDP 2022 - Annex C2,02.08.2024,Julian Bornemann <jb@wip.tu-berlin.de>
SK,HU,H2,2050,0.0,,PJ,TYNDP 2022 - Annex C2,02.08.2024,Julian Bornemann <jb@wip.tu-berlin.de>
SK,AT,H2,2055,0.0,,PJ,same as 2050 for now,29.01.2025,Nikita Moskalenko <nim@wip.tu-berlin.de>
SK,CZ,H2,2055,0.0,,PJ,same as 2050 for now,29.01.2025,Nikita Moskalenko <nim@wip.tu-berlin.de>
SK,HU,H2,2055,0.0,,PJ,same as 2050 for now,29.01.2025,Nikita Moskalenko <nim@wip.tu-berlin.de>
SK,AT,H2,2060,0.0,,PJ,same as 2050 for now,29.01.2025,Nikita Moskalenko <nim@wip.tu-berlin.de>
SK,CZ,H2,2060,0.0,,PJ,same as 2050 for now,29.01.2025,Nikita Moskalenko <nim@wip.tu-berlin.de>
SK,HU,H2,2060,0.0,,PJ,same as 2050 for now,29.01.2025,Nikita Moskalenko <nim@wip.tu-berlin.de>
UK,BE,H2,2030,0.0,,PJ,TYNDP 2022 - Annex C2,02.08.2024,Julian Bornemann <jb@wip.tu-berlin.de>
UK,IE,H2,2030,0.0,,PJ,TYNDP 2022 - Annex C2,02.08.2024,Julian Bornemann <jb@wip.tu-berlin.de>
UK,BE,H2,2035,131.4,,PJ,TYNDP 2022 - Annex C2,02.08.2024,Julian Bornemann <jb@wip.tu-berlin.de>
UK,IE,H2,2035,5.219967492,,PJ,TYNDP 2022 - Annex C2,02.08.2024,Julian Bornemann <jb@wip.tu-berlin.de>
UK,BE,H2,2040,131.4,,PJ,TYNDP 2022 - Annex C2,02.08.2024,Julian Bornemann <jb@wip.tu-berlin.de>
UK,IE,H2,2040,5.219967492,,PJ,TYNDP 2022 - Annex C2,02.08.2024,Julian Bornemann <jb@wip.tu-berlin.de>
UK,BE,H2,2045,0.0,,PJ,TYNDP 2022 - Annex C2,02.08.2024,Julian Bornemann <jb@wip.tu-berlin.de>
UK,IE,H2,2045,13.53364089,,PJ,TYNDP 2022 - Annex C2,02.08.2024,Julian Bornemann <jb@wip.tu-berlin.de>
UK,BE,H2,2050,0.0,,PJ,TYNDP 2022 - Annex C2,02.08.2024,Julian Bornemann <jb@wip.tu-berlin.de>
UK,IE,H2,2050,13.53364089,,PJ,TYNDP 2022 - Annex C2,02.08.2024,Julian Bornemann <jb@wip.tu-berlin.de>
UK,BE,H2,2055,0.0,,PJ,same as 2050 for now,29.01.2025,Nikita Moskalenko <nim@wip.tu-berlin.de>
UK,IE,H2,2055,13.53364089,,PJ,same as 2050 for now,29.01.2025,Nikita Moskalenko <nim@wip.tu-berlin.de>
UK,BE,H2,2060,0.0,,PJ,same as 2050 for now,29.01.2025,Nikita Moskalenko <nim@wip.tu-berlin.de>
UK,IE,H2,2060,13.53364089,,PJ,same as 2050 for now,29.01.2025,Nikita Moskalenko <nim@wip.tu-berlin.de>
