Region,Technology,Mode_of_operation,Emission,Year,Value,,Unit,Source,Updated at,Updated by
World,CHP_Coal_Hardcoal,1,CO2,2018,1,,Fraction,,,
World,CHP_Coal_Lignite,1,CO2,2018,1,,Fraction,,,
World,FRT_Rail_Conv,1,CO2,2018,1,,Fraction,,,
World,FRT_Road_ICE,1,CO2,2018,1,,Fraction,,,
World,FRT_Road_ICE,2,CO2,2018,0,,Fraction,,,
World,FRT_Road_PHEV,1,CO2,2018,1,,Fraction,,,
World,FRT_Road_PHEV,2,CO2,2018,0,,Fraction,,,
World,FRT_Ship_Conv,1,CO2,2018,1,,Fraction,,,
World,P_Coal_Hardcoal,1,CO2,2018,1,,Fraction,,,
World,P_Coal_Lignite,1,CO2,2018,1,,Fraction,,,
World,P_Oil,1,CO2,2018,1,,Fraction,,,
World,PSNG_Air_Conv,1,CO2,2018,1,,Fraction,,,
World,PSNG_Rail_Conv,1,CO2,2018,1,,Fraction,,,
World,PSNG_Road_ICE,1,CO2,2018,1,,Fraction,,,
World,PSNG_Road_ICE,2,CO2,2018,0,,Fraction,,,
World,PSNG_Road_PHEV,1,CO2,2018,1,,Fraction,,,
World,PSNG_Road_PHEV,2,CO2,2018,0,,Fraction,,,
World,P_Biomass_CCS,1,CO2,2018,-0.7,,Fraction,,,
World,HB_Gas_Boiler,1,CO2,2018,1,,Fraction,,,
World,HB_Hardcoal,1,CO2,2018,1,,Fraction,,,
World,HB_Lignite,1,CO2,2018,1,,Fraction,,,
World,HB_Oil_Boiler,1,CO2,2018,1,,Fraction,,,
World,HLI_Gas_Boiler,1,CO2,2018,1,,Fraction,,,
World,HLI_Hardcoal,1,CO2,2018,1,,Fraction,,,
World,HLI_Lignite,1,CO2,2018,1,,Fraction,,,
World,HLI_Oil_Boiler,1,CO2,2018,1,,Fraction,,,
World,HMHI_Gas,1,CO2,2018,1,,Fraction,,,
World,HMHI_HardCoal,1,CO2,2018,1,,Fraction,,,
World,HMHI_Oil,1,CO2,2018,1,,Fraction,,,
World,HHI_BF_BOF,1,CO2,2018,1,,Fraction,,,
World,HHI_BF_BOF,2,CO2,2018,1,,Fraction,,,
World,HHI_BF_BOF,3,CO2,2018,1,,Fraction,,,
World,HHI_BF_BOF,4,CO2,2018,1,,Fraction,,,
World,HHI_DRI_EAF,1,CO2,2018,1,,Fraction,,,
World,HHI_Bio_BF_BOF,1,CO2,2018,1,,Fraction,,,
World,HHI_BF_BOF_CCS,1,CO2,2018,0.12,,Fraction,,,
World,HHI_BF_BOF_CCS,2,CO2,2018,0.12,,Fraction,,,
World,HHI_BF_BOF_CCS,3,CO2,2018,0.12,,Fraction,,,
World,HHI_BF_BOF_CCS,4,CO2,2018,0.12,,Fraction,,,
World,HHI_DRI_EAF_CCS,1,CO2,2018,0.12,,Fraction,,,
World,HMHI_Gas_CCS,1,CO2,2018,0.12,,Fraction,,,
World,HMHI_HardCoal_CCS,1,CO2,2018,0.12,,Fraction,,,
World,P_Coal_Hardcoal_CCS,1,CO2,2018,0.12,,Fraction,,,
World,P_Coal_Lignite_CCS,1,CO2,2018,0.12,,Fraction,,,
World,P_Gas_CCS,1,CO2,2018,0.12,,Fraction,,,
World,X_SMR,1,CO2,2018,1,,Fraction,,,
World,X_ATR_CCS,1,CO2,2018,0.059,,Fraction,H21 North of England (2018) Section 3 Table 3.13,01.02.2024,Stian Backe <stian.backe@sintef.no>
DE,FRT_Rail_Conv,1,CO2,2018,1,,Fraction,,,
DE,FRT_Road_ICE,1,CO2,2018,1,,Fraction,,,
DE,FRT_Road_ICE,2,CO2,2018,0,,Fraction,,,
DE,FRT_Road_PHEV,1,CO2,2018,1,,Fraction,,,
DE,FRT_Road_PHEV,2,CO2,2018,0,,Fraction,,,
DE,FRT_Ship_Conv,1,CO2,2018,1,,Fraction,,,
DE,P_Coal_Hardcoal,1,CO2,2018,1,,Fraction,,,
DE,P_Coal_Lignite,1,CO2,2018,1,,Fraction,,,
DE,P_Oil,1,CO2,2018,1,,Fraction,,,
DE,PSNG_Air_Conv,1,CO2,2018,1,,Fraction,,,
DE,PSNG_Rail_Conv,1,CO2,2018,1,,Fraction,,,
DE,PSNG_Road_ICE,1,CO2,2018,1,,Fraction,,,
DE,PSNG_Road_ICE,2,CO2,2018,0,,Fraction,,,
DE,PSNG_Road_PHEV,1,CO2,2018,1,,Fraction,,,
DE,PSNG_Road_PHEV,2,CO2,2018,0,,Fraction,,,
DE,P_Biomass_CCS,1,CO2,2018,-0.7,,Fraction,,,
DE,HB_Gas_Boiler,1,CO2,2018,1,,Fraction,,,
DE,HB_Hardcoal,1,CO2,2018,1,,Fraction,,,
DE,HB_Lignite,1,CO2,2018,1,,Fraction,,,
DE,HB_Oil_Boiler,1,CO2,2018,1,,Fraction,,,
DE,HLI_Gas_Boiler,1,CO2,2018,1,,Fraction,,,
DE,HLI_Hardcoal,1,CO2,2018,1,,Fraction,,,
DE,HLI_Lignite,1,CO2,2018,1,,Fraction,,,
DE,HLI_Oil_Boiler,1,CO2,2018,1,,Fraction,,,
DE,HMHI_Gas,1,CO2,2018,1,,Fraction,,,
DE,HMHI_HardCoal,1,CO2,2018,1,,Fraction,,,
DE,HMHI_Oil,1,CO2,2018,1,,Fraction,,,
DE,HHI_BF_BOF,1,CO2,2018,1,,Fraction,,,
DE,HHI_BF_BOF,2,CO2,2018,1,,Fraction,,,
DE,HHI_BF_BOF,3,CO2,2018,1,,Fraction,,,
DE,HHI_BF_BOF,4,CO2,2018,1,,Fraction,,,
DE,HHI_DRI_EAF,1,CO2,2018,1,,Fraction,,,
DE,HHI_Bio_BF_BOF,1,CO2,2018,1,,Fraction,,,
DE,HHI_BF_BOF_CCS,1,CO2,2018,0.12,,Fraction,,,
DE,HHI_BF_BOF_CCS,2,CO2,2018,0.12,,Fraction,,,
DE,HHI_BF_BOF_CCS,3,CO2,2018,0.12,,Fraction,,,
DE,HHI_BF_BOF_CCS,4,CO2,2018,0.12,,Fraction,,,
DE,HHI_DRI_EAF_CCS,1,CO2,2018,0.12,,Fraction,,,
DE,HMHI_Gas_CCS,1,CO2,2018,0.12,,Fraction,,,
DE,HMHI_HardCoal_CCS,1,CO2,2018,0.12,,Fraction,,,
DE,P_Coal_Hardcoal_CCS,1,CO2,2018,0.12,,Fraction,,,
DE,P_Coal_Lignite_CCS,1,CO2,2018,0.12,,Fraction,,,
DE,P_Gas_CCS,1,CO2,2018,0.12,,Fraction,,,
DE,X_SMR,1,CO2,2018,1,,Fraction,,,
DE,X_ATR_CCS,1,CO2,2018,0.059,,Fraction,H21 North of England (2018) Section 3 Table 3.13,01.02.2024,Stian Backe <stian.backe@sintef.no>
DE,FRT_Road_LNG,1,CO2,2018,1,,Fraction,,,
DE,FRT_Ship_LNG,1,CO2,2018,1,,Fraction,,,
DE,PSNG_Road_LNG,1,CO2,2018,1,,Fraction,,,
DE,X_DAC_LT,1,CO2,2018,-1,,Fraction,,,
DE,X_DAC_HT,1,CO2,2018,-1,,Fraction,,,
DE,Z_ETS_Sell,1,CO2,2018,1,,Fraction,,,
DE,Z_ETS_Buy,1,CO2,2018,-1,,Fraction,,,
DE,CHP_Biomass_Solid,1,CO2,2018,0,,Fraction,,,
DE,CHP_Coal_Hardcoal,1,CO2,2018,1,,Fraction,,,
DE,CHP_Coal_Lignite,1,CO2,2018,1,,Fraction,,,
DE,CHP_Gas_CCGT_Natural,1,CO2,2018,1,,Fraction,,,
DE,CHP_Gas_CCGT_Biogas,1,CO2,2018,0,,Fraction,,,
DE,CHP_Gas_CCGT_SynGas,1,CO2,2018,0,,Fraction,,,
DE,CHP_Hydrogen_FuelCell,1,CO2,2018,0,,Fraction,,,
DE,CHP_Biomass_Solid_CCS,1,CO2,2018,-0.88,,Fraction,,,
DE,CHP_Coal_Hardcoal_CCS,1,CO2,2018,0.12,,Fraction,,,
DE,CHP_Coal_Lignite_CCS,1,CO2,2018,0.12,,Fraction,,,
DE,CHP_Gas_CCGT_Natural_CCS,1,CO2,2018,0.12,,Fraction,,,
DE,CHP_Gas_CCGT_Biogas_CCS,1,CO2,2018,-0.88,,Fraction,,,
DE,CHP_Biomass_Solid,2,CO2,2018,0,,Fraction,,,
DE,CHP_Coal_Hardcoal,2,CO2,2018,1,,Fraction,,,
DE,CHP_Coal_Lignite,2,CO2,2018,1,,Fraction,,,
DE,CHP_Gas_CCGT_Natural,2,CO2,2018,1,,Fraction,,,
DE,CHP_Gas_CCGT_Biogas,2,CO2,2018,0,,Fraction,,,
DE,CHP_Gas_CCGT_SynGas,2,CO2,2018,0,,Fraction,,,
DE,CHP_Hydrogen_FuelCell,2,CO2,2018,0,,Fraction,,,
DE,CHP_Biomass_Solid_CCS,2,CO2,2018,-0.88,,Fraction,,,
DE,CHP_Coal_Hardcoal_CCS,2,CO2,2018,0.12,,Fraction,,,
DE,CHP_Coal_Lignite_CCS,2,CO2,2018,0.12,,Fraction,,,
DE,CHP_Gas_CCGT_Natural_CCS,2,CO2,2018,0.12,,Fraction,,,
DE,CHP_Gas_CCGT_Biogas_CCS,2,CO2,2018,-0.88,,Fraction,,,
DE,CHP_Oil,1,CO2,2018,1,,Fraction,,,
DE,CHP_Oil,2,CO2,2018,1,,Fraction,,,
DE,P_Gas_CCGT,1,CO2,2018,1,,Fraction,,,
DE,P_Gas_OCGT,1,CO2,2018,1,,Fraction,,,
DE,P_Gas_Engines,1,CO2,2018,1,,Fraction,,,
World,CHP_Coal_Hardcoal,1,CO2,2020,1,,Fraction,,,
World,CHP_Coal_Lignite,1,CO2,2020,1,,Fraction,,,
World,FRT_Rail_Conv,1,CO2,2020,1,,Fraction,,,
World,FRT_Road_ICE,1,CO2,2020,1,,Fraction,,,
World,FRT_Road_ICE,2,CO2,2020,0,,Fraction,,,
World,FRT_Road_PHEV,1,CO2,2020,1,,Fraction,,,
World,FRT_Road_PHEV,2,CO2,2020,0,,Fraction,,,
World,FRT_Ship_Conv,1,CO2,2020,1,,Fraction,,,
World,P_Coal_Hardcoal,1,CO2,2020,1,,Fraction,,,
World,P_Coal_Lignite,1,CO2,2020,1,,Fraction,,,
World,P_Oil,1,CO2,2020,1,,Fraction,,,
World,PSNG_Air_Conv,1,CO2,2020,1,,Fraction,,,
World,PSNG_Rail_Conv,1,CO2,2020,1,,Fraction,,,
World,PSNG_Road_ICE,1,CO2,2020,1,,Fraction,,,
World,PSNG_Road_ICE,2,CO2,2020,0,,Fraction,,,
World,PSNG_Road_PHEV,1,CO2,2020,1,,Fraction,,,
World,PSNG_Road_PHEV,2,CO2,2020,0,,Fraction,,,
World,P_Biomass_CCS,1,CO2,2020,-0.7,,Fraction,,,
World,HB_Gas_Boiler,1,CO2,2020,1,,Fraction,,,
World,HB_Hardcoal,1,CO2,2020,1,,Fraction,,,
World,HB_Lignite,1,CO2,2020,1,,Fraction,,,
World,HB_Oil_Boiler,1,CO2,2020,1,,Fraction,,,
World,HLI_Gas_Boiler,1,CO2,2020,1,,Fraction,,,
World,HLI_Hardcoal,1,CO2,2020,1,,Fraction,,,
World,HLI_Lignite,1,CO2,2020,1,,Fraction,,,
World,HLI_Oil_Boiler,1,CO2,2020,1,,Fraction,,,
World,HMHI_Gas,1,CO2,2020,1,,Fraction,,,
World,HMHI_HardCoal,1,CO2,2020,1,,Fraction,,,
World,HMHI_Oil,1,CO2,2020,1,,Fraction,,,
World,HHI_BF_BOF,1,CO2,2020,1,,Fraction,,,
World,HHI_BF_BOF,2,CO2,2020,1,,Fraction,,,
World,HHI_BF_BOF,3,CO2,2020,1,,Fraction,,,
World,HHI_BF_BOF,4,CO2,2020,1,,Fraction,,,
World,HHI_DRI_EAF,1,CO2,2020,1,,Fraction,,,
World,HHI_Bio_BF_BOF,1,CO2,2020,1,,Fraction,,,
World,HHI_BF_BOF_CCS,1,CO2,2020,0.093333333,,Fraction,,,
World,HHI_BF_BOF_CCS,2,CO2,2020,0.093333333,,Fraction,,,
World,HHI_BF_BOF_CCS,3,CO2,2020,0.093333333,,Fraction,,,
World,HHI_BF_BOF_CCS,4,CO2,2020,0.093333333,,Fraction,,,
World,HHI_DRI_EAF_CCS,1,CO2,2020,0.093333333,,Fraction,,,
World,HMHI_Gas_CCS,1,CO2,2020,0.093333333,,Fraction,,,
World,HMHI_HardCoal_CCS,1,CO2,2020,0.093333333,,Fraction,,,
World,P_Coal_Hardcoal_CCS,1,CO2,2020,0.093333333,,Fraction,,,
World,P_Coal_Lignite_CCS,1,CO2,2020,0.12,,Fraction,,,
World,P_Gas_CCS,1,CO2,2020,0.093333333,,Fraction,,,
World,X_SMR,1,CO2,2020,1,,Fraction,,,
World,X_ATR_CCS,1,CO2,2020,0.059,,Fraction,H21 North of England (2018) Section 3 Table 3.13,01.02.2024,Stian Backe <stian.backe@sintef.no>
DE,FRT_Rail_Conv,1,CO2,2020,1,,Fraction,,,
DE,FRT_Road_ICE,1,CO2,2020,1,,Fraction,,,
DE,FRT_Road_ICE,2,CO2,2020,0,,Fraction,,,
DE,FRT_Road_PHEV,1,CO2,2020,1,,Fraction,,,
DE,FRT_Road_PHEV,2,CO2,2020,0,,Fraction,,,
DE,FRT_Ship_Conv,1,CO2,2020,1,,Fraction,,,
DE,P_Coal_Hardcoal,1,CO2,2020,1,,Fraction,,,
DE,P_Coal_Lignite,1,CO2,2020,1,,Fraction,,,
DE,P_Oil,1,CO2,2020,1,,Fraction,,,
DE,PSNG_Air_Conv,1,CO2,2020,1,,Fraction,,,
DE,PSNG_Rail_Conv,1,CO2,2020,1,,Fraction,,,
DE,PSNG_Road_ICE,1,CO2,2020,1,,Fraction,,,
DE,PSNG_Road_ICE,2,CO2,2020,0,,Fraction,,,
DE,PSNG_Road_PHEV,1,CO2,2020,1,,Fraction,,,
DE,PSNG_Road_PHEV,2,CO2,2020,0,,Fraction,,,
DE,P_Biomass_CCS,1,CO2,2020,-0.7,,Fraction,,,
DE,HB_Gas_Boiler,1,CO2,2020,1,,Fraction,,,
DE,HB_Hardcoal,1,CO2,2020,1,,Fraction,,,
DE,HB_Lignite,1,CO2,2020,1,,Fraction,,,
DE,HB_Oil_Boiler,1,CO2,2020,1,,Fraction,,,
DE,HLI_Gas_Boiler,1,CO2,2020,1,,Fraction,,,
DE,HLI_Hardcoal,1,CO2,2020,1,,Fraction,,,
DE,HLI_Lignite,1,CO2,2020,1,,Fraction,,,
DE,HLI_Oil_Boiler,1,CO2,2020,1,,Fraction,,,
DE,HMHI_Gas,1,CO2,2020,1,,Fraction,,,
DE,HMHI_HardCoal,1,CO2,2020,1,,Fraction,,,
DE,HMHI_Oil,1,CO2,2020,1,,Fraction,,,
DE,HHI_BF_BOF,1,CO2,2020,1,,Fraction,,,
DE,HHI_BF_BOF,2,CO2,2020,1,,Fraction,,,
DE,HHI_BF_BOF,3,CO2,2020,1,,Fraction,,,
DE,HHI_BF_BOF,4,CO2,2020,1,,Fraction,,,
DE,HHI_DRI_EAF,1,CO2,2020,1,,Fraction,,,
DE,HHI_Bio_BF_BOF,1,CO2,2020,1,,Fraction,,,
DE,HHI_BF_BOF_CCS,1,CO2,2020,0.12,,Fraction,,,
DE,HHI_BF_BOF_CCS,2,CO2,2020,0.12,,Fraction,,,
DE,HHI_BF_BOF_CCS,3,CO2,2020,0.12,,Fraction,,,
DE,HHI_BF_BOF_CCS,4,CO2,2020,0.12,,Fraction,,,
DE,HHI_DRI_EAF_CCS,1,CO2,2020,0.12,,Fraction,,,
DE,HMHI_Gas_CCS,1,CO2,2020,0.12,,Fraction,,,
DE,HMHI_HardCoal_CCS,1,CO2,2020,0.12,,Fraction,,,
DE,P_Coal_Hardcoal_CCS,1,CO2,2020,0.12,,Fraction,,,
DE,P_Coal_Lignite_CCS,1,CO2,2020,0.12,,Fraction,,,
DE,P_Gas_CCS,1,CO2,2020,0.12,,Fraction,,,
DE,X_SMR,1,CO2,2020,1,,Fraction,,,
DE,X_ATR_CCS,1,CO2,2020,0.059,,Fraction,H21 North of England (2018) Section 3 Table 3.13,01.02.2024,Stian Backe <stian.backe@sintef.no>
DE,FRT_Road_LNG,1,CO2,2020,1,,Fraction,,,
DE,FRT_Ship_LNG,1,CO2,2020,1,,Fraction,,,
DE,PSNG_Road_LNG,1,CO2,2020,1,,Fraction,,,
DE,X_DAC_LT,1,CO2,2020,-1,,Fraction,,,
DE,X_DAC_HT,1,CO2,2020,-1,,Fraction,,,
DE,Z_ETS_Sell,1,CO2,2020,1,,Fraction,,,
DE,Z_ETS_Buy,1,CO2,2020,-1,,Fraction,,,
DE,CHP_Biomass_Solid,1,CO2,2020,0,,Fraction,,,
DE,CHP_Coal_Hardcoal,1,CO2,2020,1,,Fraction,,,
DE,CHP_Coal_Lignite,1,CO2,2020,1,,Fraction,,,
DE,CHP_Gas_CCGT_Natural,1,CO2,2020,1,,Fraction,,,
DE,CHP_Gas_CCGT_Biogas,1,CO2,2020,0,,Fraction,,,
DE,CHP_Gas_CCGT_SynGas,1,CO2,2020,0,,Fraction,,,
DE,CHP_Hydrogen_FuelCell,1,CO2,2020,0,,Fraction,,,
DE,CHP_Biomass_Solid_CCS,1,CO2,2020,-0.88,,Fraction,,,
DE,CHP_Coal_Hardcoal_CCS,1,CO2,2020,0.12,,Fraction,,,
DE,CHP_Coal_Lignite_CCS,1,CO2,2020,0.12,,Fraction,,,
DE,CHP_Gas_CCGT_Natural_CCS,1,CO2,2020,0.12,,Fraction,,,
DE,CHP_Gas_CCGT_Biogas_CCS,1,CO2,2020,-0.88,,Fraction,,,
DE,CHP_Biomass_Solid,2,CO2,2020,0,,Fraction,,,
DE,CHP_Coal_Hardcoal,2,CO2,2020,1,,Fraction,,,
DE,CHP_Coal_Lignite,2,CO2,2020,1,,Fraction,,,
DE,CHP_Gas_CCGT_Natural,2,CO2,2020,1,,Fraction,,,
DE,CHP_Gas_CCGT_Biogas,2,CO2,2020,0,,Fraction,,,
DE,CHP_Gas_CCGT_SynGas,2,CO2,2020,0,,Fraction,,,
DE,CHP_Hydrogen_FuelCell,2,CO2,2020,0,,Fraction,,,
DE,CHP_Biomass_Solid_CCS,2,CO2,2020,-0.88,,Fraction,,,
DE,CHP_Coal_Hardcoal_CCS,2,CO2,2020,0.12,,Fraction,,,
DE,CHP_Coal_Lignite_CCS,2,CO2,2020,0.12,,Fraction,,,
DE,CHP_Gas_CCGT_Natural_CCS,2,CO2,2020,0.12,,Fraction,,,
DE,CHP_Gas_CCGT_Biogas_CCS,2,CO2,2020,-0.88,,Fraction,,,
DE,CHP_Oil,1,CO2,2020,1,,Fraction,,,
DE,CHP_Oil,2,CO2,2020,1,,Fraction,,,
DE,P_Gas_CCGT,1,CO2,2020,1,,Fraction,,,
DE,P_Gas_OCGT,1,CO2,2020,1,,Fraction,,,
DE,P_Gas_Engines,1,CO2,2020,1,,Fraction,,,
World,CHP_Coal_Hardcoal,1,CO2,2025,1,,Fraction,,,
World,CHP_Coal_Lignite,1,CO2,2025,1,,Fraction,,,
World,FRT_Rail_Conv,1,CO2,2025,1,,Fraction,,,
World,FRT_Road_ICE,1,CO2,2025,1,,Fraction,,,
World,FRT_Road_ICE,2,CO2,2025,0,,Fraction,,,
World,FRT_Road_PHEV,1,CO2,2025,1,,Fraction,,,
World,FRT_Road_PHEV,2,CO2,2025,0,,Fraction,,,
World,FRT_Ship_Conv,1,CO2,2025,1,,Fraction,,,
World,P_Coal_Hardcoal,1,CO2,2025,1,,Fraction,,,
World,P_Coal_Lignite,1,CO2,2025,1,,Fraction,,,
World,P_Oil,1,CO2,2025,1,,Fraction,,,
World,PSNG_Air_Conv,1,CO2,2025,1,,Fraction,,,
World,PSNG_Rail_Conv,1,CO2,2025,1,,Fraction,,,
World,PSNG_Road_ICE,1,CO2,2025,1,,Fraction,,,
World,PSNG_Road_ICE,2,CO2,2025,0,,Fraction,,,
World,PSNG_Road_PHEV,1,CO2,2025,1,,Fraction,,,
World,PSNG_Road_PHEV,2,CO2,2025,0,,Fraction,,,
World,P_Biomass_CCS,1,CO2,2025,-0.7,,Fraction,,,
World,HB_Gas_Boiler,1,CO2,2025,1,,Fraction,,,
World,HB_Hardcoal,1,CO2,2025,1,,Fraction,,,
World,HB_Lignite,1,CO2,2025,1,,Fraction,,,
World,HB_Oil_Boiler,1,CO2,2025,1,,Fraction,,,
World,HLI_Gas_Boiler,1,CO2,2025,1,,Fraction,,,
World,HLI_Hardcoal,1,CO2,2025,1,,Fraction,,,
World,HLI_Lignite,1,CO2,2025,1,,Fraction,,,
World,HLI_Oil_Boiler,1,CO2,2025,1,,Fraction,,,
World,HMHI_Gas,1,CO2,2025,1,,Fraction,,,
World,HMHI_HardCoal,1,CO2,2025,1,,Fraction,,,
World,HMHI_Oil,1,CO2,2025,1,,Fraction,,,
World,HHI_BF_BOF,1,CO2,2025,1,,Fraction,,,
World,HHI_BF_BOF,2,CO2,2025,1,,Fraction,,,
World,HHI_BF_BOF,3,CO2,2025,1,,Fraction,,,
World,HHI_BF_BOF,4,CO2,2025,1,,Fraction,,,
World,HHI_DRI_EAF,1,CO2,2025,1,,Fraction,,,
World,HHI_Bio_BF_BOF,1,CO2,2025,1,,Fraction,,,
World,HHI_BF_BOF_CCS,1,CO2,2025,0.084444444,,Fraction,,,
World,HHI_BF_BOF_CCS,2,CO2,2025,0.084444444,,Fraction,,,
World,HHI_BF_BOF_CCS,3,CO2,2025,0.084444444,,Fraction,,,
World,HHI_BF_BOF_CCS,4,CO2,2025,0.084444444,,Fraction,,,
World,HHI_DRI_EAF_CCS,1,CO2,2025,0.084444444,,Fraction,,,
World,HMHI_Gas_CCS,1,CO2,2025,0.084444444,,Fraction,,,
World,HMHI_HardCoal_CCS,1,CO2,2025,0.084444444,,Fraction,,,
World,P_Coal_Hardcoal_CCS,1,CO2,2025,0.084444444,,Fraction,,,
World,P_Coal_Lignite_CCS,1,CO2,2025,0.12,,Fraction,,,
World,P_Gas_CCS,1,CO2,2025,0.084444444,,Fraction,,,
World,X_SMR,1,CO2,2025,1,,Fraction,,,
World,X_ATR_CCS,1,CO2,2025,0.059,,Fraction,H21 North of England (2018) Section 3 Table 3.13,01.02.2024,Stian Backe <stian.backe@sintef.no>
DE,FRT_Rail_Conv,1,CO2,2025,1,,Fraction,,,
DE,FRT_Road_ICE,1,CO2,2025,1,,Fraction,,,
DE,FRT_Road_ICE,2,CO2,2025,0,,Fraction,,,
DE,FRT_Road_PHEV,1,CO2,2025,1,,Fraction,,,
DE,FRT_Road_PHEV,2,CO2,2025,0,,Fraction,,,
DE,FRT_Ship_Conv,1,CO2,2025,1,,Fraction,,,
DE,P_Coal_Hardcoal,1,CO2,2025,1,,Fraction,,,
DE,P_Coal_Lignite,1,CO2,2025,1,,Fraction,,,
DE,P_Oil,1,CO2,2025,1,,Fraction,,,
DE,PSNG_Air_Conv,1,CO2,2025,1,,Fraction,,,
DE,PSNG_Rail_Conv,1,CO2,2025,1,,Fraction,,,
DE,PSNG_Road_ICE,1,CO2,2025,1,,Fraction,,,
DE,PSNG_Road_ICE,2,CO2,2025,0,,Fraction,,,
DE,PSNG_Road_PHEV,1,CO2,2025,1,,Fraction,,,
DE,PSNG_Road_PHEV,2,CO2,2025,0,,Fraction,,,
DE,P_Biomass_CCS,1,CO2,2025,-0.7,,Fraction,,,
DE,HB_Gas_Boiler,1,CO2,2025,1,,Fraction,,,
DE,HB_Hardcoal,1,CO2,2025,1,,Fraction,,,
DE,HB_Lignite,1,CO2,2025,1,,Fraction,,,
DE,HB_Oil_Boiler,1,CO2,2025,1,,Fraction,,,
DE,HLI_Gas_Boiler,1,CO2,2025,1,,Fraction,,,
DE,HLI_Hardcoal,1,CO2,2025,1,,Fraction,,,
DE,HLI_Lignite,1,CO2,2025,1,,Fraction,,,
DE,HLI_Oil_Boiler,1,CO2,2025,1,,Fraction,,,
DE,HMHI_Gas,1,CO2,2025,1,,Fraction,,,
DE,HMHI_HardCoal,1,CO2,2025,1,,Fraction,,,
DE,HMHI_Oil,1,CO2,2025,1,,Fraction,,,
DE,HHI_BF_BOF,1,CO2,2025,1,,Fraction,,,
DE,HHI_BF_BOF,2,CO2,2025,1,,Fraction,,,
DE,HHI_BF_BOF,3,CO2,2025,1,,Fraction,,,
DE,HHI_BF_BOF,4,CO2,2025,1,,Fraction,,,
DE,HHI_DRI_EAF,1,CO2,2025,1,,Fraction,,,
DE,HHI_Bio_BF_BOF,1,CO2,2025,1,,Fraction,,,
DE,HHI_BF_BOF_CCS,1,CO2,2025,0.12,,Fraction,,,
DE,HHI_BF_BOF_CCS,2,CO2,2025,0.12,,Fraction,,,
DE,HHI_BF_BOF_CCS,3,CO2,2025,0.12,,Fraction,,,
DE,HHI_BF_BOF_CCS,4,CO2,2025,0.12,,Fraction,,,
DE,HHI_DRI_EAF_CCS,1,CO2,2025,0.12,,Fraction,,,
DE,HMHI_Gas_CCS,1,CO2,2025,0.12,,Fraction,,,
DE,HMHI_HardCoal_CCS,1,CO2,2025,0.12,,Fraction,,,
DE,P_Coal_Hardcoal_CCS,1,CO2,2025,0.12,,Fraction,,,
DE,P_Coal_Lignite_CCS,1,CO2,2025,0.12,,Fraction,,,
DE,P_Gas_CCS,1,CO2,2025,0.12,,Fraction,,,
DE,X_SMR,1,CO2,2025,1,,Fraction,,,
DE,X_ATR_CCS,1,CO2,2025,0.059,,Fraction,H21 North of England (2018) Section 3 Table 3.13,01.02.2024,Stian Backe <stian.backe@sintef.no>
DE,FRT_Road_LNG,1,CO2,2025,1,,Fraction,,,
DE,FRT_Ship_LNG,1,CO2,2025,1,,Fraction,,,
DE,PSNG_Road_LNG,1,CO2,2025,1,,Fraction,,,
DE,X_DAC_LT,1,CO2,2025,-1,,Fraction,,,
DE,X_DAC_HT,1,CO2,2025,-1,,Fraction,,,
DE,Z_ETS_Sell,1,CO2,2025,1,,Fraction,,,
DE,Z_ETS_Buy,1,CO2,2025,-1,,Fraction,,,
DE,CHP_Biomass_Solid,1,CO2,2025,0,,Fraction,,,
DE,CHP_Coal_Hardcoal,1,CO2,2025,1,,Fraction,,,
DE,CHP_Coal_Lignite,1,CO2,2025,1,,Fraction,,,
DE,CHP_Gas_CCGT_Natural,1,CO2,2025,1,,Fraction,,,
DE,CHP_Gas_CCGT_Biogas,1,CO2,2025,0,,Fraction,,,
DE,CHP_Gas_CCGT_SynGas,1,CO2,2025,0,,Fraction,,,
DE,CHP_Hydrogen_FuelCell,1,CO2,2025,0,,Fraction,,,
DE,CHP_Biomass_Solid_CCS,1,CO2,2025,-0.88,,Fraction,,,
DE,CHP_Coal_Hardcoal_CCS,1,CO2,2025,0.12,,Fraction,,,
DE,CHP_Coal_Lignite_CCS,1,CO2,2025,0.12,,Fraction,,,
DE,CHP_Gas_CCGT_Natural_CCS,1,CO2,2025,0.12,,Fraction,,,
DE,CHP_Gas_CCGT_Biogas_CCS,1,CO2,2025,-0.88,,Fraction,,,
DE,CHP_Biomass_Solid,2,CO2,2025,0,,Fraction,,,
DE,CHP_Coal_Hardcoal,2,CO2,2025,1,,Fraction,,,
DE,CHP_Coal_Lignite,2,CO2,2025,1,,Fraction,,,
DE,CHP_Gas_CCGT_Natural,2,CO2,2025,1,,Fraction,,,
DE,CHP_Gas_CCGT_Biogas,2,CO2,2025,0,,Fraction,,,
DE,CHP_Gas_CCGT_SynGas,2,CO2,2025,0,,Fraction,,,
DE,CHP_Hydrogen_FuelCell,2,CO2,2025,0,,Fraction,,,
DE,CHP_Biomass_Solid_CCS,2,CO2,2025,-0.88,,Fraction,,,
DE,CHP_Coal_Hardcoal_CCS,2,CO2,2025,0.12,,Fraction,,,
DE,CHP_Coal_Lignite_CCS,2,CO2,2025,0.12,,Fraction,,,
DE,CHP_Gas_CCGT_Natural_CCS,2,CO2,2025,0.12,,Fraction,,,
DE,CHP_Gas_CCGT_Biogas_CCS,2,CO2,2025,-0.88,,Fraction,,,
DE,CHP_Oil,1,CO2,2025,1,,Fraction,,,
DE,CHP_Oil,2,CO2,2025,1,,Fraction,,,
DE,P_Gas_CCGT,1,CO2,2025,1,,Fraction,,,
DE,P_Gas_OCGT,1,CO2,2025,1,,Fraction,,,
DE,P_Gas_Engines,1,CO2,2025,1,,Fraction,,,
World,CHP_Coal_Hardcoal,1,CO2,2030,1,,Fraction,,,
World,CHP_Coal_Lignite,1,CO2,2030,1,,Fraction,,,
World,FRT_Rail_Conv,1,CO2,2030,1,,Fraction,,,
World,FRT_Road_ICE,1,CO2,2030,1,,Fraction,,,
World,FRT_Road_ICE,2,CO2,2030,0,,Fraction,,,
World,FRT_Road_PHEV,1,CO2,2030,1,,Fraction,,,
World,FRT_Road_PHEV,2,CO2,2030,0,,Fraction,,,
World,FRT_Ship_Conv,1,CO2,2030,1,,Fraction,,,
World,P_Coal_Hardcoal,1,CO2,2030,1,,Fraction,,,
World,P_Coal_Lignite,1,CO2,2030,1,,Fraction,,,
World,P_Oil,1,CO2,2030,1,,Fraction,,,
World,PSNG_Air_Conv,1,CO2,2030,1,,Fraction,,,
World,PSNG_Rail_Conv,1,CO2,2030,1,,Fraction,,,
World,PSNG_Road_ICE,1,CO2,2030,1,,Fraction,,,
World,PSNG_Road_ICE,2,CO2,2030,0,,Fraction,,,
World,PSNG_Road_PHEV,1,CO2,2030,1,,Fraction,,,
World,PSNG_Road_PHEV,2,CO2,2030,0,,Fraction,,,
World,P_Biomass_CCS,1,CO2,2030,-0.7,,Fraction,,,
World,HB_Gas_Boiler,1,CO2,2030,1,,Fraction,,,
World,HB_Hardcoal,1,CO2,2030,1,,Fraction,,,
World,HB_Lignite,1,CO2,2030,1,,Fraction,,,
World,HB_Oil_Boiler,1,CO2,2030,1,,Fraction,,,
World,HLI_Gas_Boiler,1,CO2,2030,1,,Fraction,,,
World,HLI_Hardcoal,1,CO2,2030,1,,Fraction,,,
World,HLI_Lignite,1,CO2,2030,1,,Fraction,,,
World,HLI_Oil_Boiler,1,CO2,2030,1,,Fraction,,,
World,HMHI_Gas,1,CO2,2030,1,,Fraction,,,
World,HMHI_HardCoal,1,CO2,2030,1,,Fraction,,,
World,HMHI_Oil,1,CO2,2030,1,,Fraction,,,
World,HHI_BF_BOF,1,CO2,2030,1,,Fraction,,,
World,HHI_BF_BOF,2,CO2,2030,1,,Fraction,,,
World,HHI_BF_BOF,3,CO2,2030,1,,Fraction,,,
World,HHI_BF_BOF,4,CO2,2030,1,,Fraction,,,
World,HHI_DRI_EAF,1,CO2,2030,1,,Fraction,,,
World,HHI_Bio_BF_BOF,1,CO2,2030,1,,Fraction,,,
World,HHI_BF_BOF_CCS,1,CO2,2030,0.082222222,,Fraction,,,
World,HHI_BF_BOF_CCS,2,CO2,2030,0.082222222,,Fraction,,,
World,HHI_BF_BOF_CCS,3,CO2,2030,0.082222222,,Fraction,,,
World,HHI_BF_BOF_CCS,4,CO2,2030,0.082222222,,Fraction,,,
World,HHI_DRI_EAF_CCS,1,CO2,2030,0.082222222,,Fraction,,,
World,HMHI_Gas_CCS,1,CO2,2030,0.082222222,,Fraction,,,
World,HMHI_HardCoal_CCS,1,CO2,2030,0.082222222,,Fraction,,,
World,P_Coal_Hardcoal_CCS,1,CO2,2030,0.082222222,,Fraction,,,
World,P_Coal_Lignite_CCS,1,CO2,2030,0.12,,Fraction,,,
World,P_Gas_CCS,1,CO2,2030,0.082222222,,Fraction,,,
World,X_SMR,1,CO2,2030,1,,Fraction,,,
World,X_ATR_CCS,1,CO2,2030,0.059,,Fraction,H21 North of England (2018) Section 3 Table 3.13,01.02.2024,Stian Backe <stian.backe@sintef.no>
DE,FRT_Rail_Conv,1,CO2,2030,1,,Fraction,,,
DE,FRT_Road_ICE,1,CO2,2030,1,,Fraction,,,
DE,FRT_Road_ICE,2,CO2,2030,0,,Fraction,,,
DE,FRT_Road_PHEV,1,CO2,2030,1,,Fraction,,,
DE,FRT_Road_PHEV,2,CO2,2030,0,,Fraction,,,
DE,FRT_Ship_Conv,1,CO2,2030,1,,Fraction,,,
DE,P_Coal_Hardcoal,1,CO2,2030,1,,Fraction,,,
DE,P_Coal_Lignite,1,CO2,2030,1,,Fraction,,,
DE,P_Oil,1,CO2,2030,1,,Fraction,,,
DE,PSNG_Air_Conv,1,CO2,2030,1,,Fraction,,,
DE,PSNG_Rail_Conv,1,CO2,2030,1,,Fraction,,,
DE,PSNG_Road_ICE,1,CO2,2030,1,,Fraction,,,
DE,PSNG_Road_ICE,2,CO2,2030,0,,Fraction,,,
DE,PSNG_Road_PHEV,1,CO2,2030,1,,Fraction,,,
DE,PSNG_Road_PHEV,2,CO2,2030,0,,Fraction,,,
DE,P_Biomass_CCS,1,CO2,2030,-0.7,,Fraction,,,
DE,HB_Gas_Boiler,1,CO2,2030,1,,Fraction,,,
DE,HB_Hardcoal,1,CO2,2030,1,,Fraction,,,
DE,HB_Lignite,1,CO2,2030,1,,Fraction,,,
DE,HB_Oil_Boiler,1,CO2,2030,1,,Fraction,,,
DE,HLI_Gas_Boiler,1,CO2,2030,1,,Fraction,,,
DE,HLI_Hardcoal,1,CO2,2030,1,,Fraction,,,
DE,HLI_Lignite,1,CO2,2030,1,,Fraction,,,
DE,HLI_Oil_Boiler,1,CO2,2030,1,,Fraction,,,
DE,HMHI_Gas,1,CO2,2030,1,,Fraction,,,
DE,HMHI_HardCoal,1,CO2,2030,1,,Fraction,,,
DE,HMHI_Oil,1,CO2,2030,1,,Fraction,,,
DE,HHI_BF_BOF,1,CO2,2030,1,,Fraction,,,
DE,HHI_BF_BOF,2,CO2,2030,1,,Fraction,,,
DE,HHI_BF_BOF,3,CO2,2030,1,,Fraction,,,
DE,HHI_BF_BOF,4,CO2,2030,1,,Fraction,,,
DE,HHI_DRI_EAF,1,CO2,2030,1,,Fraction,,,
DE,HHI_Bio_BF_BOF,1,CO2,2030,1,,Fraction,,,
DE,HHI_BF_BOF_CCS,1,CO2,2030,0.12,,Fraction,,,
DE,HHI_BF_BOF_CCS,2,CO2,2030,0.12,,Fraction,,,
DE,HHI_BF_BOF_CCS,3,CO2,2030,0.12,,Fraction,,,
DE,HHI_BF_BOF_CCS,4,CO2,2030,0.12,,Fraction,,,
DE,HHI_DRI_EAF_CCS,1,CO2,2030,0.12,,Fraction,,,
DE,HMHI_Gas_CCS,1,CO2,2030,0.12,,Fraction,,,
DE,HMHI_HardCoal_CCS,1,CO2,2030,0.12,,Fraction,,,
DE,P_Coal_Hardcoal_CCS,1,CO2,2030,0.12,,Fraction,,,
DE,P_Coal_Lignite_CCS,1,CO2,2030,0.12,,Fraction,,,
DE,P_Gas_CCS,1,CO2,2030,0.12,,Fraction,,,
DE,X_SMR,1,CO2,2030,1,,Fraction,,,
DE,X_ATR_CCS,1,CO2,2030,0.059,,Fraction,H21 North of England (2018) Section 3 Table 3.13,01.02.2024,Stian Backe <stian.backe@sintef.no>
DE,FRT_Road_LNG,1,CO2,2030,1,,Fraction,,,
DE,FRT_Ship_LNG,1,CO2,2030,1,,Fraction,,,
DE,PSNG_Road_LNG,1,CO2,2030,1,,Fraction,,,
DE,X_DAC_LT,1,CO2,2030,-1,,Fraction,,,
DE,X_DAC_HT,1,CO2,2030,-1,,Fraction,,,
DE,Z_ETS_Sell,1,CO2,2030,1,,Fraction,,,
DE,Z_ETS_Buy,1,CO2,2030,-1,,Fraction,,,
DE,CHP_Biomass_Solid,1,CO2,2030,0,,Fraction,,,
DE,CHP_Coal_Hardcoal,1,CO2,2030,1,,Fraction,,,
DE,CHP_Coal_Lignite,1,CO2,2030,1,,Fraction,,,
DE,CHP_Gas_CCGT_Natural,1,CO2,2030,1,,Fraction,,,
DE,CHP_Gas_CCGT_Biogas,1,CO2,2030,0,,Fraction,,,
DE,CHP_Gas_CCGT_SynGas,1,CO2,2030,0,,Fraction,,,
DE,CHP_Hydrogen_FuelCell,1,CO2,2030,0,,Fraction,,,
DE,CHP_Biomass_Solid_CCS,1,CO2,2030,-0.88,,Fraction,,,
DE,CHP_Coal_Hardcoal_CCS,1,CO2,2030,0.12,,Fraction,,,
DE,CHP_Coal_Lignite_CCS,1,CO2,2030,0.12,,Fraction,,,
DE,CHP_Gas_CCGT_Natural_CCS,1,CO2,2030,0.12,,Fraction,,,
DE,CHP_Gas_CCGT_Biogas_CCS,1,CO2,2030,-0.88,,Fraction,,,
DE,CHP_Biomass_Solid,2,CO2,2030,0,,Fraction,,,
DE,CHP_Coal_Hardcoal,2,CO2,2030,1,,Fraction,,,
DE,CHP_Coal_Lignite,2,CO2,2030,1,,Fraction,,,
DE,CHP_Gas_CCGT_Natural,2,CO2,2030,1,,Fraction,,,
DE,CHP_Gas_CCGT_Biogas,2,CO2,2030,0,,Fraction,,,
DE,CHP_Gas_CCGT_SynGas,2,CO2,2030,0,,Fraction,,,
DE,CHP_Hydrogen_FuelCell,2,CO2,2030,0,,Fraction,,,
DE,CHP_Biomass_Solid_CCS,2,CO2,2030,-0.88,,Fraction,,,
DE,CHP_Coal_Hardcoal_CCS,2,CO2,2030,0.12,,Fraction,,,
DE,CHP_Coal_Lignite_CCS,2,CO2,2030,0.12,,Fraction,,,
DE,CHP_Gas_CCGT_Natural_CCS,2,CO2,2030,0.12,,Fraction,,,
DE,CHP_Gas_CCGT_Biogas_CCS,2,CO2,2030,-0.88,,Fraction,,,
DE,CHP_Oil,1,CO2,2030,1,,Fraction,,,
DE,CHP_Oil,2,CO2,2030,1,,Fraction,,,
DE,P_Gas_CCGT,1,CO2,2030,1,,Fraction,,,
DE,P_Gas_OCGT,1,CO2,2030,1,,Fraction,,,
DE,P_Gas_Engines,1,CO2,2030,1,,Fraction,,,
World,CHP_Coal_Hardcoal,1,CO2,2035,1,,Fraction,,,
World,CHP_Coal_Lignite,1,CO2,2035,1,,Fraction,,,
World,FRT_Rail_Conv,1,CO2,2035,1,,Fraction,,,
World,FRT_Road_ICE,1,CO2,2035,1,,Fraction,,,
World,FRT_Road_ICE,2,CO2,2035,0,,Fraction,,,
World,FRT_Road_PHEV,1,CO2,2035,1,,Fraction,,,
World,FRT_Road_PHEV,2,CO2,2035,0,,Fraction,,,
World,FRT_Ship_Conv,1,CO2,2035,1,,Fraction,,,
World,P_Coal_Hardcoal,1,CO2,2035,1,,Fraction,,,
World,P_Coal_Lignite,1,CO2,2035,1,,Fraction,,,
World,P_Oil,1,CO2,2035,1,,Fraction,,,
World,PSNG_Air_Conv,1,CO2,2035,1,,Fraction,,,
World,PSNG_Rail_Conv,1,CO2,2035,1,,Fraction,,,
World,PSNG_Road_ICE,1,CO2,2035,1,,Fraction,,,
World,PSNG_Road_ICE,2,CO2,2035,0,,Fraction,,,
World,PSNG_Road_PHEV,1,CO2,2035,1,,Fraction,,,
World,PSNG_Road_PHEV,2,CO2,2035,0,,Fraction,,,
World,P_Biomass_CCS,1,CO2,2035,-0.7,,Fraction,,,
World,HB_Gas_Boiler,1,CO2,2035,1,,Fraction,,,
World,HB_Hardcoal,1,CO2,2035,1,,Fraction,,,
World,HB_Lignite,1,CO2,2035,1,,Fraction,,,
World,HB_Oil_Boiler,1,CO2,2035,1,,Fraction,,,
World,HLI_Gas_Boiler,1,CO2,2035,1,,Fraction,,,
World,HLI_Hardcoal,1,CO2,2035,1,,Fraction,,,
World,HLI_Lignite,1,CO2,2035,1,,Fraction,,,
World,HLI_Oil_Boiler,1,CO2,2035,1,,Fraction,,,
World,HMHI_Gas,1,CO2,2035,1,,Fraction,,,
World,HMHI_HardCoal,1,CO2,2035,1,,Fraction,,,
World,HMHI_Oil,1,CO2,2035,1,,Fraction,,,
World,HHI_BF_BOF,1,CO2,2035,1,,Fraction,,,
World,HHI_BF_BOF,2,CO2,2035,1,,Fraction,,,
World,HHI_BF_BOF,3,CO2,2035,1,,Fraction,,,
World,HHI_BF_BOF,4,CO2,2035,1,,Fraction,,,
World,HHI_DRI_EAF,1,CO2,2035,1,,Fraction,,,
World,HHI_Bio_BF_BOF,1,CO2,2035,1,,Fraction,,,
World,HHI_BF_BOF_CCS,1,CO2,2035,0.081111111,,Fraction,,,
World,HHI_BF_BOF_CCS,2,CO2,2035,0.081111111,,Fraction,,,
World,HHI_BF_BOF_CCS,3,CO2,2035,0.081111111,,Fraction,,,
World,HHI_BF_BOF_CCS,4,CO2,2035,0.081111111,,Fraction,,,
World,HHI_DRI_EAF_CCS,1,CO2,2035,0.081111111,,Fraction,,,
World,HMHI_Gas_CCS,1,CO2,2035,0.081111111,,Fraction,,,
World,HMHI_HardCoal_CCS,1,CO2,2035,0.081111111,,Fraction,,,
World,P_Coal_Hardcoal_CCS,1,CO2,2035,0.081111111,,Fraction,,,
World,P_Coal_Lignite_CCS,1,CO2,2035,0.12,,Fraction,,,
World,P_Gas_CCS,1,CO2,2035,0.081111111,,Fraction,,,
World,X_SMR,1,CO2,2035,1,,Fraction,,,
World,X_ATR_CCS,1,CO2,2035,0.059,,Fraction,H21 North of England (2018) Section 3 Table 3.13,01.02.2024,Stian Backe <stian.backe@sintef.no>
DE,FRT_Rail_Conv,1,CO2,2035,1,,Fraction,,,
DE,FRT_Road_ICE,1,CO2,2035,1,,Fraction,,,
DE,FRT_Road_ICE,2,CO2,2035,0,,Fraction,,,
DE,FRT_Road_PHEV,1,CO2,2035,1,,Fraction,,,
DE,FRT_Road_PHEV,2,CO2,2035,0,,Fraction,,,
DE,FRT_Ship_Conv,1,CO2,2035,1,,Fraction,,,
DE,P_Coal_Hardcoal,1,CO2,2035,1,,Fraction,,,
DE,P_Coal_Lignite,1,CO2,2035,1,,Fraction,,,
DE,P_Oil,1,CO2,2035,1,,Fraction,,,
DE,PSNG_Air_Conv,1,CO2,2035,1,,Fraction,,,
DE,PSNG_Rail_Conv,1,CO2,2035,1,,Fraction,,,
DE,PSNG_Road_ICE,1,CO2,2035,1,,Fraction,,,
DE,PSNG_Road_ICE,2,CO2,2035,0,,Fraction,,,
DE,PSNG_Road_PHEV,1,CO2,2035,1,,Fraction,,,
DE,PSNG_Road_PHEV,2,CO2,2035,0,,Fraction,,,
DE,P_Biomass_CCS,1,CO2,2035,-0.7,,Fraction,,,
DE,HB_Gas_Boiler,1,CO2,2035,1,,Fraction,,,
DE,HB_Hardcoal,1,CO2,2035,1,,Fraction,,,
DE,HB_Lignite,1,CO2,2035,1,,Fraction,,,
DE,HB_Oil_Boiler,1,CO2,2035,1,,Fraction,,,
DE,HLI_Gas_Boiler,1,CO2,2035,1,,Fraction,,,
DE,HLI_Hardcoal,1,CO2,2035,1,,Fraction,,,
DE,HLI_Lignite,1,CO2,2035,1,,Fraction,,,
DE,HLI_Oil_Boiler,1,CO2,2035,1,,Fraction,,,
DE,HMHI_Gas,1,CO2,2035,1,,Fraction,,,
DE,HMHI_HardCoal,1,CO2,2035,1,,Fraction,,,
DE,HMHI_Oil,1,CO2,2035,1,,Fraction,,,
DE,HHI_BF_BOF,1,CO2,2035,1,,Fraction,,,
DE,HHI_BF_BOF,2,CO2,2035,1,,Fraction,,,
DE,HHI_BF_BOF,3,CO2,2035,1,,Fraction,,,
DE,HHI_BF_BOF,4,CO2,2035,1,,Fraction,,,
DE,HHI_DRI_EAF,1,CO2,2035,1,,Fraction,,,
DE,HHI_Bio_BF_BOF,1,CO2,2035,1,,Fraction,,,
DE,HHI_BF_BOF_CCS,1,CO2,2035,0.12,,Fraction,,,
DE,HHI_BF_BOF_CCS,2,CO2,2035,0.12,,Fraction,,,
DE,HHI_BF_BOF_CCS,3,CO2,2035,0.12,,Fraction,,,
DE,HHI_BF_BOF_CCS,4,CO2,2035,0.12,,Fraction,,,
DE,HHI_DRI_EAF_CCS,1,CO2,2035,0.12,,Fraction,,,
DE,HMHI_Gas_CCS,1,CO2,2035,0.12,,Fraction,,,
DE,HMHI_HardCoal_CCS,1,CO2,2035,0.12,,Fraction,,,
DE,P_Coal_Hardcoal_CCS,1,CO2,2035,0.12,,Fraction,,,
DE,P_Coal_Lignite_CCS,1,CO2,2035,0.12,,Fraction,,,
DE,P_Gas_CCS,1,CO2,2035,0.12,,Fraction,,,
DE,X_SMR,1,CO2,2035,1,,Fraction,,,
DE,X_ATR_CCS,1,CO2,2035,0.059,,Fraction,H21 North of England (2018) Section 3 Table 3.13,01.02.2024,Stian Backe <stian.backe@sintef.no>
DE,FRT_Road_LNG,1,CO2,2035,1,,Fraction,,,
DE,FRT_Ship_LNG,1,CO2,2035,1,,Fraction,,,
DE,PSNG_Road_LNG,1,CO2,2035,1,,Fraction,,,
DE,X_DAC_LT,1,CO2,2035,-1,,Fraction,,,
DE,X_DAC_HT,1,CO2,2035,-1,,Fraction,,,
DE,Z_ETS_Sell,1,CO2,2035,1,,Fraction,,,
DE,Z_ETS_Buy,1,CO2,2035,-1,,Fraction,,,
DE,CHP_Biomass_Solid,1,CO2,2035,0,,Fraction,,,
DE,CHP_Coal_Hardcoal,1,CO2,2035,1,,Fraction,,,
DE,CHP_Coal_Lignite,1,CO2,2035,1,,Fraction,,,
DE,CHP_Gas_CCGT_Natural,1,CO2,2035,1,,Fraction,,,
DE,CHP_Gas_CCGT_Biogas,1,CO2,2035,0,,Fraction,,,
DE,CHP_Gas_CCGT_SynGas,1,CO2,2035,0,,Fraction,,,
DE,CHP_Hydrogen_FuelCell,1,CO2,2035,0,,Fraction,,,
DE,CHP_Biomass_Solid_CCS,1,CO2,2035,-0.88,,Fraction,,,
DE,CHP_Coal_Hardcoal_CCS,1,CO2,2035,0.12,,Fraction,,,
DE,CHP_Coal_Lignite_CCS,1,CO2,2035,0.12,,Fraction,,,
DE,CHP_Gas_CCGT_Natural_CCS,1,CO2,2035,0.12,,Fraction,,,
DE,CHP_Gas_CCGT_Biogas_CCS,1,CO2,2035,-0.88,,Fraction,,,
DE,CHP_Biomass_Solid,2,CO2,2035,0,,Fraction,,,
DE,CHP_Coal_Hardcoal,2,CO2,2035,1,,Fraction,,,
DE,CHP_Coal_Lignite,2,CO2,2035,1,,Fraction,,,
DE,CHP_Gas_CCGT_Natural,2,CO2,2035,1,,Fraction,,,
DE,CHP_Gas_CCGT_Biogas,2,CO2,2035,0,,Fraction,,,
DE,CHP_Gas_CCGT_SynGas,2,CO2,2035,0,,Fraction,,,
DE,CHP_Hydrogen_FuelCell,2,CO2,2035,0,,Fraction,,,
DE,CHP_Biomass_Solid_CCS,2,CO2,2035,-0.88,,Fraction,,,
DE,CHP_Coal_Hardcoal_CCS,2,CO2,2035,0.12,,Fraction,,,
DE,CHP_Coal_Lignite_CCS,2,CO2,2035,0.12,,Fraction,,,
DE,CHP_Gas_CCGT_Natural_CCS,2,CO2,2035,0.12,,Fraction,,,
DE,CHP_Gas_CCGT_Biogas_CCS,2,CO2,2035,-0.88,,Fraction,,,
DE,CHP_Oil,1,CO2,2035,1,,Fraction,,,
DE,CHP_Oil,2,CO2,2035,1,,Fraction,,,
DE,P_Gas_CCGT,1,CO2,2035,1,,Fraction,,,
DE,P_Gas_OCGT,1,CO2,2035,1,,Fraction,,,
DE,P_Gas_Engines,1,CO2,2035,1,,Fraction,,,
World,CHP_Coal_Hardcoal,1,CO2,2040,1,,Fraction,,,
World,CHP_Coal_Lignite,1,CO2,2040,1,,Fraction,,,
World,FRT_Rail_Conv,1,CO2,2040,1,,Fraction,,,
World,FRT_Road_ICE,1,CO2,2040,1,,Fraction,,,
World,FRT_Road_ICE,2,CO2,2040,0,,Fraction,,,
World,FRT_Road_PHEV,1,CO2,2040,1,,Fraction,,,
World,FRT_Road_PHEV,2,CO2,2040,0,,Fraction,,,
World,FRT_Ship_Conv,1,CO2,2040,1,,Fraction,,,
World,P_Coal_Hardcoal,1,CO2,2040,1,,Fraction,,,
World,P_Coal_Lignite,1,CO2,2040,1,,Fraction,,,
World,P_Oil,1,CO2,2040,1,,Fraction,,,
World,PSNG_Air_Conv,1,CO2,2040,1,,Fraction,,,
World,PSNG_Rail_Conv,1,CO2,2040,1,,Fraction,,,
World,PSNG_Road_ICE,1,CO2,2040,1,,Fraction,,,
World,PSNG_Road_ICE,2,CO2,2040,0,,Fraction,,,
World,PSNG_Road_PHEV,1,CO2,2040,1,,Fraction,,,
World,PSNG_Road_PHEV,2,CO2,2040,0,,Fraction,,,
World,P_Biomass_CCS,1,CO2,2040,-0.7,,Fraction,,,
World,HB_Gas_Boiler,1,CO2,2040,1,,Fraction,,,
World,HB_Hardcoal,1,CO2,2040,1,,Fraction,,,
World,HB_Lignite,1,CO2,2040,1,,Fraction,,,
World,HB_Oil_Boiler,1,CO2,2040,1,,Fraction,,,
World,HLI_Gas_Boiler,1,CO2,2040,1,,Fraction,,,
World,HLI_Hardcoal,1,CO2,2040,1,,Fraction,,,
World,HLI_Lignite,1,CO2,2040,1,,Fraction,,,
World,HLI_Oil_Boiler,1,CO2,2040,1,,Fraction,,,
World,HMHI_Gas,1,CO2,2040,1,,Fraction,,,
World,HMHI_HardCoal,1,CO2,2040,1,,Fraction,,,
World,HMHI_Oil,1,CO2,2040,1,,Fraction,,,
World,HHI_BF_BOF,1,CO2,2040,1,,Fraction,,,
World,HHI_BF_BOF,2,CO2,2040,1,,Fraction,,,
World,HHI_BF_BOF,3,CO2,2040,1,,Fraction,,,
World,HHI_BF_BOF,4,CO2,2040,1,,Fraction,,,
World,HHI_DRI_EAF,1,CO2,2040,1,,Fraction,,,
World,HHI_Bio_BF_BOF,1,CO2,2040,1,,Fraction,,,
World,HHI_BF_BOF_CCS,1,CO2,2040,0.080555556,,Fraction,,,
World,HHI_BF_BOF_CCS,2,CO2,2040,0.080555556,,Fraction,,,
World,HHI_BF_BOF_CCS,3,CO2,2040,0.080555556,,Fraction,,,
World,HHI_BF_BOF_CCS,4,CO2,2040,0.080555556,,Fraction,,,
World,HHI_DRI_EAF_CCS,1,CO2,2040,0.080555556,,Fraction,,,
World,HMHI_Gas_CCS,1,CO2,2040,0.080555556,,Fraction,,,
World,HMHI_HardCoal_CCS,1,CO2,2040,0.080555556,,Fraction,,,
World,P_Coal_Hardcoal_CCS,1,CO2,2040,0.080555556,,Fraction,,,
World,P_Coal_Lignite_CCS,1,CO2,2040,0.12,,Fraction,,,
World,P_Gas_CCS,1,CO2,2040,0.080555556,,Fraction,,,
World,X_SMR,1,CO2,2040,1,,Fraction,,,
World,X_ATR_CCS,1,CO2,2040,0.059,,Fraction,H21 North of England (2018) Section 3 Table 3.13,01.02.2024,Stian Backe <stian.backe@sintef.no>
DE,FRT_Rail_Conv,1,CO2,2040,1,,Fraction,,,
DE,FRT_Road_ICE,1,CO2,2040,1,,Fraction,,,
DE,FRT_Road_ICE,2,CO2,2040,0,,Fraction,,,
DE,FRT_Road_PHEV,1,CO2,2040,1,,Fraction,,,
DE,FRT_Road_PHEV,2,CO2,2040,0,,Fraction,,,
DE,FRT_Ship_Conv,1,CO2,2040,1,,Fraction,,,
DE,P_Coal_Hardcoal,1,CO2,2040,1,,Fraction,,,
DE,P_Coal_Lignite,1,CO2,2040,1,,Fraction,,,
DE,P_Oil,1,CO2,2040,1,,Fraction,,,
DE,PSNG_Air_Conv,1,CO2,2040,1,,Fraction,,,
DE,PSNG_Rail_Conv,1,CO2,2040,1,,Fraction,,,
DE,PSNG_Road_ICE,1,CO2,2040,1,,Fraction,,,
DE,PSNG_Road_ICE,2,CO2,2040,0,,Fraction,,,
DE,PSNG_Road_PHEV,1,CO2,2040,1,,Fraction,,,
DE,PSNG_Road_PHEV,2,CO2,2040,0,,Fraction,,,
DE,P_Biomass_CCS,1,CO2,2040,-0.7,,Fraction,,,
DE,HB_Gas_Boiler,1,CO2,2040,1,,Fraction,,,
DE,HB_Hardcoal,1,CO2,2040,1,,Fraction,,,
DE,HB_Lignite,1,CO2,2040,1,,Fraction,,,
DE,HB_Oil_Boiler,1,CO2,2040,1,,Fraction,,,
DE,HLI_Gas_Boiler,1,CO2,2040,1,,Fraction,,,
DE,HLI_Hardcoal,1,CO2,2040,1,,Fraction,,,
DE,HLI_Lignite,1,CO2,2040,1,,Fraction,,,
DE,HLI_Oil_Boiler,1,CO2,2040,1,,Fraction,,,
DE,HMHI_Gas,1,CO2,2040,1,,Fraction,,,
DE,HMHI_HardCoal,1,CO2,2040,1,,Fraction,,,
DE,HMHI_Oil,1,CO2,2040,1,,Fraction,,,
DE,HHI_BF_BOF,1,CO2,2040,1,,Fraction,,,
DE,HHI_BF_BOF,2,CO2,2040,1,,Fraction,,,
DE,HHI_BF_BOF,3,CO2,2040,1,,Fraction,,,
DE,HHI_BF_BOF,4,CO2,2040,1,,Fraction,,,
DE,HHI_DRI_EAF,1,CO2,2040,1,,Fraction,,,
DE,HHI_Bio_BF_BOF,1,CO2,2040,1,,Fraction,,,
DE,HHI_BF_BOF_CCS,1,CO2,2040,0.12,,Fraction,,,
DE,HHI_BF_BOF_CCS,2,CO2,2040,0.12,,Fraction,,,
DE,HHI_BF_BOF_CCS,3,CO2,2040,0.12,,Fraction,,,
DE,HHI_BF_BOF_CCS,4,CO2,2040,0.12,,Fraction,,,
DE,HHI_DRI_EAF_CCS,1,CO2,2040,0.12,,Fraction,,,
DE,HMHI_Gas_CCS,1,CO2,2040,0.12,,Fraction,,,
DE,HMHI_HardCoal_CCS,1,CO2,2040,0.12,,Fraction,,,
DE,P_Coal_Hardcoal_CCS,1,CO2,2040,0.12,,Fraction,,,
DE,P_Coal_Lignite_CCS,1,CO2,2040,0.12,,Fraction,,,
DE,P_Gas_CCS,1,CO2,2040,0.12,,Fraction,,,
DE,X_SMR,1,CO2,2040,1,,Fraction,,,
DE,X_ATR_CCS,1,CO2,2040,0.059,,Fraction,H21 North of England (2018) Section 3 Table 3.13,01.02.2024,Stian Backe <stian.backe@sintef.no>
DE,FRT_Road_LNG,1,CO2,2040,1,,Fraction,,,
DE,FRT_Ship_LNG,1,CO2,2040,1,,Fraction,,,
DE,PSNG_Road_LNG,1,CO2,2040,1,,Fraction,,,
DE,X_DAC_LT,1,CO2,2040,-1,,Fraction,,,
DE,X_DAC_HT,1,CO2,2040,-1,,Fraction,,,
DE,Z_ETS_Sell,1,CO2,2040,1,,Fraction,,,
DE,Z_ETS_Buy,1,CO2,2040,-1,,Fraction,,,
DE,CHP_Biomass_Solid,1,CO2,2040,0,,Fraction,,,
DE,CHP_Coal_Hardcoal,1,CO2,2040,1,,Fraction,,,
DE,CHP_Coal_Lignite,1,CO2,2040,1,,Fraction,,,
DE,CHP_Gas_CCGT_Natural,1,CO2,2040,1,,Fraction,,,
DE,CHP_Gas_CCGT_Biogas,1,CO2,2040,0,,Fraction,,,
DE,CHP_Gas_CCGT_SynGas,1,CO2,2040,0,,Fraction,,,
DE,CHP_Hydrogen_FuelCell,1,CO2,2040,0,,Fraction,,,
DE,CHP_Biomass_Solid_CCS,1,CO2,2040,-0.88,,Fraction,,,
DE,CHP_Coal_Hardcoal_CCS,1,CO2,2040,0.12,,Fraction,,,
DE,CHP_Coal_Lignite_CCS,1,CO2,2040,0.12,,Fraction,,,
DE,CHP_Gas_CCGT_Natural_CCS,1,CO2,2040,0.12,,Fraction,,,
DE,CHP_Gas_CCGT_Biogas_CCS,1,CO2,2040,-0.88,,Fraction,,,
DE,CHP_Biomass_Solid,2,CO2,2040,0,,Fraction,,,
DE,CHP_Coal_Hardcoal,2,CO2,2040,1,,Fraction,,,
DE,CHP_Coal_Lignite,2,CO2,2040,1,,Fraction,,,
DE,CHP_Gas_CCGT_Natural,2,CO2,2040,1,,Fraction,,,
DE,CHP_Gas_CCGT_Biogas,2,CO2,2040,0,,Fraction,,,
DE,CHP_Gas_CCGT_SynGas,2,CO2,2040,0,,Fraction,,,
DE,CHP_Hydrogen_FuelCell,2,CO2,2040,0,,Fraction,,,
DE,CHP_Biomass_Solid_CCS,2,CO2,2040,-0.88,,Fraction,,,
DE,CHP_Coal_Hardcoal_CCS,2,CO2,2040,0.12,,Fraction,,,
DE,CHP_Coal_Lignite_CCS,2,CO2,2040,0.12,,Fraction,,,
DE,CHP_Gas_CCGT_Natural_CCS,2,CO2,2040,0.12,,Fraction,,,
DE,CHP_Gas_CCGT_Biogas_CCS,2,CO2,2040,-0.88,,Fraction,,,
DE,CHP_Oil,1,CO2,2040,1,,Fraction,,,
DE,CHP_Oil,2,CO2,2040,1,,Fraction,,,
DE,P_Gas_CCGT,1,CO2,2040,1,,Fraction,,,
DE,P_Gas_OCGT,1,CO2,2040,1,,Fraction,,,
DE,P_Gas_Engines,1,CO2,2040,1,,Fraction,,,
World,CHP_Coal_Hardcoal,1,CO2,2045,1,,Fraction,,,
World,CHP_Coal_Lignite,1,CO2,2045,1,,Fraction,,,
World,FRT_Rail_Conv,1,CO2,2045,1,,Fraction,,,
World,FRT_Road_ICE,1,CO2,2045,1,,Fraction,,,
World,FRT_Road_ICE,2,CO2,2045,0,,Fraction,,,
World,FRT_Road_PHEV,1,CO2,2045,1,,Fraction,,,
World,FRT_Road_PHEV,2,CO2,2045,0,,Fraction,,,
World,FRT_Ship_Conv,1,CO2,2045,1,,Fraction,,,
World,P_Coal_Hardcoal,1,CO2,2045,1,,Fraction,,,
World,P_Coal_Lignite,1,CO2,2045,1,,Fraction,,,
World,P_Oil,1,CO2,2045,1,,Fraction,,,
World,PSNG_Air_Conv,1,CO2,2045,1,,Fraction,,,
World,PSNG_Rail_Conv,1,CO2,2045,1,,Fraction,,,
World,PSNG_Road_ICE,1,CO2,2045,1,,Fraction,,,
World,PSNG_Road_ICE,2,CO2,2045,0,,Fraction,,,
World,PSNG_Road_PHEV,1,CO2,2045,1,,Fraction,,,
World,PSNG_Road_PHEV,2,CO2,2045,0,,Fraction,,,
World,P_Biomass_CCS,1,CO2,2045,-0.7,,Fraction,,,
World,HB_Gas_Boiler,1,CO2,2045,1,,Fraction,,,
World,HB_Hardcoal,1,CO2,2045,1,,Fraction,,,
World,HB_Lignite,1,CO2,2045,1,,Fraction,,,
World,HB_Oil_Boiler,1,CO2,2045,1,,Fraction,,,
World,HLI_Gas_Boiler,1,CO2,2045,1,,Fraction,,,
World,HLI_Hardcoal,1,CO2,2045,1,,Fraction,,,
World,HLI_Lignite,1,CO2,2045,1,,Fraction,,,
World,HLI_Oil_Boiler,1,CO2,2045,1,,Fraction,,,
World,HMHI_Gas,1,CO2,2045,1,,Fraction,,,
World,HMHI_HardCoal,1,CO2,2045,1,,Fraction,,,
World,HMHI_Oil,1,CO2,2045,1,,Fraction,,,
World,HHI_BF_BOF,1,CO2,2045,1,,Fraction,,,
World,HHI_BF_BOF,2,CO2,2045,1,,Fraction,,,
World,HHI_BF_BOF,3,CO2,2045,1,,Fraction,,,
World,HHI_BF_BOF,4,CO2,2045,1,,Fraction,,,
World,HHI_DRI_EAF,1,CO2,2045,1,,Fraction,,,
World,HHI_Bio_BF_BOF,1,CO2,2045,1,,Fraction,,,
World,HHI_BF_BOF_CCS,1,CO2,2045,0.080277778,,Fraction,,,
World,HHI_BF_BOF_CCS,2,CO2,2045,0.080277778,,Fraction,,,
World,HHI_BF_BOF_CCS,3,CO2,2045,0.080277778,,Fraction,,,
World,HHI_BF_BOF_CCS,4,CO2,2045,0.080277778,,Fraction,,,
World,HHI_DRI_EAF_CCS,1,CO2,2045,0.080277778,,Fraction,,,
World,HMHI_Gas_CCS,1,CO2,2045,0.080277778,,Fraction,,,
World,HMHI_HardCoal_CCS,1,CO2,2045,0.080277778,,Fraction,,,
World,P_Coal_Hardcoal_CCS,1,CO2,2045,0.080277778,,Fraction,,,
World,P_Coal_Lignite_CCS,1,CO2,2045,0.12,,Fraction,,,
World,P_Gas_CCS,1,CO2,2045,0.080277778,,Fraction,,,
World,X_SMR,1,CO2,2045,1,,Fraction,,,
World,X_ATR_CCS,1,CO2,2045,0.059,,Fraction,H21 North of England (2018) Section 3 Table 3.13,01.02.2024,Stian Backe <stian.backe@sintef.no>
DE,FRT_Rail_Conv,1,CO2,2045,1,,Fraction,,,
DE,FRT_Road_ICE,1,CO2,2045,1,,Fraction,,,
DE,FRT_Road_ICE,2,CO2,2045,0,,Fraction,,,
DE,FRT_Road_PHEV,1,CO2,2045,1,,Fraction,,,
DE,FRT_Road_PHEV,2,CO2,2045,0,,Fraction,,,
DE,FRT_Ship_Conv,1,CO2,2045,1,,Fraction,,,
DE,P_Coal_Hardcoal,1,CO2,2045,1,,Fraction,,,
DE,P_Coal_Lignite,1,CO2,2045,1,,Fraction,,,
DE,P_Oil,1,CO2,2045,1,,Fraction,,,
DE,PSNG_Air_Conv,1,CO2,2045,1,,Fraction,,,
DE,PSNG_Rail_Conv,1,CO2,2045,1,,Fraction,,,
DE,PSNG_Road_ICE,1,CO2,2045,1,,Fraction,,,
DE,PSNG_Road_ICE,2,CO2,2045,0,,Fraction,,,
DE,PSNG_Road_PHEV,1,CO2,2045,1,,Fraction,,,
DE,PSNG_Road_PHEV,2,CO2,2045,0,,Fraction,,,
DE,P_Biomass_CCS,1,CO2,2045,-0.7,,Fraction,,,
DE,HB_Gas_Boiler,1,CO2,2045,1,,Fraction,,,
DE,HB_Hardcoal,1,CO2,2045,1,,Fraction,,,
DE,HB_Lignite,1,CO2,2045,1,,Fraction,,,
DE,HB_Oil_Boiler,1,CO2,2045,1,,Fraction,,,
DE,HLI_Gas_Boiler,1,CO2,2045,1,,Fraction,,,
DE,HLI_Hardcoal,1,CO2,2045,1,,Fraction,,,
DE,HLI_Lignite,1,CO2,2045,1,,Fraction,,,
DE,HLI_Oil_Boiler,1,CO2,2045,1,,Fraction,,,
DE,HMHI_Gas,1,CO2,2045,1,,Fraction,,,
DE,HMHI_HardCoal,1,CO2,2045,1,,Fraction,,,
DE,HMHI_Oil,1,CO2,2045,1,,Fraction,,,
DE,HHI_BF_BOF,1,CO2,2045,1,,Fraction,,,
DE,HHI_BF_BOF,2,CO2,2045,1,,Fraction,,,
DE,HHI_BF_BOF,3,CO2,2045,1,,Fraction,,,
DE,HHI_BF_BOF,4,CO2,2045,1,,Fraction,,,
DE,HHI_DRI_EAF,1,CO2,2045,1,,Fraction,,,
DE,HHI_Bio_BF_BOF,1,CO2,2045,1,,Fraction,,,
DE,HHI_BF_BOF_CCS,1,CO2,2045,0.12,,Fraction,,,
DE,HHI_BF_BOF_CCS,2,CO2,2045,0.12,,Fraction,,,
DE,HHI_BF_BOF_CCS,3,CO2,2045,0.12,,Fraction,,,
DE,HHI_BF_BOF_CCS,4,CO2,2045,0.12,,Fraction,,,
DE,HHI_DRI_EAF_CCS,1,CO2,2045,0.12,,Fraction,,,
DE,HMHI_Gas_CCS,1,CO2,2045,0.12,,Fraction,,,
DE,HMHI_HardCoal_CCS,1,CO2,2045,0.12,,Fraction,,,
DE,P_Coal_Hardcoal_CCS,1,CO2,2045,0.12,,Fraction,,,
DE,P_Coal_Lignite_CCS,1,CO2,2045,0.12,,Fraction,,,
DE,P_Gas_CCS,1,CO2,2045,0.12,,Fraction,,,
DE,X_SMR,1,CO2,2045,1,,Fraction,,,
DE,X_ATR_CCS,1,CO2,2045,0.059,,Fraction,H21 North of England (2018) Section 3 Table 3.13,01.02.2024,Stian Backe <stian.backe@sintef.no>
DE,FRT_Road_LNG,1,CO2,2045,1,,Fraction,,,
DE,FRT_Ship_LNG,1,CO2,2045,1,,Fraction,,,
DE,PSNG_Road_LNG,1,CO2,2045,1,,Fraction,,,
DE,X_DAC_LT,1,CO2,2045,-1,,Fraction,,,
DE,X_DAC_HT,1,CO2,2045,-1,,Fraction,,,
DE,Z_ETS_Sell,1,CO2,2045,1,,Fraction,,,
DE,Z_ETS_Buy,1,CO2,2045,-1,,Fraction,,,
DE,CHP_Biomass_Solid,1,CO2,2045,0,,Fraction,,,
DE,CHP_Coal_Hardcoal,1,CO2,2045,1,,Fraction,,,
DE,CHP_Coal_Lignite,1,CO2,2045,1,,Fraction,,,
DE,CHP_Gas_CCGT_Natural,1,CO2,2045,1,,Fraction,,,
DE,CHP_Gas_CCGT_Biogas,1,CO2,2045,0,,Fraction,,,
DE,CHP_Gas_CCGT_SynGas,1,CO2,2045,0,,Fraction,,,
DE,CHP_Hydrogen_FuelCell,1,CO2,2045,0,,Fraction,,,
DE,CHP_Biomass_Solid_CCS,1,CO2,2045,-0.88,,Fraction,,,
DE,CHP_Coal_Hardcoal_CCS,1,CO2,2045,0.12,,Fraction,,,
DE,CHP_Coal_Lignite_CCS,1,CO2,2045,0.12,,Fraction,,,
DE,CHP_Gas_CCGT_Natural_CCS,1,CO2,2045,0.12,,Fraction,,,
DE,CHP_Gas_CCGT_Biogas_CCS,1,CO2,2045,-0.88,,Fraction,,,
DE,CHP_Biomass_Solid,2,CO2,2045,0,,Fraction,,,
DE,CHP_Coal_Hardcoal,2,CO2,2045,1,,Fraction,,,
DE,CHP_Coal_Lignite,2,CO2,2045,1,,Fraction,,,
DE,CHP_Gas_CCGT_Natural,2,CO2,2045,1,,Fraction,,,
DE,CHP_Gas_CCGT_Biogas,2,CO2,2045,0,,Fraction,,,
DE,CHP_Gas_CCGT_SynGas,2,CO2,2045,0,,Fraction,,,
DE,CHP_Hydrogen_FuelCell,2,CO2,2045,0,,Fraction,,,
DE,CHP_Biomass_Solid_CCS,2,CO2,2045,-0.88,,Fraction,,,
DE,CHP_Coal_Hardcoal_CCS,2,CO2,2045,0.12,,Fraction,,,
DE,CHP_Coal_Lignite_CCS,2,CO2,2045,0.12,,Fraction,,,
DE,CHP_Gas_CCGT_Natural_CCS,2,CO2,2045,0.12,,Fraction,,,
DE,CHP_Gas_CCGT_Biogas_CCS,2,CO2,2045,-0.88,,Fraction,,,
DE,CHP_Oil,1,CO2,2045,1,,Fraction,,,
DE,CHP_Oil,2,CO2,2045,1,,Fraction,,,
DE,P_Gas_CCGT,1,CO2,2045,1,,Fraction,,,
DE,P_Gas_OCGT,1,CO2,2045,1,,Fraction,,,
DE,P_Gas_Engines,1,CO2,2045,1,,Fraction,,,
World,CHP_Coal_Hardcoal,1,CO2,2050,1,,Fraction,,,
World,CHP_Coal_Lignite,1,CO2,2050,1,,Fraction,,,
World,FRT_Rail_Conv,1,CO2,2050,1,,Fraction,,,
World,FRT_Road_ICE,1,CO2,2050,1,,Fraction,,,
World,FRT_Road_ICE,2,CO2,2050,0,,Fraction,,,
World,FRT_Road_PHEV,1,CO2,2050,1,,Fraction,,,
World,FRT_Road_PHEV,2,CO2,2050,0,,Fraction,,,
World,FRT_Ship_Conv,1,CO2,2050,1,,Fraction,,,
World,P_Coal_Hardcoal,1,CO2,2050,1,,Fraction,,,
World,P_Coal_Lignite,1,CO2,2050,1,,Fraction,,,
World,P_Oil,1,CO2,2050,1,,Fraction,,,
World,PSNG_Air_Conv,1,CO2,2050,1,,Fraction,,,
World,PSNG_Rail_Conv,1,CO2,2050,1,,Fraction,,,
World,PSNG_Road_ICE,1,CO2,2050,1,,Fraction,,,
World,PSNG_Road_ICE,2,CO2,2050,0,,Fraction,,,
World,PSNG_Road_PHEV,1,CO2,2050,1,,Fraction,,,
World,PSNG_Road_PHEV,2,CO2,2050,0,,Fraction,,,
World,P_Biomass_CCS,1,CO2,2050,-0.7,,Fraction,,,
World,HB_Gas_Boiler,1,CO2,2050,1,,Fraction,,,
World,HB_Hardcoal,1,CO2,2050,1,,Fraction,,,
World,HB_Lignite,1,CO2,2050,1,,Fraction,,,
World,HB_Oil_Boiler,1,CO2,2050,1,,Fraction,,,
World,HLI_Gas_Boiler,1,CO2,2050,1,,Fraction,,,
World,HLI_Hardcoal,1,CO2,2050,1,,Fraction,,,
World,HLI_Lignite,1,CO2,2050,1,,Fraction,,,
World,HLI_Oil_Boiler,1,CO2,2050,1,,Fraction,,,
World,HMHI_Gas,1,CO2,2050,1,,Fraction,,,
World,HMHI_HardCoal,1,CO2,2050,1,,Fraction,,,
World,HMHI_Oil,1,CO2,2050,1,,Fraction,,,
World,HHI_BF_BOF,1,CO2,2050,1,,Fraction,,,
World,HHI_BF_BOF,2,CO2,2050,1,,Fraction,,,
World,HHI_BF_BOF,3,CO2,2050,1,,Fraction,,,
World,HHI_BF_BOF,4,CO2,2050,1,,Fraction,,,
World,HHI_DRI_EAF,1,CO2,2050,1,,Fraction,,,
World,HHI_Bio_BF_BOF,1,CO2,2050,1,,Fraction,,,
World,HHI_BF_BOF_CCS,1,CO2,2050,0.08,,Fraction,,,
World,HHI_BF_BOF_CCS,2,CO2,2050,0.08,,Fraction,,,
World,HHI_BF_BOF_CCS,3,CO2,2050,0.08,,Fraction,,,
World,HHI_BF_BOF_CCS,4,CO2,2050,0.08,,Fraction,,,
World,HHI_DRI_EAF_CCS,1,CO2,2050,0.08,,Fraction,,,
World,HMHI_Gas_CCS,1,CO2,2050,0.08,,Fraction,,,
World,HMHI_HardCoal_CCS,1,CO2,2050,0.08,,Fraction,,,
World,P_Coal_Hardcoal_CCS,1,CO2,2050,0.08,,Fraction,,,
World,P_Coal_Lignite_CCS,1,CO2,2050,0.12,,Fraction,,,
World,P_Gas_CCS,1,CO2,2050,0.08,,Fraction,,,
World,X_SMR,1,CO2,2050,1,,Fraction,,,
World,X_ATR_CCS,1,CO2,2050,0.059,,Fraction,H21 North of England (2018) Section 3 Table 3.13,01.02.2024,Stian Backe <stian.backe@sintef.no>
DE,FRT_Rail_Conv,1,CO2,2050,1,,Fraction,,,
DE,FRT_Road_ICE,1,CO2,2050,1,,Fraction,,,
DE,FRT_Road_ICE,2,CO2,2050,0,,Fraction,,,
DE,FRT_Road_PHEV,1,CO2,2050,1,,Fraction,,,
DE,FRT_Road_PHEV,2,CO2,2050,0,,Fraction,,,
DE,FRT_Ship_Conv,1,CO2,2050,1,,Fraction,,,
DE,P_Coal_Hardcoal,1,CO2,2050,1,,Fraction,,,
DE,P_Coal_Lignite,1,CO2,2050,1,,Fraction,,,
DE,P_Oil,1,CO2,2050,1,,Fraction,,,
DE,PSNG_Air_Conv,1,CO2,2050,1,,Fraction,,,
DE,PSNG_Rail_Conv,1,CO2,2050,1,,Fraction,,,
DE,PSNG_Road_ICE,1,CO2,2050,1,,Fraction,,,
DE,PSNG_Road_ICE,2,CO2,2050,0,,Fraction,,,
DE,PSNG_Road_PHEV,1,CO2,2050,1,,Fraction,,,
DE,PSNG_Road_PHEV,2,CO2,2050,0,,Fraction,,,
DE,P_Biomass_CCS,1,CO2,2050,-0.7,,Fraction,,,
DE,HB_Gas_Boiler,1,CO2,2050,1,,Fraction,,,
DE,HB_Hardcoal,1,CO2,2050,1,,Fraction,,,
DE,HB_Lignite,1,CO2,2050,1,,Fraction,,,
DE,HB_Oil_Boiler,1,CO2,2050,1,,Fraction,,,
DE,HLI_Gas_Boiler,1,CO2,2050,1,,Fraction,,,
DE,HLI_Hardcoal,1,CO2,2050,1,,Fraction,,,
DE,HLI_Lignite,1,CO2,2050,1,,Fraction,,,
DE,HLI_Oil_Boiler,1,CO2,2050,1,,Fraction,,,
DE,HMHI_Gas,1,CO2,2050,1,,Fraction,,,
DE,HMHI_HardCoal,1,CO2,2050,1,,Fraction,,,
DE,HMHI_Oil,1,CO2,2050,1,,Fraction,,,
DE,HHI_BF_BOF,1,CO2,2050,1,,Fraction,,,
DE,HHI_BF_BOF,2,CO2,2050,1,,Fraction,,,
DE,HHI_BF_BOF,3,CO2,2050,1,,Fraction,,,
DE,HHI_BF_BOF,4,CO2,2050,1,,Fraction,,,
DE,HHI_DRI_EAF,1,CO2,2050,1,,Fraction,,,
DE,HHI_Bio_BF_BOF,1,CO2,2050,1,,Fraction,,,
DE,HHI_BF_BOF_CCS,1,CO2,2050,0.12,,Fraction,,,
DE,HHI_BF_BOF_CCS,2,CO2,2050,0.12,,Fraction,,,
DE,HHI_BF_BOF_CCS,3,CO2,2050,0.12,,Fraction,,,
DE,HHI_BF_BOF_CCS,4,CO2,2050,0.12,,Fraction,,,
DE,HHI_DRI_EAF_CCS,1,CO2,2050,0.12,,Fraction,,,
DE,HMHI_Gas_CCS,1,CO2,2050,0.12,,Fraction,,,
DE,HMHI_HardCoal_CCS,1,CO2,2050,0.12,,Fraction,,,
DE,P_Coal_Hardcoal_CCS,1,CO2,2050,0.12,,Fraction,,,
DE,P_Coal_Lignite_CCS,1,CO2,2050,0.12,,Fraction,,,
DE,P_Gas_CCS,1,CO2,2050,0.12,,Fraction,,,
DE,X_SMR,1,CO2,2050,1,,Fraction,,,
DE,X_ATR_CCS,1,CO2,2050,0.059,,Fraction,H21 North of England (2018) Section 3 Table 3.13,01.02.2024,Stian Backe <stian.backe@sintef.no>
DE,FRT_Road_LNG,1,CO2,2050,1,,Fraction,,,
DE,FRT_Ship_LNG,1,CO2,2050,1,,Fraction,,,
DE,PSNG_Road_LNG,1,CO2,2050,1,,Fraction,,,
DE,X_DAC_LT,1,CO2,2050,-1,,Fraction,,,
DE,X_DAC_HT,1,CO2,2050,-1,,Fraction,,,
DE,Z_ETS_Sell,1,CO2,2050,1,,Fraction,,,
DE,Z_ETS_Buy,1,CO2,2050,-1,,Fraction,,,
DE,CHP_Biomass_Solid,1,CO2,2050,0,,Fraction,,,
DE,CHP_Coal_Hardcoal,1,CO2,2050,1,,Fraction,,,
DE,CHP_Coal_Lignite,1,CO2,2050,1,,Fraction,,,
DE,CHP_Gas_CCGT_Natural,1,CO2,2050,1,,Fraction,,,
DE,CHP_Gas_CCGT_Biogas,1,CO2,2050,0,,Fraction,,,
DE,CHP_Gas_CCGT_SynGas,1,CO2,2050,0,,Fraction,,,
DE,CHP_Hydrogen_FuelCell,1,CO2,2050,0,,Fraction,,,
DE,CHP_Biomass_Solid_CCS,1,CO2,2050,-0.88,,Fraction,,,
DE,CHP_Coal_Hardcoal_CCS,1,CO2,2050,0.12,,Fraction,,,
DE,CHP_Coal_Lignite_CCS,1,CO2,2050,0.12,,Fraction,,,
DE,CHP_Gas_CCGT_Natural_CCS,1,CO2,2050,0.12,,Fraction,,,
DE,CHP_Gas_CCGT_Biogas_CCS,1,CO2,2050,-0.88,,Fraction,,,
DE,CHP_Biomass_Solid,2,CO2,2050,0,,Fraction,,,
DE,CHP_Coal_Hardcoal,2,CO2,2050,1,,Fraction,,,
DE,CHP_Coal_Lignite,2,CO2,2050,1,,Fraction,,,
DE,CHP_Gas_CCGT_Natural,2,CO2,2050,1,,Fraction,,,
DE,CHP_Gas_CCGT_Biogas,2,CO2,2050,0,,Fraction,,,
DE,CHP_Gas_CCGT_SynGas,2,CO2,2050,0,,Fraction,,,
DE,CHP_Hydrogen_FuelCell,2,CO2,2050,0,,Fraction,,,
DE,CHP_Biomass_Solid_CCS,2,CO2,2050,-0.88,,Fraction,,,
DE,CHP_Coal_Hardcoal_CCS,2,CO2,2050,0.12,,Fraction,,,
DE,CHP_Coal_Lignite_CCS,2,CO2,2050,0.12,,Fraction,,,
DE,CHP_Gas_CCGT_Natural_CCS,2,CO2,2050,0.12,,Fraction,,,
DE,CHP_Gas_CCGT_Biogas_CCS,2,CO2,2050,-0.88,,Fraction,,,
DE,CHP_Oil,1,CO2,2050,1,,Fraction,,,
DE,CHP_Oil,2,CO2,2050,1,,Fraction,,,
DE,P_Gas_CCGT,1,CO2,2050,1,,Fraction,,,
DE,P_Gas_OCGT,1,CO2,2050,1,,Fraction,,,
DE,P_Gas_Engines,1,CO2,2050,1,,Fraction,,,
World,CHP_WasteToEnergy,1,CO2,2018,1,,Fraction,,,
DE,CHP_WasteToEnergy,1,CO2,2018,1,,Fraction,,,
World,CHP_WasteToEnergy,1,CO2,2020,1,,Fraction,,,
DE,CHP_WasteToEnergy,1,CO2,2020,1,,Fraction,,,
World,CHP_WasteToEnergy,1,CO2,2025,1,,Fraction,,,
DE,CHP_WasteToEnergy,1,CO2,2025,1,,Fraction,,,
World,CHP_WasteToEnergy,1,CO2,2030,1,,Fraction,,,
DE,CHP_WasteToEnergy,1,CO2,2030,1,,Fraction,,,
World,CHP_WasteToEnergy,1,CO2,2035,1,,Fraction,,,
DE,CHP_WasteToEnergy,1,CO2,2035,1,,Fraction,,,
World,CHP_WasteToEnergy,1,CO2,2040,1,,Fraction,,,
DE,CHP_WasteToEnergy,1,CO2,2040,1,,Fraction,,,
World,CHP_WasteToEnergy,1,CO2,2045,1,,Fraction,,,
DE,CHP_WasteToEnergy,1,CO2,2045,1,,Fraction,,,
World,CHP_WasteToEnergy,1,CO2,2050,1,,Fraction,,,
DE,CHP_WasteToEnergy,1,CO2,2050,1,,Fraction,,,
World,HMHI_Gas,4,CO2,2018,1,,Fraction,,,
World,HMHI_HardCoal,2,CO2,2018,1,,Fraction,,,
World,HMHI_Oil,2,CO2,2018,1,,Fraction,,,
World,HMHI_Gas_CCS,2,CO2,2018,0.12,,Fraction,,,
World,HMHI_HardCoal_CCS,2,CO2,2018,0.12,,Fraction,,,
DE,HMHI_Gas,4,CO2,2018,1,,Fraction,,,
DE,HMHI_HardCoal,2,CO2,2018,1,,Fraction,,,
DE,HMHI_Oil,2,CO2,2018,1,,Fraction,,,
DE,HMHI_Gas_CCS,2,CO2,2018,0.12,,Fraction,,,
DE,HMHI_HardCoal_CCS,2,CO2,2018,0.12,,Fraction,,,
World,HMHI_Gas,4,CO2,2020,1,,Fraction,,,
World,HMHI_HardCoal,2,CO2,2020,1,,Fraction,,,
World,HMHI_Oil,2,CO2,2020,1,,Fraction,,,
World,HMHI_Gas_CCS,2,CO2,2020,0.093333333,,Fraction,,,
World,HMHI_HardCoal_CCS,2,CO2,2020,0.093333333,,Fraction,,,
DE,HMHI_Gas,4,CO2,2020,1,,Fraction,,,
DE,HMHI_HardCoal,2,CO2,2020,1,,Fraction,,,
DE,HMHI_Oil,2,CO2,2020,1,,Fraction,,,
DE,HMHI_Gas_CCS,2,CO2,2020,0.12,,Fraction,,,
DE,HMHI_HardCoal_CCS,2,CO2,2020,0.12,,Fraction,,,
World,HMHI_Gas,4,CO2,2025,1,,Fraction,,,
World,HMHI_HardCoal,2,CO2,2025,1,,Fraction,,,
World,HMHI_Oil,2,CO2,2025,1,,Fraction,,,
World,HMHI_Gas_CCS,2,CO2,2025,0.084444444,,Fraction,,,
World,HMHI_HardCoal_CCS,2,CO2,2025,0.084444444,,Fraction,,,
DE,HMHI_Gas,4,CO2,2025,1,,Fraction,,,
DE,HMHI_HardCoal,2,CO2,2025,1,,Fraction,,,
DE,HMHI_Oil,2,CO2,2025,1,,Fraction,,,
DE,HMHI_Gas_CCS,2,CO2,2025,0.12,,Fraction,,,
DE,HMHI_HardCoal_CCS,2,CO2,2025,0.12,,Fraction,,,
World,HMHI_Gas,4,CO2,2030,1,,Fraction,,,
World,HMHI_HardCoal,2,CO2,2030,1,,Fraction,,,
World,HMHI_Oil,2,CO2,2030,1,,Fraction,,,
World,HMHI_Gas_CCS,2,CO2,2030,0.082222222,,Fraction,,,
World,HMHI_HardCoal_CCS,2,CO2,2030,0.082222222,,Fraction,,,
DE,HMHI_Gas,4,CO2,2030,1,,Fraction,,,
DE,HMHI_HardCoal,2,CO2,2030,1,,Fraction,,,
DE,HMHI_Oil,2,CO2,2030,1,,Fraction,,,
DE,HMHI_Gas_CCS,2,CO2,2030,0.12,,Fraction,,,
DE,HMHI_HardCoal_CCS,2,CO2,2030,0.12,,Fraction,,,
World,HMHI_Gas,4,CO2,2035,1,,Fraction,,,
World,HMHI_HardCoal,2,CO2,2035,1,,Fraction,,,
World,HMHI_Oil,2,CO2,2035,1,,Fraction,,,
World,HMHI_Gas_CCS,2,CO2,2035,0.081111111,,Fraction,,,
World,HMHI_HardCoal_CCS,2,CO2,2035,0.081111111,,Fraction,,,
DE,HMHI_Gas,4,CO2,2035,1,,Fraction,,,
DE,HMHI_HardCoal,2,CO2,2035,1,,Fraction,,,
DE,HMHI_Oil,2,CO2,2035,1,,Fraction,,,
DE,HMHI_Gas_CCS,2,CO2,2035,0.12,,Fraction,,,
DE,HMHI_HardCoal_CCS,2,CO2,2035,0.12,,Fraction,,,
World,HMHI_Gas,4,CO2,2040,1,,Fraction,,,
World,HMHI_HardCoal,2,CO2,2040,1,,Fraction,,,
World,HMHI_Oil,2,CO2,2040,1,,Fraction,,,
World,HMHI_Gas_CCS,2,CO2,2040,0.080555556,,Fraction,,,
World,HMHI_HardCoal_CCS,2,CO2,2040,0.080555556,,Fraction,,,
DE,HMHI_Gas,4,CO2,2040,1,,Fraction,,,
DE,HMHI_HardCoal,2,CO2,2040,1,,Fraction,,,
DE,HMHI_Oil,2,CO2,2040,1,,Fraction,,,
DE,HMHI_Gas_CCS,2,CO2,2040,0.12,,Fraction,,,
DE,HMHI_HardCoal_CCS,2,CO2,2040,0.12,,Fraction,,,
World,HMHI_Gas,4,CO2,2045,1,,Fraction,,,
World,HMHI_HardCoal,2,CO2,2045,1,,Fraction,,,
World,HMHI_Oil,2,CO2,2045,1,,Fraction,,,
World,HMHI_Gas_CCS,2,CO2,2045,0.080277778,,Fraction,,,
World,HMHI_HardCoal_CCS,2,CO2,2045,0.080277778,,Fraction,,,
DE,HMHI_Gas,4,CO2,2045,1,,Fraction,,,
DE,HMHI_HardCoal,2,CO2,2045,1,,Fraction,,,
DE,HMHI_Oil,2,CO2,2045,1,,Fraction,,,
DE,HMHI_Gas_CCS,2,CO2,2045,0.12,,Fraction,,,
DE,HMHI_HardCoal_CCS,2,CO2,2045,0.12,,Fraction,,,
World,HMHI_Gas,4,CO2,2050,1,,Fraction,,,
World,HMHI_HardCoal,2,CO2,2050,1,,Fraction,,,
World,HMHI_Oil,2,CO2,2050,1,,Fraction,,,
World,HMHI_Gas_CCS,2,CO2,2050,0.08,,Fraction,,,
World,HMHI_HardCoal_CCS,2,CO2,2050,0.08,,Fraction,,,
DE,HMHI_Gas,4,CO2,2050,1,,Fraction,,,
DE,HMHI_HardCoal,2,CO2,2050,1,,Fraction,,,
DE,HMHI_Oil,2,CO2,2050,1,,Fraction,,,
DE,HMHI_Gas_CCS,2,CO2,2050,0.12,,Fraction,,,
DE,HMHI_HardCoal_CCS,2,CO2,2050,0.12,,Fraction,,,
