Region,Technology,Emission,Year,Value
World,CHP_Biomass_CCS,CO2,2018,1
DE,CHP_Biomass_CCS,CO2,2018,1
World,CHP_Biomass_CCS,CO2,2020,1
DE,CHP_Biomass_CCS,CO2,2020,1
World,CHP_Biomass_CCS,CO2,2025,1
DE,CHP_Biomass_CCS,CO2,2025,1
World,CHP_Biomass_CCS,CO2,2030,1
DE,CHP_Biomass_CCS,CO2,2030,1
World,CHP_Biomass_CCS,CO2,2035,1
DE,CHP_Biomass_CCS,CO2,2035,1
World,CHP_Biomass_CCS,CO2,2040,1
DE,CHP_Biomass_CCS,CO2,2040,1
World,CHP_Biomass_CCS,CO2,2045,1
DE,CHP_Biomass_CCS,CO2,2045,1
World,CHP_Biomass_CCS,CO2,2050,1
DE,CHP_Biomass_CCS,CO2,2050,1
DE,CHP_Biomass_Solid,CO2,2018,1
DE,CHP_Biomass_Solid,CO2,2020,1
DE,CHP_Biomass_Solid,CO2,2025,1
DE,CHP_Biomass_Solid,CO2,2030,1
DE,CHP_Biomass_Solid,CO2,2035,1
DE,CHP_Biomass_Solid,CO2,2040,1
DE,CHP_Biomass_Solid,CO2,2045,1
DE,CHP_Biomass_Solid,CO2,2050,1
DE,CHP_Biomass_Solid_CCS,CO2,2018,1
DE,CHP_Biomass_Solid_CCS,CO2,2020,1
DE,CHP_Biomass_Solid_CCS,CO2,2025,1
DE,CHP_Biomass_Solid_CCS,CO2,2030,1
DE,CHP_Biomass_Solid_CCS,CO2,2035,1
DE,CHP_Biomass_Solid_CCS,CO2,2040,1
DE,CHP_Biomass_Solid_CCS,CO2,2045,1
DE,CHP_Biomass_Solid_CCS,CO2,2050,1
World,CHP_Coal_Hardcoal,CO2,2018,1
DE,CHP_Coal_Hardcoal,CO2,2018,1
World,CHP_Coal_Hardcoal,CO2,2020,1
DE,CHP_Coal_Hardcoal,CO2,2020,1
World,CHP_Coal_Hardcoal,CO2,2025,1
DE,CHP_Coal_Hardcoal,CO2,2025,1
World,CHP_Coal_Hardcoal,CO2,2030,1
DE,CHP_Coal_Hardcoal,CO2,2030,1
World,CHP_Coal_Hardcoal,CO2,2035,1
DE,CHP_Coal_Hardcoal,CO2,2035,1
World,CHP_Coal_Hardcoal,CO2,2040,1
DE,CHP_Coal_Hardcoal,CO2,2040,1
World,CHP_Coal_Hardcoal,CO2,2045,1
DE,CHP_Coal_Hardcoal,CO2,2045,1
World,CHP_Coal_Hardcoal,CO2,2050,1
DE,CHP_Coal_Hardcoal,CO2,2050,1
DE,CHP_Coal_Hardcoal_CCS,CO2,2018,1
DE,CHP_Coal_Hardcoal_CCS,CO2,2020,1
DE,CHP_Coal_Hardcoal_CCS,CO2,2025,1
DE,CHP_Coal_Hardcoal_CCS,CO2,2030,1
DE,CHP_Coal_Hardcoal_CCS,CO2,2035,1
DE,CHP_Coal_Hardcoal_CCS,CO2,2040,1
DE,CHP_Coal_Hardcoal_CCS,CO2,2045,1
DE,CHP_Coal_Hardcoal_CCS,CO2,2050,1
World,CHP_Coal_Lignite,CO2,2018,1
DE,CHP_Coal_Lignite,CO2,2018,1
World,CHP_Coal_Lignite,CO2,2020,1
DE,CHP_Coal_Lignite,CO2,2020,1
World,CHP_Coal_Lignite,CO2,2025,1
DE,CHP_Coal_Lignite,CO2,2025,1
World,CHP_Coal_Lignite,CO2,2030,1
DE,CHP_Coal_Lignite,CO2,2030,1
World,CHP_Coal_Lignite,CO2,2035,1
DE,CHP_Coal_Lignite,CO2,2035,1
World,CHP_Coal_Lignite,CO2,2040,1
DE,CHP_Coal_Lignite,CO2,2040,1
World,CHP_Coal_Lignite,CO2,2045,1
DE,CHP_Coal_Lignite,CO2,2045,1
World,CHP_Coal_Lignite,CO2,2050,1
DE,CHP_Coal_Lignite,CO2,2050,1
DE,CHP_Coal_Lignite_CCS,CO2,2018,1
DE,CHP_Coal_Lignite_CCS,CO2,2020,1
DE,CHP_Coal_Lignite_CCS,CO2,2025,1
DE,CHP_Coal_Lignite_CCS,CO2,2030,1
DE,CHP_Coal_Lignite_CCS,CO2,2035,1
DE,CHP_Coal_Lignite_CCS,CO2,2040,1
DE,CHP_Coal_Lignite_CCS,CO2,2045,1
DE,CHP_Coal_Lignite_CCS,CO2,2050,1
World,CHP_Gas,CO2,2018,1
DE,CHP_Gas,CO2,2018,1
World,CHP_Gas,CO2,2020,1
DE,CHP_Gas,CO2,2020,1
World,CHP_Gas,CO2,2025,1
DE,CHP_Gas,CO2,2025,1
World,CHP_Gas,CO2,2030,1
DE,CHP_Gas,CO2,2030,1
World,CHP_Gas,CO2,2035,1
DE,CHP_Gas,CO2,2035,1
World,CHP_Gas,CO2,2040,1
DE,CHP_Gas,CO2,2040,1
World,CHP_Gas,CO2,2045,1
DE,CHP_Gas,CO2,2045,1
World,CHP_Gas,CO2,2050,1
DE,CHP_Gas,CO2,2050,1
DE,CHP_Gas_CCGT_Biogas,CO2,2018,1
DE,CHP_Gas_CCGT_Biogas,CO2,2020,1
DE,CHP_Gas_CCGT_Biogas,CO2,2025,1
DE,CHP_Gas_CCGT_Biogas,CO2,2030,1
DE,CHP_Gas_CCGT_Biogas,CO2,2035,1
DE,CHP_Gas_CCGT_Biogas,CO2,2040,1
DE,CHP_Gas_CCGT_Biogas,CO2,2045,1
DE,CHP_Gas_CCGT_Biogas,CO2,2050,1
DE,CHP_Gas_CCGT_Biogas_CCS,CO2,2018,1
DE,CHP_Gas_CCGT_Biogas_CCS,CO2,2020,1
DE,CHP_Gas_CCGT_Biogas_CCS,CO2,2025,1
DE,CHP_Gas_CCGT_Biogas_CCS,CO2,2030,1
DE,CHP_Gas_CCGT_Biogas_CCS,CO2,2035,1
DE,CHP_Gas_CCGT_Biogas_CCS,CO2,2040,1
DE,CHP_Gas_CCGT_Biogas_CCS,CO2,2045,1
DE,CHP_Gas_CCGT_Biogas_CCS,CO2,2050,1
DE,CHP_Gas_CCGT_Natural,CO2,2018,1
DE,CHP_Gas_CCGT_Natural,CO2,2020,1
DE,CHP_Gas_CCGT_Natural,CO2,2025,1
DE,CHP_Gas_CCGT_Natural,CO2,2030,1
DE,CHP_Gas_CCGT_Natural,CO2,2035,1
DE,CHP_Gas_CCGT_Natural,CO2,2040,1
DE,CHP_Gas_CCGT_Natural,CO2,2045,1
DE,CHP_Gas_CCGT_Natural,CO2,2050,1
DE,CHP_Gas_CCGT_Natural_CCS,CO2,2018,1
DE,CHP_Gas_CCGT_Natural_CCS,CO2,2020,1
DE,CHP_Gas_CCGT_Natural_CCS,CO2,2025,1
DE,CHP_Gas_CCGT_Natural_CCS,CO2,2030,1
DE,CHP_Gas_CCGT_Natural_CCS,CO2,2035,1
DE,CHP_Gas_CCGT_Natural_CCS,CO2,2040,1
DE,CHP_Gas_CCGT_Natural_CCS,CO2,2045,1
DE,CHP_Gas_CCGT_Natural_CCS,CO2,2050,1
DE,CHP_Gas_CCGT_SynGas,CO2,2018,1
DE,CHP_Gas_CCGT_SynGas,CO2,2020,1
DE,CHP_Gas_CCGT_SynGas,CO2,2025,1
DE,CHP_Gas_CCGT_SynGas,CO2,2030,1
DE,CHP_Gas_CCGT_SynGas,CO2,2035,1
DE,CHP_Gas_CCGT_SynGas,CO2,2040,1
DE,CHP_Gas_CCGT_SynGas,CO2,2045,1
DE,CHP_Gas_CCGT_SynGas,CO2,2050,1
DE,CHP_Hydrogen_FuelCell,CO2,2018,1
DE,CHP_Hydrogen_FuelCell,CO2,2020,1
DE,CHP_Hydrogen_FuelCell,CO2,2025,1
DE,CHP_Hydrogen_FuelCell,CO2,2030,1
DE,CHP_Hydrogen_FuelCell,CO2,2035,1
DE,CHP_Hydrogen_FuelCell,CO2,2040,1
DE,CHP_Hydrogen_FuelCell,CO2,2045,1
DE,CHP_Hydrogen_FuelCell,CO2,2050,1
DE,CHP_Oil,CO2,2018,1
DE,CHP_Oil,CO2,2020,1
DE,CHP_Oil,CO2,2025,1
DE,CHP_Oil,CO2,2030,1
DE,CHP_Oil,CO2,2035,1
DE,CHP_Oil,CO2,2040,1
DE,CHP_Oil,CO2,2045,1
DE,CHP_Oil,CO2,2050,1
World,FRT_Rail_Conv,CO2,2018,0
DE,FRT_Rail_Conv,CO2,2018,1
World,FRT_Rail_Conv,CO2,2020,0
DE,FRT_Rail_Conv,CO2,2020,1
World,FRT_Rail_Conv,CO2,2025,0
DE,FRT_Rail_Conv,CO2,2025,1
World,FRT_Rail_Conv,CO2,2030,0
DE,FRT_Rail_Conv,CO2,2030,1
World,FRT_Rail_Conv,CO2,2035,0
DE,FRT_Rail_Conv,CO2,2035,1
World,FRT_Rail_Conv,CO2,2040,0
DE,FRT_Rail_Conv,CO2,2040,1
World,FRT_Rail_Conv,CO2,2045,0
DE,FRT_Rail_Conv,CO2,2045,1
World,FRT_Rail_Conv,CO2,2050,0
DE,FRT_Rail_Conv,CO2,2050,1
World,FRT_Road_ICE,CO2,2018,0
DE,FRT_Road_ICE,CO2,2018,1
World,FRT_Road_ICE,CO2,2020,0
DE,FRT_Road_ICE,CO2,2020,1
World,FRT_Road_ICE,CO2,2025,0
DE,FRT_Road_ICE,CO2,2025,1
World,FRT_Road_ICE,CO2,2030,0
DE,FRT_Road_ICE,CO2,2030,1
World,FRT_Road_ICE,CO2,2035,0
DE,FRT_Road_ICE,CO2,2035,1
World,FRT_Road_ICE,CO2,2040,0
DE,FRT_Road_ICE,CO2,2040,1
World,FRT_Road_ICE,CO2,2045,0
DE,FRT_Road_ICE,CO2,2045,1
World,FRT_Road_ICE,CO2,2050,0
DE,FRT_Road_ICE,CO2,2050,1
DE,FRT_Road_LNG,CO2,2018,1
DE,FRT_Road_LNG,CO2,2020,1
DE,FRT_Road_LNG,CO2,2025,1
DE,FRT_Road_LNG,CO2,2030,1
DE,FRT_Road_LNG,CO2,2035,1
DE,FRT_Road_LNG,CO2,2040,1
DE,FRT_Road_LNG,CO2,2045,1
DE,FRT_Road_LNG,CO2,2050,1
World,FRT_Road_PHEV,CO2,2018,0
DE,FRT_Road_PHEV,CO2,2018,1
World,FRT_Road_PHEV,CO2,2020,0
DE,FRT_Road_PHEV,CO2,2020,1
World,FRT_Road_PHEV,CO2,2025,0
DE,FRT_Road_PHEV,CO2,2025,1
World,FRT_Road_PHEV,CO2,2030,0
DE,FRT_Road_PHEV,CO2,2030,1
World,FRT_Road_PHEV,CO2,2035,0
DE,FRT_Road_PHEV,CO2,2035,1
World,FRT_Road_PHEV,CO2,2040,0
DE,FRT_Road_PHEV,CO2,2040,1
World,FRT_Road_PHEV,CO2,2045,0
DE,FRT_Road_PHEV,CO2,2045,1
World,FRT_Road_PHEV,CO2,2050,0
DE,FRT_Road_PHEV,CO2,2050,1
World,FRT_Ship_Conv,CO2,2018,0
DE,FRT_Ship_Conv,CO2,2018,1
World,FRT_Ship_Conv,CO2,2020,0
DE,FRT_Ship_Conv,CO2,2020,1
World,FRT_Ship_Conv,CO2,2025,0
DE,FRT_Ship_Conv,CO2,2025,1
World,FRT_Ship_Conv,CO2,2030,0
DE,FRT_Ship_Conv,CO2,2030,1
World,FRT_Ship_Conv,CO2,2035,0
DE,FRT_Ship_Conv,CO2,2035,1
World,FRT_Ship_Conv,CO2,2040,0
DE,FRT_Ship_Conv,CO2,2040,1
World,FRT_Ship_Conv,CO2,2045,0
DE,FRT_Ship_Conv,CO2,2045,1
World,FRT_Ship_Conv,CO2,2050,0
DE,FRT_Ship_Conv,CO2,2050,1
DE,FRT_Ship_LNG,CO2,2018,1
DE,FRT_Ship_LNG,CO2,2020,1
DE,FRT_Ship_LNG,CO2,2025,1
DE,FRT_Ship_LNG,CO2,2030,1
DE,FRT_Ship_LNG,CO2,2035,1
DE,FRT_Ship_LNG,CO2,2040,1
DE,FRT_Ship_LNG,CO2,2045,1
DE,FRT_Ship_LNG,CO2,2050,1
World,HHI_BF_BOF,CO2,2018,1
DE,HHI_BF_BOF,CO2,2018,1
World,HHI_BF_BOF,CO2,2020,1
DE,HHI_BF_BOF,CO2,2020,1
World,HHI_BF_BOF,CO2,2025,1
DE,HHI_BF_BOF,CO2,2025,1
World,HHI_BF_BOF,CO2,2030,1
DE,HHI_BF_BOF,CO2,2030,1
World,HHI_BF_BOF,CO2,2035,1
DE,HHI_BF_BOF,CO2,2035,1
World,HHI_BF_BOF,CO2,2040,1
DE,HHI_BF_BOF,CO2,2040,1
World,HHI_BF_BOF,CO2,2045,1
DE,HHI_BF_BOF,CO2,2045,1
World,HHI_BF_BOF,CO2,2050,1
DE,HHI_BF_BOF,CO2,2050,1
World,HHI_BF_BOF_CCS,CO2,2018,1
DE,HHI_BF_BOF_CCS,CO2,2018,1
World,HHI_BF_BOF_CCS,CO2,2020,1
DE,HHI_BF_BOF_CCS,CO2,2020,1
World,HHI_BF_BOF_CCS,CO2,2025,1
DE,HHI_BF_BOF_CCS,CO2,2025,1
World,HHI_BF_BOF_CCS,CO2,2030,1
DE,HHI_BF_BOF_CCS,CO2,2030,1
World,HHI_BF_BOF_CCS,CO2,2035,1
DE,HHI_BF_BOF_CCS,CO2,2035,1
World,HHI_BF_BOF_CCS,CO2,2040,1
DE,HHI_BF_BOF_CCS,CO2,2040,1
World,HHI_BF_BOF_CCS,CO2,2045,1
DE,HHI_BF_BOF_CCS,CO2,2045,1
World,HHI_BF_BOF_CCS,CO2,2050,1
DE,HHI_BF_BOF_CCS,CO2,2050,1
World,HHI_Bio_BF_BOF,CO2,2018,1
DE,HHI_Bio_BF_BOF,CO2,2018,1
World,HHI_Bio_BF_BOF,CO2,2020,1
DE,HHI_Bio_BF_BOF,CO2,2020,1
World,HHI_Bio_BF_BOF,CO2,2025,1
DE,HHI_Bio_BF_BOF,CO2,2025,1
World,HHI_Bio_BF_BOF,CO2,2030,1
DE,HHI_Bio_BF_BOF,CO2,2030,1
World,HHI_Bio_BF_BOF,CO2,2035,1
DE,HHI_Bio_BF_BOF,CO2,2035,1
World,HHI_Bio_BF_BOF,CO2,2040,1
DE,HHI_Bio_BF_BOF,CO2,2040,1
World,HHI_Bio_BF_BOF,CO2,2045,1
DE,HHI_Bio_BF_BOF,CO2,2045,1
World,HHI_Bio_BF_BOF,CO2,2050,1
DE,HHI_Bio_BF_BOF,CO2,2050,1
World,HHI_DRI_EAF,CO2,2018,1
DE,HHI_DRI_EAF,CO2,2018,1
World,HHI_DRI_EAF,CO2,2020,1
DE,HHI_DRI_EAF,CO2,2020,1
World,HHI_DRI_EAF,CO2,2025,1
DE,HHI_DRI_EAF,CO2,2025,1
World,HHI_DRI_EAF,CO2,2030,1
DE,HHI_DRI_EAF,CO2,2030,1
World,HHI_DRI_EAF,CO2,2035,1
DE,HHI_DRI_EAF,CO2,2035,1
World,HHI_DRI_EAF,CO2,2040,1
DE,HHI_DRI_EAF,CO2,2040,1
World,HHI_DRI_EAF,CO2,2045,1
DE,HHI_DRI_EAF,CO2,2045,1
World,HHI_DRI_EAF,CO2,2050,1
DE,HHI_DRI_EAF,CO2,2050,1
World,HHI_DRI_EAF_CCS,CO2,2018,1
DE,HHI_DRI_EAF_CCS,CO2,2018,1
World,HHI_DRI_EAF_CCS,CO2,2020,1
DE,HHI_DRI_EAF_CCS,CO2,2020,1
World,HHI_DRI_EAF_CCS,CO2,2025,1
DE,HHI_DRI_EAF_CCS,CO2,2025,1
World,HHI_DRI_EAF_CCS,CO2,2030,1
DE,HHI_DRI_EAF_CCS,CO2,2030,1
World,HHI_DRI_EAF_CCS,CO2,2035,1
DE,HHI_DRI_EAF_CCS,CO2,2035,1
World,HHI_DRI_EAF_CCS,CO2,2040,1
DE,HHI_DRI_EAF_CCS,CO2,2040,1
World,HHI_DRI_EAF_CCS,CO2,2045,1
DE,HHI_DRI_EAF_CCS,CO2,2045,1
World,HHI_DRI_EAF_CCS,CO2,2050,1
DE,HHI_DRI_EAF_CCS,CO2,2050,1
World,HHI_H2DRI_EAF,CO2,2018,1
DE,HHI_H2DRI_EAF,CO2,2018,1
World,HHI_H2DRI_EAF,CO2,2020,1
DE,HHI_H2DRI_EAF,CO2,2020,1
World,HHI_H2DRI_EAF,CO2,2025,1
DE,HHI_H2DRI_EAF,CO2,2025,1
World,HHI_H2DRI_EAF,CO2,2030,1
DE,HHI_H2DRI_EAF,CO2,2030,1
World,HHI_H2DRI_EAF,CO2,2035,1
DE,HHI_H2DRI_EAF,CO2,2035,1
World,HHI_H2DRI_EAF,CO2,2040,1
DE,HHI_H2DRI_EAF,CO2,2040,1
World,HHI_H2DRI_EAF,CO2,2045,1
DE,HHI_H2DRI_EAF,CO2,2045,1
World,HHI_H2DRI_EAF,CO2,2050,1
DE,HHI_H2DRI_EAF,CO2,2050,1
World,HHI_Molten_Electrolysis,CO2,2018,1
DE,HHI_Molten_Electrolysis,CO2,2018,1
World,HHI_Molten_Electrolysis,CO2,2020,1
DE,HHI_Molten_Electrolysis,CO2,2020,1
World,HHI_Molten_Electrolysis,CO2,2025,1
DE,HHI_Molten_Electrolysis,CO2,2025,1
World,HHI_Molten_Electrolysis,CO2,2030,1
DE,HHI_Molten_Electrolysis,CO2,2030,1
World,HHI_Molten_Electrolysis,CO2,2035,1
DE,HHI_Molten_Electrolysis,CO2,2035,1
World,HHI_Molten_Electrolysis,CO2,2040,1
DE,HHI_Molten_Electrolysis,CO2,2040,1
World,HHI_Molten_Electrolysis,CO2,2045,1
DE,HHI_Molten_Electrolysis,CO2,2045,1
World,HHI_Molten_Electrolysis,CO2,2050,1
DE,HHI_Molten_Electrolysis,CO2,2050,1
World,HHI_Scrap_EAF,CO2,2018,1
DE,HHI_Scrap_EAF,CO2,2018,1
World,HHI_Scrap_EAF,CO2,2020,1
DE,HHI_Scrap_EAF,CO2,2020,1
World,HHI_Scrap_EAF,CO2,2025,1
DE,HHI_Scrap_EAF,CO2,2025,1
World,HHI_Scrap_EAF,CO2,2030,1
DE,HHI_Scrap_EAF,CO2,2030,1
World,HHI_Scrap_EAF,CO2,2035,1
DE,HHI_Scrap_EAF,CO2,2035,1
World,HHI_Scrap_EAF,CO2,2040,1
DE,HHI_Scrap_EAF,CO2,2040,1
World,HHI_Scrap_EAF,CO2,2045,1
DE,HHI_Scrap_EAF,CO2,2045,1
World,HHI_Scrap_EAF,CO2,2050,1
DE,HHI_Scrap_EAF,CO2,2050,1
World,HLI_Biomass,CO2,2018,1
DE,HLI_Biomass,CO2,2018,1
World,HLI_Biomass,CO2,2020,1
DE,HLI_Biomass,CO2,2020,1
World,HLI_Biomass,CO2,2025,1
DE,HLI_Biomass,CO2,2025,1
World,HLI_Biomass,CO2,2030,1
DE,HLI_Biomass,CO2,2030,1
World,HLI_Biomass,CO2,2035,1
DE,HLI_Biomass,CO2,2035,1
World,HLI_Biomass,CO2,2040,1
DE,HLI_Biomass,CO2,2040,1
World,HLI_Biomass,CO2,2045,1
DE,HLI_Biomass,CO2,2045,1
World,HLI_Biomass,CO2,2050,1
DE,HLI_Biomass,CO2,2050,1
World,HLI_Biomass_CHP,CO2,2018,1
DE,HLI_Biomass_CHP,CO2,2018,1
World,HLI_Biomass_CHP,CO2,2020,1
DE,HLI_Biomass_CHP,CO2,2020,1
World,HLI_Biomass_CHP,CO2,2025,1
DE,HLI_Biomass_CHP,CO2,2025,1
World,HLI_Biomass_CHP,CO2,2030,1
DE,HLI_Biomass_CHP,CO2,2030,1
World,HLI_Biomass_CHP,CO2,2035,1
DE,HLI_Biomass_CHP,CO2,2035,1
World,HLI_Biomass_CHP,CO2,2040,1
DE,HLI_Biomass_CHP,CO2,2040,1
World,HLI_Biomass_CHP,CO2,2045,1
DE,HLI_Biomass_CHP,CO2,2045,1
World,HLI_Biomass_CHP,CO2,2050,1
DE,HLI_Biomass_CHP,CO2,2050,1
World,HLI_Biomass_CHP_CCS,CO2,2018,1
DE,HLI_Biomass_CHP_CCS,CO2,2018,1
World,HLI_Biomass_CHP_CCS,CO2,2020,1
DE,HLI_Biomass_CHP_CCS,CO2,2020,1
World,HLI_Biomass_CHP_CCS,CO2,2025,1
DE,HLI_Biomass_CHP_CCS,CO2,2025,1
World,HLI_Biomass_CHP_CCS,CO2,2030,1
DE,HLI_Biomass_CHP_CCS,CO2,2030,1
World,HLI_Biomass_CHP_CCS,CO2,2035,1
DE,HLI_Biomass_CHP_CCS,CO2,2035,1
World,HLI_Biomass_CHP_CCS,CO2,2040,1
DE,HLI_Biomass_CHP_CCS,CO2,2040,1
World,HLI_Biomass_CHP_CCS,CO2,2045,1
DE,HLI_Biomass_CHP_CCS,CO2,2045,1
World,HLI_Biomass_CHP_CCS,CO2,2050,1
DE,HLI_Biomass_CHP_CCS,CO2,2050,1
World,HLI_Direct_Electric,CO2,2018,1
DE,HLI_Direct_Electric,CO2,2018,1
World,HLI_Direct_Electric,CO2,2020,1
DE,HLI_Direct_Electric,CO2,2020,1
World,HLI_Direct_Electric,CO2,2025,1
DE,HLI_Direct_Electric,CO2,2025,1
World,HLI_Direct_Electric,CO2,2030,1
DE,HLI_Direct_Electric,CO2,2030,1
World,HLI_Direct_Electric,CO2,2035,1
DE,HLI_Direct_Electric,CO2,2035,1
World,HLI_Direct_Electric,CO2,2040,1
DE,HLI_Direct_Electric,CO2,2040,1
World,HLI_Direct_Electric,CO2,2045,1
DE,HLI_Direct_Electric,CO2,2045,1
World,HLI_Direct_Electric,CO2,2050,1
DE,HLI_Direct_Electric,CO2,2050,1
World,HLI_Fuelcell,CO2,2018,1
DE,HLI_Fuelcell,CO2,2018,1
World,HLI_Fuelcell,CO2,2020,1
DE,HLI_Fuelcell,CO2,2020,1
World,HLI_Fuelcell,CO2,2025,1
DE,HLI_Fuelcell,CO2,2025,1
World,HLI_Fuelcell,CO2,2030,1
DE,HLI_Fuelcell,CO2,2030,1
World,HLI_Fuelcell,CO2,2035,1
DE,HLI_Fuelcell,CO2,2035,1
World,HLI_Fuelcell,CO2,2040,1
DE,HLI_Fuelcell,CO2,2040,1
World,HLI_Fuelcell,CO2,2045,1
DE,HLI_Fuelcell,CO2,2045,1
World,HLI_Fuelcell,CO2,2050,1
DE,HLI_Fuelcell,CO2,2050,1
World,HLI_Gas_Boiler,CO2,2018,1
DE,HLI_Gas_Boiler,CO2,2018,1
World,HLI_Gas_Boiler,CO2,2020,1
DE,HLI_Gas_Boiler,CO2,2020,1
World,HLI_Gas_Boiler,CO2,2025,1
DE,HLI_Gas_Boiler,CO2,2025,1
World,HLI_Gas_Boiler,CO2,2030,1
DE,HLI_Gas_Boiler,CO2,2030,1
World,HLI_Gas_Boiler,CO2,2035,1
DE,HLI_Gas_Boiler,CO2,2035,1
World,HLI_Gas_Boiler,CO2,2040,1
DE,HLI_Gas_Boiler,CO2,2040,1
World,HLI_Gas_Boiler,CO2,2045,1
DE,HLI_Gas_Boiler,CO2,2045,1
World,HLI_Gas_Boiler,CO2,2050,1
DE,HLI_Gas_Boiler,CO2,2050,1
World,HLI_Gas_CHP,CO2,2018,1
DE,HLI_Gas_CHP,CO2,2018,1
World,HLI_Gas_CHP,CO2,2020,1
DE,HLI_Gas_CHP,CO2,2020,1
World,HLI_Gas_CHP,CO2,2025,1
DE,HLI_Gas_CHP,CO2,2025,1
World,HLI_Gas_CHP,CO2,2030,1
DE,HLI_Gas_CHP,CO2,2030,1
World,HLI_Gas_CHP,CO2,2035,1
DE,HLI_Gas_CHP,CO2,2035,1
World,HLI_Gas_CHP,CO2,2040,1
DE,HLI_Gas_CHP,CO2,2040,1
World,HLI_Gas_CHP,CO2,2045,1
DE,HLI_Gas_CHP,CO2,2045,1
World,HLI_Gas_CHP,CO2,2050,1
DE,HLI_Gas_CHP,CO2,2050,1
World,HLI_Geothermal,CO2,2018,1
DE,HLI_Geothermal,CO2,2018,1
World,HLI_Geothermal,CO2,2020,1
DE,HLI_Geothermal,CO2,2020,1
World,HLI_Geothermal,CO2,2025,1
DE,HLI_Geothermal,CO2,2025,1
World,HLI_Geothermal,CO2,2030,1
DE,HLI_Geothermal,CO2,2030,1
World,HLI_Geothermal,CO2,2035,1
DE,HLI_Geothermal,CO2,2035,1
World,HLI_Geothermal,CO2,2040,1
DE,HLI_Geothermal,CO2,2040,1
World,HLI_Geothermal,CO2,2045,1
DE,HLI_Geothermal,CO2,2045,1
World,HLI_Geothermal,CO2,2050,1
DE,HLI_Geothermal,CO2,2050,1
World,HLI_Hardcoal,CO2,2018,1
DE,HLI_Hardcoal,CO2,2018,1
World,HLI_Hardcoal,CO2,2020,1
DE,HLI_Hardcoal,CO2,2020,1
World,HLI_Hardcoal,CO2,2025,1
DE,HLI_Hardcoal,CO2,2025,1
World,HLI_Hardcoal,CO2,2030,1
DE,HLI_Hardcoal,CO2,2030,1
World,HLI_Hardcoal,CO2,2035,1
DE,HLI_Hardcoal,CO2,2035,1
World,HLI_Hardcoal,CO2,2040,1
DE,HLI_Hardcoal,CO2,2040,1
World,HLI_Hardcoal,CO2,2045,1
DE,HLI_Hardcoal,CO2,2045,1
World,HLI_Hardcoal,CO2,2050,1
DE,HLI_Hardcoal,CO2,2050,1
World,HLI_Hardcoal_CHP,CO2,2018,1
DE,HLI_Hardcoal_CHP,CO2,2018,1
World,HLI_Hardcoal_CHP,CO2,2020,1
DE,HLI_Hardcoal_CHP,CO2,2020,1
World,HLI_Hardcoal_CHP,CO2,2025,1
DE,HLI_Hardcoal_CHP,CO2,2025,1
World,HLI_Hardcoal_CHP,CO2,2030,1
DE,HLI_Hardcoal_CHP,CO2,2030,1
World,HLI_Hardcoal_CHP,CO2,2035,1
DE,HLI_Hardcoal_CHP,CO2,2035,1
World,HLI_Hardcoal_CHP,CO2,2040,1
DE,HLI_Hardcoal_CHP,CO2,2040,1
World,HLI_Hardcoal_CHP,CO2,2045,1
DE,HLI_Hardcoal_CHP,CO2,2045,1
World,HLI_Hardcoal_CHP,CO2,2050,1
DE,HLI_Hardcoal_CHP,CO2,2050,1
World,HLI_Hardcoal_CHP_CCS,CO2,2018,1
DE,HLI_Hardcoal_CHP_CCS,CO2,2018,1
World,HLI_Hardcoal_CHP_CCS,CO2,2020,1
DE,HLI_Hardcoal_CHP_CCS,CO2,2020,1
World,HLI_Hardcoal_CHP_CCS,CO2,2025,1
DE,HLI_Hardcoal_CHP_CCS,CO2,2025,1
World,HLI_Hardcoal_CHP_CCS,CO2,2030,1
DE,HLI_Hardcoal_CHP_CCS,CO2,2030,1
World,HLI_Hardcoal_CHP_CCS,CO2,2035,1
DE,HLI_Hardcoal_CHP_CCS,CO2,2035,1
World,HLI_Hardcoal_CHP_CCS,CO2,2040,1
DE,HLI_Hardcoal_CHP_CCS,CO2,2040,1
World,HLI_Hardcoal_CHP_CCS,CO2,2045,1
DE,HLI_Hardcoal_CHP_CCS,CO2,2045,1
World,HLI_Hardcoal_CHP_CCS,CO2,2050,1
DE,HLI_Hardcoal_CHP_CCS,CO2,2050,1
World,HLI_Lignite,CO2,2018,1
DE,HLI_Lignite,CO2,2018,1
World,HLI_Lignite,CO2,2020,1
DE,HLI_Lignite,CO2,2020,1
World,HLI_Lignite,CO2,2025,1
DE,HLI_Lignite,CO2,2025,1
World,HLI_Lignite,CO2,2030,1
DE,HLI_Lignite,CO2,2030,1
World,HLI_Lignite,CO2,2035,1
DE,HLI_Lignite,CO2,2035,1
World,HLI_Lignite,CO2,2040,1
DE,HLI_Lignite,CO2,2040,1
World,HLI_Lignite,CO2,2045,1
DE,HLI_Lignite,CO2,2045,1
World,HLI_Lignite,CO2,2050,1
DE,HLI_Lignite,CO2,2050,1
World,HLI_Lignite_CHP,CO2,2018,1
DE,HLI_Lignite_CHP,CO2,2018,1
World,HLI_Lignite_CHP,CO2,2020,1
DE,HLI_Lignite_CHP,CO2,2020,1
World,HLI_Lignite_CHP,CO2,2025,1
DE,HLI_Lignite_CHP,CO2,2025,1
World,HLI_Lignite_CHP,CO2,2030,1
DE,HLI_Lignite_CHP,CO2,2030,1
World,HLI_Lignite_CHP,CO2,2035,1
DE,HLI_Lignite_CHP,CO2,2035,1
World,HLI_Lignite_CHP,CO2,2040,1
DE,HLI_Lignite_CHP,CO2,2040,1
World,HLI_Lignite_CHP,CO2,2045,1
DE,HLI_Lignite_CHP,CO2,2045,1
World,HLI_Lignite_CHP,CO2,2050,1
DE,HLI_Lignite_CHP,CO2,2050,1
World,HLI_Lignite_CHP_CCS,CO2,2018,1
DE,HLI_Lignite_CHP_CCS,CO2,2018,1
World,HLI_Lignite_CHP_CCS,CO2,2020,1
DE,HLI_Lignite_CHP_CCS,CO2,2020,1
World,HLI_Lignite_CHP_CCS,CO2,2025,1
DE,HLI_Lignite_CHP_CCS,CO2,2025,1
World,HLI_Lignite_CHP_CCS,CO2,2030,1
DE,HLI_Lignite_CHP_CCS,CO2,2030,1
World,HLI_Lignite_CHP_CCS,CO2,2035,1
DE,HLI_Lignite_CHP_CCS,CO2,2035,1
World,HLI_Lignite_CHP_CCS,CO2,2040,1
DE,HLI_Lignite_CHP_CCS,CO2,2040,1
World,HLI_Lignite_CHP_CCS,CO2,2045,1
DE,HLI_Lignite_CHP_CCS,CO2,2045,1
World,HLI_Lignite_CHP_CCS,CO2,2050,1
DE,HLI_Lignite_CHP_CCS,CO2,2050,1
World,HLI_Oil_Boiler,CO2,2018,1
DE,HLI_Oil_Boiler,CO2,2018,1
World,HLI_Oil_Boiler,CO2,2020,1
DE,HLI_Oil_Boiler,CO2,2020,1
World,HLI_Oil_Boiler,CO2,2025,1
DE,HLI_Oil_Boiler,CO2,2025,1
World,HLI_Oil_Boiler,CO2,2030,1
DE,HLI_Oil_Boiler,CO2,2030,1
World,HLI_Oil_Boiler,CO2,2035,1
DE,HLI_Oil_Boiler,CO2,2035,1
World,HLI_Oil_Boiler,CO2,2040,1
DE,HLI_Oil_Boiler,CO2,2040,1
World,HLI_Oil_Boiler,CO2,2045,1
DE,HLI_Oil_Boiler,CO2,2045,1
World,HLI_Oil_Boiler,CO2,2050,1
DE,HLI_Oil_Boiler,CO2,2050,1
World,HLI_Oil_CHP,CO2,2018,1
DE,HLI_Oil_CHP,CO2,2018,1
World,HLI_Oil_CHP,CO2,2020,1
DE,HLI_Oil_CHP,CO2,2020,1
World,HLI_Oil_CHP,CO2,2025,1
DE,HLI_Oil_CHP,CO2,2025,1
World,HLI_Oil_CHP,CO2,2030,1
DE,HLI_Oil_CHP,CO2,2030,1
World,HLI_Oil_CHP,CO2,2035,1
DE,HLI_Oil_CHP,CO2,2035,1
World,HLI_Oil_CHP,CO2,2040,1
DE,HLI_Oil_CHP,CO2,2040,1
World,HLI_Oil_CHP,CO2,2045,1
DE,HLI_Oil_CHP,CO2,2045,1
World,HLI_Oil_CHP,CO2,2050,1
DE,HLI_Oil_CHP,CO2,2050,1
World,HLI_Solar_Thermal,CO2,2018,1
DE,HLI_Solar_Thermal,CO2,2018,1
World,HLI_Solar_Thermal,CO2,2020,1
DE,HLI_Solar_Thermal,CO2,2020,1
World,HLI_Solar_Thermal,CO2,2025,1
DE,HLI_Solar_Thermal,CO2,2025,1
World,HLI_Solar_Thermal,CO2,2030,1
DE,HLI_Solar_Thermal,CO2,2030,1
World,HLI_Solar_Thermal,CO2,2035,1
DE,HLI_Solar_Thermal,CO2,2035,1
World,HLI_Solar_Thermal,CO2,2040,1
DE,HLI_Solar_Thermal,CO2,2040,1
World,HLI_Solar_Thermal,CO2,2045,1
DE,HLI_Solar_Thermal,CO2,2045,1
World,HLI_Solar_Thermal,CO2,2050,1
DE,HLI_Solar_Thermal,CO2,2050,1
World,HLR_Biomass,CO2,2018,1
DE,HLR_Biomass,CO2,2018,1
World,HLR_Biomass,CO2,2020,1
DE,HLR_Biomass,CO2,2020,1
World,HLR_Biomass,CO2,2025,1
DE,HLR_Biomass,CO2,2025,1
World,HLR_Biomass,CO2,2030,1
DE,HLR_Biomass,CO2,2030,1
World,HLR_Biomass,CO2,2035,1
DE,HLR_Biomass,CO2,2035,1
World,HLR_Biomass,CO2,2040,1
DE,HLR_Biomass,CO2,2040,1
World,HLR_Biomass,CO2,2045,1
DE,HLR_Biomass,CO2,2045,1
World,HLR_Biomass,CO2,2050,1
DE,HLR_Biomass,CO2,2050,1
World,HLR_Biomass_CHP,CO2,2018,1
DE,HLR_Biomass_CHP,CO2,2018,1
World,HLR_Biomass_CHP,CO2,2020,1
DE,HLR_Biomass_CHP,CO2,2020,1
World,HLR_Biomass_CHP,CO2,2025,1
DE,HLR_Biomass_CHP,CO2,2025,1
World,HLR_Biomass_CHP,CO2,2030,1
DE,HLR_Biomass_CHP,CO2,2030,1
World,HLR_Biomass_CHP,CO2,2035,1
DE,HLR_Biomass_CHP,CO2,2035,1
World,HLR_Biomass_CHP,CO2,2040,1
DE,HLR_Biomass_CHP,CO2,2040,1
World,HLR_Biomass_CHP,CO2,2045,1
DE,HLR_Biomass_CHP,CO2,2045,1
World,HLR_Biomass_CHP,CO2,2050,1
DE,HLR_Biomass_CHP,CO2,2050,1
World,HLR_Biomass_CHP_CCS,CO2,2018,1
DE,HLR_Biomass_CHP_CCS,CO2,2018,1
World,HLR_Biomass_CHP_CCS,CO2,2020,1
DE,HLR_Biomass_CHP_CCS,CO2,2020,1
World,HLR_Biomass_CHP_CCS,CO2,2025,1
DE,HLR_Biomass_CHP_CCS,CO2,2025,1
World,HLR_Biomass_CHP_CCS,CO2,2030,1
DE,HLR_Biomass_CHP_CCS,CO2,2030,1
World,HLR_Biomass_CHP_CCS,CO2,2035,1
DE,HLR_Biomass_CHP_CCS,CO2,2035,1
World,HLR_Biomass_CHP_CCS,CO2,2040,1
DE,HLR_Biomass_CHP_CCS,CO2,2040,1
World,HLR_Biomass_CHP_CCS,CO2,2045,1
DE,HLR_Biomass_CHP_CCS,CO2,2045,1
World,HLR_Biomass_CHP_CCS,CO2,2050,1
DE,HLR_Biomass_CHP_CCS,CO2,2050,1
World,HLR_Direct_Electric,CO2,2018,1
DE,HLR_Direct_Electric,CO2,2018,1
World,HLR_Direct_Electric,CO2,2020,1
DE,HLR_Direct_Electric,CO2,2020,1
World,HLR_Direct_Electric,CO2,2025,1
DE,HLR_Direct_Electric,CO2,2025,1
World,HLR_Direct_Electric,CO2,2030,1
DE,HLR_Direct_Electric,CO2,2030,1
World,HLR_Direct_Electric,CO2,2035,1
DE,HLR_Direct_Electric,CO2,2035,1
World,HLR_Direct_Electric,CO2,2040,1
DE,HLR_Direct_Electric,CO2,2040,1
World,HLR_Direct_Electric,CO2,2045,1
DE,HLR_Direct_Electric,CO2,2045,1
World,HLR_Direct_Electric,CO2,2050,1
DE,HLR_Direct_Electric,CO2,2050,1
World,HLR_Gas_Boiler,CO2,2018,1
DE,HLR_Gas_Boiler,CO2,2018,1
World,HLR_Gas_Boiler,CO2,2020,1
DE,HLR_Gas_Boiler,CO2,2020,1
World,HLR_Gas_Boiler,CO2,2025,1
DE,HLR_Gas_Boiler,CO2,2025,1
World,HLR_Gas_Boiler,CO2,2030,1
DE,HLR_Gas_Boiler,CO2,2030,1
World,HLR_Gas_Boiler,CO2,2035,1
DE,HLR_Gas_Boiler,CO2,2035,1
World,HLR_Gas_Boiler,CO2,2040,1
DE,HLR_Gas_Boiler,CO2,2040,1
World,HLR_Gas_Boiler,CO2,2045,1
DE,HLR_Gas_Boiler,CO2,2045,1
World,HLR_Gas_Boiler,CO2,2050,1
DE,HLR_Gas_Boiler,CO2,2050,1
World,HLR_Gas_CHP,CO2,2018,1
DE,HLR_Gas_CHP,CO2,2018,1
World,HLR_Gas_CHP,CO2,2020,1
DE,HLR_Gas_CHP,CO2,2020,1
World,HLR_Gas_CHP,CO2,2025,1
DE,HLR_Gas_CHP,CO2,2025,1
World,HLR_Gas_CHP,CO2,2030,1
DE,HLR_Gas_CHP,CO2,2030,1
World,HLR_Gas_CHP,CO2,2035,1
DE,HLR_Gas_CHP,CO2,2035,1
World,HLR_Gas_CHP,CO2,2040,1
DE,HLR_Gas_CHP,CO2,2040,1
World,HLR_Gas_CHP,CO2,2045,1
DE,HLR_Gas_CHP,CO2,2045,1
World,HLR_Gas_CHP,CO2,2050,1
DE,HLR_Gas_CHP,CO2,2050,1
World,HLR_Geothermal,CO2,2018,1
DE,HLR_Geothermal,CO2,2018,1
World,HLR_Geothermal,CO2,2020,1
DE,HLR_Geothermal,CO2,2020,1
World,HLR_Geothermal,CO2,2025,1
DE,HLR_Geothermal,CO2,2025,1
World,HLR_Geothermal,CO2,2030,1
DE,HLR_Geothermal,CO2,2030,1
World,HLR_Geothermal,CO2,2035,1
DE,HLR_Geothermal,CO2,2035,1
World,HLR_Geothermal,CO2,2040,1
DE,HLR_Geothermal,CO2,2040,1
World,HLR_Geothermal,CO2,2045,1
DE,HLR_Geothermal,CO2,2045,1
World,HLR_Geothermal,CO2,2050,1
DE,HLR_Geothermal,CO2,2050,1
World,HLR_Hardcoal,CO2,2018,1
DE,HLR_Hardcoal,CO2,2018,1
World,HLR_Hardcoal,CO2,2020,1
DE,HLR_Hardcoal,CO2,2020,1
World,HLR_Hardcoal,CO2,2025,1
DE,HLR_Hardcoal,CO2,2025,1
World,HLR_Hardcoal,CO2,2030,1
DE,HLR_Hardcoal,CO2,2030,1
World,HLR_Hardcoal,CO2,2035,1
DE,HLR_Hardcoal,CO2,2035,1
World,HLR_Hardcoal,CO2,2040,1
DE,HLR_Hardcoal,CO2,2040,1
World,HLR_Hardcoal,CO2,2045,1
DE,HLR_Hardcoal,CO2,2045,1
World,HLR_Hardcoal,CO2,2050,1
DE,HLR_Hardcoal,CO2,2050,1
World,HLR_Hardcoal_CHP,CO2,2018,1
DE,HLR_Hardcoal_CHP,CO2,2018,1
World,HLR_Hardcoal_CHP,CO2,2020,1
DE,HLR_Hardcoal_CHP,CO2,2020,1
World,HLR_Hardcoal_CHP,CO2,2025,1
DE,HLR_Hardcoal_CHP,CO2,2025,1
World,HLR_Hardcoal_CHP,CO2,2030,1
DE,HLR_Hardcoal_CHP,CO2,2030,1
World,HLR_Hardcoal_CHP,CO2,2035,1
DE,HLR_Hardcoal_CHP,CO2,2035,1
World,HLR_Hardcoal_CHP,CO2,2040,1
DE,HLR_Hardcoal_CHP,CO2,2040,1
World,HLR_Hardcoal_CHP,CO2,2045,1
DE,HLR_Hardcoal_CHP,CO2,2045,1
World,HLR_Hardcoal_CHP,CO2,2050,1
DE,HLR_Hardcoal_CHP,CO2,2050,1
World,HLR_Hardcoal_CHP_CCS,CO2,2018,1
DE,HLR_Hardcoal_CHP_CCS,CO2,2018,1
World,HLR_Hardcoal_CHP_CCS,CO2,2020,1
DE,HLR_Hardcoal_CHP_CCS,CO2,2020,1
World,HLR_Hardcoal_CHP_CCS,CO2,2025,1
DE,HLR_Hardcoal_CHP_CCS,CO2,2025,1
World,HLR_Hardcoal_CHP_CCS,CO2,2030,1
DE,HLR_Hardcoal_CHP_CCS,CO2,2030,1
World,HLR_Hardcoal_CHP_CCS,CO2,2035,1
DE,HLR_Hardcoal_CHP_CCS,CO2,2035,1
World,HLR_Hardcoal_CHP_CCS,CO2,2040,1
DE,HLR_Hardcoal_CHP_CCS,CO2,2040,1
World,HLR_Hardcoal_CHP_CCS,CO2,2045,1
DE,HLR_Hardcoal_CHP_CCS,CO2,2045,1
World,HLR_Hardcoal_CHP_CCS,CO2,2050,1
DE,HLR_Hardcoal_CHP_CCS,CO2,2050,1
World,HLR_Heatpump_Aerial,CO2,2018,1
DE,HLR_Heatpump_Aerial,CO2,2018,1
World,HLR_Heatpump_Aerial,CO2,2020,1
DE,HLR_Heatpump_Aerial,CO2,2020,1
World,HLR_Heatpump_Aerial,CO2,2025,1
DE,HLR_Heatpump_Aerial,CO2,2025,1
World,HLR_Heatpump_Aerial,CO2,2030,1
DE,HLR_Heatpump_Aerial,CO2,2030,1
World,HLR_Heatpump_Aerial,CO2,2035,1
DE,HLR_Heatpump_Aerial,CO2,2035,1
World,HLR_Heatpump_Aerial,CO2,2040,1
DE,HLR_Heatpump_Aerial,CO2,2040,1
World,HLR_Heatpump_Aerial,CO2,2045,1
DE,HLR_Heatpump_Aerial,CO2,2045,1
World,HLR_Heatpump_Aerial,CO2,2050,1
DE,HLR_Heatpump_Aerial,CO2,2050,1
World,HLR_Heatpump_Ground,CO2,2018,1
DE,HLR_Heatpump_Ground,CO2,2018,1
World,HLR_Heatpump_Ground,CO2,2020,1
DE,HLR_Heatpump_Ground,CO2,2020,1
World,HLR_Heatpump_Ground,CO2,2025,1
DE,HLR_Heatpump_Ground,CO2,2025,1
World,HLR_Heatpump_Ground,CO2,2030,1
DE,HLR_Heatpump_Ground,CO2,2030,1
World,HLR_Heatpump_Ground,CO2,2035,1
DE,HLR_Heatpump_Ground,CO2,2035,1
World,HLR_Heatpump_Ground,CO2,2040,1
DE,HLR_Heatpump_Ground,CO2,2040,1
World,HLR_Heatpump_Ground,CO2,2045,1
DE,HLR_Heatpump_Ground,CO2,2045,1
World,HLR_Heatpump_Ground,CO2,2050,1
DE,HLR_Heatpump_Ground,CO2,2050,1
World,HLR_Lignite,CO2,2018,1
DE,HLR_Lignite,CO2,2018,1
World,HLR_Lignite,CO2,2020,1
DE,HLR_Lignite,CO2,2020,1
World,HLR_Lignite,CO2,2025,1
DE,HLR_Lignite,CO2,2025,1
World,HLR_Lignite,CO2,2030,1
DE,HLR_Lignite,CO2,2030,1
World,HLR_Lignite,CO2,2035,1
DE,HLR_Lignite,CO2,2035,1
World,HLR_Lignite,CO2,2040,1
DE,HLR_Lignite,CO2,2040,1
World,HLR_Lignite,CO2,2045,1
DE,HLR_Lignite,CO2,2045,1
World,HLR_Lignite,CO2,2050,1
DE,HLR_Lignite,CO2,2050,1
World,HLR_Lignite_CHP,CO2,2018,1
DE,HLR_Lignite_CHP,CO2,2018,1
World,HLR_Lignite_CHP,CO2,2020,1
DE,HLR_Lignite_CHP,CO2,2020,1
World,HLR_Lignite_CHP,CO2,2025,1
DE,HLR_Lignite_CHP,CO2,2025,1
World,HLR_Lignite_CHP,CO2,2030,1
DE,HLR_Lignite_CHP,CO2,2030,1
World,HLR_Lignite_CHP,CO2,2035,1
DE,HLR_Lignite_CHP,CO2,2035,1
World,HLR_Lignite_CHP,CO2,2040,1
DE,HLR_Lignite_CHP,CO2,2040,1
World,HLR_Lignite_CHP,CO2,2045,1
DE,HLR_Lignite_CHP,CO2,2045,1
World,HLR_Lignite_CHP,CO2,2050,1
DE,HLR_Lignite_CHP,CO2,2050,1
World,HLR_Lignite_CHP_CCS,CO2,2018,1
DE,HLR_Lignite_CHP_CCS,CO2,2018,1
World,HLR_Lignite_CHP_CCS,CO2,2020,1
DE,HLR_Lignite_CHP_CCS,CO2,2020,1
World,HLR_Lignite_CHP_CCS,CO2,2025,1
DE,HLR_Lignite_CHP_CCS,CO2,2025,1
World,HLR_Lignite_CHP_CCS,CO2,2030,1
DE,HLR_Lignite_CHP_CCS,CO2,2030,1
World,HLR_Lignite_CHP_CCS,CO2,2035,1
DE,HLR_Lignite_CHP_CCS,CO2,2035,1
World,HLR_Lignite_CHP_CCS,CO2,2040,1
DE,HLR_Lignite_CHP_CCS,CO2,2040,1
World,HLR_Lignite_CHP_CCS,CO2,2045,1
DE,HLR_Lignite_CHP_CCS,CO2,2045,1
World,HLR_Lignite_CHP_CCS,CO2,2050,1
DE,HLR_Lignite_CHP_CCS,CO2,2050,1
World,HLR_Oil_Boiler,CO2,2018,1
DE,HLR_Oil_Boiler,CO2,2018,1
World,HLR_Oil_Boiler,CO2,2020,1
DE,HLR_Oil_Boiler,CO2,2020,1
World,HLR_Oil_Boiler,CO2,2025,1
DE,HLR_Oil_Boiler,CO2,2025,1
World,HLR_Oil_Boiler,CO2,2030,1
DE,HLR_Oil_Boiler,CO2,2030,1
World,HLR_Oil_Boiler,CO2,2035,1
DE,HLR_Oil_Boiler,CO2,2035,1
World,HLR_Oil_Boiler,CO2,2040,1
DE,HLR_Oil_Boiler,CO2,2040,1
World,HLR_Oil_Boiler,CO2,2045,1
DE,HLR_Oil_Boiler,CO2,2045,1
World,HLR_Oil_Boiler,CO2,2050,1
DE,HLR_Oil_Boiler,CO2,2050,1
World,HLR_Solar_Thermal,CO2,2018,1
DE,HLR_Solar_Thermal,CO2,2018,1
World,HLR_Solar_Thermal,CO2,2020,1
DE,HLR_Solar_Thermal,CO2,2020,1
World,HLR_Solar_Thermal,CO2,2025,1
DE,HLR_Solar_Thermal,CO2,2025,1
World,HLR_Solar_Thermal,CO2,2030,1
DE,HLR_Solar_Thermal,CO2,2030,1
World,HLR_Solar_Thermal,CO2,2035,1
DE,HLR_Solar_Thermal,CO2,2035,1
World,HLR_Solar_Thermal,CO2,2040,1
DE,HLR_Solar_Thermal,CO2,2040,1
World,HLR_Solar_Thermal,CO2,2045,1
DE,HLR_Solar_Thermal,CO2,2045,1
World,HLR_Solar_Thermal,CO2,2050,1
DE,HLR_Solar_Thermal,CO2,2050,1
World,HMI_Biomass,CO2,2018,1
DE,HMI_Biomass,CO2,2018,1
World,HMI_Biomass,CO2,2020,1
DE,HMI_Biomass,CO2,2020,1
World,HMI_Biomass,CO2,2025,1
DE,HMI_Biomass,CO2,2025,1
World,HMI_Biomass,CO2,2030,1
DE,HMI_Biomass,CO2,2030,1
World,HMI_Biomass,CO2,2035,1
DE,HMI_Biomass,CO2,2035,1
World,HMI_Biomass,CO2,2040,1
DE,HMI_Biomass,CO2,2040,1
World,HMI_Biomass,CO2,2045,1
DE,HMI_Biomass,CO2,2045,1
World,HMI_Biomass,CO2,2050,1
DE,HMI_Biomass,CO2,2050,1
World,HMI_Gas,CO2,2018,1
DE,HMI_Gas,CO2,2018,1
World,HMI_Gas,CO2,2020,1
DE,HMI_Gas,CO2,2020,1
World,HMI_Gas,CO2,2025,1
DE,HMI_Gas,CO2,2025,1
World,HMI_Gas,CO2,2030,1
DE,HMI_Gas,CO2,2030,1
World,HMI_Gas,CO2,2035,1
DE,HMI_Gas,CO2,2035,1
World,HMI_Gas,CO2,2040,1
DE,HMI_Gas,CO2,2040,1
World,HMI_Gas,CO2,2045,1
DE,HMI_Gas,CO2,2045,1
World,HMI_Gas,CO2,2050,1
DE,HMI_Gas,CO2,2050,1
World,HMI_Gas_CCS,CO2,2018,1
DE,HMI_Gas_CCS,CO2,2018,1
World,HMI_Gas_CCS,CO2,2020,1
DE,HMI_Gas_CCS,CO2,2020,1
World,HMI_Gas_CCS,CO2,2025,1
DE,HMI_Gas_CCS,CO2,2025,1
World,HMI_Gas_CCS,CO2,2030,1
DE,HMI_Gas_CCS,CO2,2030,1
World,HMI_Gas_CCS,CO2,2035,1
DE,HMI_Gas_CCS,CO2,2035,1
World,HMI_Gas_CCS,CO2,2040,1
DE,HMI_Gas_CCS,CO2,2040,1
World,HMI_Gas_CCS,CO2,2045,1
DE,HMI_Gas_CCS,CO2,2045,1
World,HMI_Gas_CCS,CO2,2050,1
DE,HMI_Gas_CCS,CO2,2050,1
World,HMI_HardCoal,CO2,2018,1
DE,HMI_HardCoal,CO2,2018,1
World,HMI_HardCoal,CO2,2020,1
DE,HMI_HardCoal,CO2,2020,1
World,HMI_HardCoal,CO2,2025,1
DE,HMI_HardCoal,CO2,2025,1
World,HMI_HardCoal,CO2,2030,1
DE,HMI_HardCoal,CO2,2030,1
World,HMI_HardCoal,CO2,2035,1
DE,HMI_HardCoal,CO2,2035,1
World,HMI_HardCoal,CO2,2040,1
DE,HMI_HardCoal,CO2,2040,1
World,HMI_HardCoal,CO2,2045,1
DE,HMI_HardCoal,CO2,2045,1
World,HMI_HardCoal,CO2,2050,1
DE,HMI_HardCoal,CO2,2050,1
World,HMI_HardCoal_CCS,CO2,2018,1
DE,HMI_HardCoal_CCS,CO2,2018,1
World,HMI_HardCoal_CCS,CO2,2020,1
DE,HMI_HardCoal_CCS,CO2,2020,1
World,HMI_HardCoal_CCS,CO2,2025,1
DE,HMI_HardCoal_CCS,CO2,2025,1
World,HMI_HardCoal_CCS,CO2,2030,1
DE,HMI_HardCoal_CCS,CO2,2030,1
World,HMI_HardCoal_CCS,CO2,2035,1
DE,HMI_HardCoal_CCS,CO2,2035,1
World,HMI_HardCoal_CCS,CO2,2040,1
DE,HMI_HardCoal_CCS,CO2,2040,1
World,HMI_HardCoal_CCS,CO2,2045,1
DE,HMI_HardCoal_CCS,CO2,2045,1
World,HMI_HardCoal_CCS,CO2,2050,1
DE,HMI_HardCoal_CCS,CO2,2050,1
World,HMI_Oil,CO2,2018,1
DE,HMI_Oil,CO2,2018,1
World,HMI_Oil,CO2,2020,1
DE,HMI_Oil,CO2,2020,1
World,HMI_Oil,CO2,2025,1
DE,HMI_Oil,CO2,2025,1
World,HMI_Oil,CO2,2030,1
DE,HMI_Oil,CO2,2030,1
World,HMI_Oil,CO2,2035,1
DE,HMI_Oil,CO2,2035,1
World,HMI_Oil,CO2,2040,1
DE,HMI_Oil,CO2,2040,1
World,HMI_Oil,CO2,2045,1
DE,HMI_Oil,CO2,2045,1
World,HMI_Oil,CO2,2050,1
DE,HMI_Oil,CO2,2050,1
World,HMI_Steam_Electric,CO2,2018,1
DE,HMI_Steam_Electric,CO2,2018,1
World,HMI_Steam_Electric,CO2,2020,1
DE,HMI_Steam_Electric,CO2,2020,1
World,HMI_Steam_Electric,CO2,2025,1
DE,HMI_Steam_Electric,CO2,2025,1
World,HMI_Steam_Electric,CO2,2030,1
DE,HMI_Steam_Electric,CO2,2030,1
World,HMI_Steam_Electric,CO2,2035,1
DE,HMI_Steam_Electric,CO2,2035,1
World,HMI_Steam_Electric,CO2,2040,1
DE,HMI_Steam_Electric,CO2,2040,1
World,HMI_Steam_Electric,CO2,2045,1
DE,HMI_Steam_Electric,CO2,2045,1
World,HMI_Steam_Electric,CO2,2050,1
DE,HMI_Steam_Electric,CO2,2050,1
World,P_Biomass_CCS,CO2,2018,1
DE,P_Biomass_CCS,CO2,2018,1
World,P_Biomass_CCS,CO2,2020,1
DE,P_Biomass_CCS,CO2,2020,1
World,P_Biomass_CCS,CO2,2025,1
DE,P_Biomass_CCS,CO2,2025,1
World,P_Biomass_CCS,CO2,2030,1
DE,P_Biomass_CCS,CO2,2030,1
World,P_Biomass_CCS,CO2,2035,1
DE,P_Biomass_CCS,CO2,2035,1
World,P_Biomass_CCS,CO2,2040,1
DE,P_Biomass_CCS,CO2,2040,1
World,P_Biomass_CCS,CO2,2045,1
DE,P_Biomass_CCS,CO2,2045,1
World,P_Biomass_CCS,CO2,2050,1
DE,P_Biomass_CCS,CO2,2050,1
World,P_Coal_Hardcoal,CO2,2018,1
DE,P_Coal_Hardcoal,CO2,2018,1
World,P_Coal_Hardcoal,CO2,2020,1
DE,P_Coal_Hardcoal,CO2,2020,1
World,P_Coal_Hardcoal,CO2,2025,1
DE,P_Coal_Hardcoal,CO2,2025,1
World,P_Coal_Hardcoal,CO2,2030,1
DE,P_Coal_Hardcoal,CO2,2030,1
World,P_Coal_Hardcoal,CO2,2035,1
DE,P_Coal_Hardcoal,CO2,2035,1
World,P_Coal_Hardcoal,CO2,2040,1
DE,P_Coal_Hardcoal,CO2,2040,1
World,P_Coal_Hardcoal,CO2,2045,1
DE,P_Coal_Hardcoal,CO2,2045,1
World,P_Coal_Hardcoal,CO2,2050,1
DE,P_Coal_Hardcoal,CO2,2050,1
World,P_Coal_Hardcoal_CCS,CO2,2018,1
DE,P_Coal_Hardcoal_CCS,CO2,2018,1
World,P_Coal_Hardcoal_CCS,CO2,2020,1
DE,P_Coal_Hardcoal_CCS,CO2,2020,1
World,P_Coal_Hardcoal_CCS,CO2,2025,1
DE,P_Coal_Hardcoal_CCS,CO2,2025,1
World,P_Coal_Hardcoal_CCS,CO2,2030,1
DE,P_Coal_Hardcoal_CCS,CO2,2030,1
World,P_Coal_Hardcoal_CCS,CO2,2035,1
DE,P_Coal_Hardcoal_CCS,CO2,2035,1
World,P_Coal_Hardcoal_CCS,CO2,2040,1
DE,P_Coal_Hardcoal_CCS,CO2,2040,1
World,P_Coal_Hardcoal_CCS,CO2,2045,1
DE,P_Coal_Hardcoal_CCS,CO2,2045,1
World,P_Coal_Hardcoal_CCS,CO2,2050,1
DE,P_Coal_Hardcoal_CCS,CO2,2050,1
World,P_Coal_Lignite,CO2,2018,1
DE,P_Coal_Lignite,CO2,2018,1
World,P_Coal_Lignite,CO2,2020,1
DE,P_Coal_Lignite,CO2,2020,1
World,P_Coal_Lignite,CO2,2025,1
DE,P_Coal_Lignite,CO2,2025,1
World,P_Coal_Lignite,CO2,2030,1
DE,P_Coal_Lignite,CO2,2030,1
World,P_Coal_Lignite,CO2,2035,1
DE,P_Coal_Lignite,CO2,2035,1
World,P_Coal_Lignite,CO2,2040,1
DE,P_Coal_Lignite,CO2,2040,1
World,P_Coal_Lignite,CO2,2045,1
DE,P_Coal_Lignite,CO2,2045,1
World,P_Coal_Lignite,CO2,2050,1
DE,P_Coal_Lignite,CO2,2050,1
World,P_Coal_Lignite_CCS,CO2,2018,1
DE,P_Coal_Lignite_CCS,CO2,2018,1
World,P_Coal_Lignite_CCS,CO2,2020,1
DE,P_Coal_Lignite_CCS,CO2,2020,1
World,P_Coal_Lignite_CCS,CO2,2025,1
DE,P_Coal_Lignite_CCS,CO2,2025,1
World,P_Coal_Lignite_CCS,CO2,2030,1
DE,P_Coal_Lignite_CCS,CO2,2030,1
World,P_Coal_Lignite_CCS,CO2,2035,1
DE,P_Coal_Lignite_CCS,CO2,2035,1
World,P_Coal_Lignite_CCS,CO2,2040,1
DE,P_Coal_Lignite_CCS,CO2,2040,1
World,P_Coal_Lignite_CCS,CO2,2045,1
DE,P_Coal_Lignite_CCS,CO2,2045,1
World,P_Coal_Lignite_CCS,CO2,2050,1
DE,P_Coal_Lignite_CCS,CO2,2050,1
World,P_Gas,CO2,2018,1
DE,P_Gas,CO2,2018,1
World,P_Gas,CO2,2020,1
DE,P_Gas,CO2,2020,1
World,P_Gas,CO2,2025,1
DE,P_Gas,CO2,2025,1
World,P_Gas,CO2,2030,1
DE,P_Gas,CO2,2030,1
World,P_Gas,CO2,2035,1
DE,P_Gas,CO2,2035,1
World,P_Gas,CO2,2040,1
DE,P_Gas,CO2,2040,1
World,P_Gas,CO2,2045,1
DE,P_Gas,CO2,2045,1
World,P_Gas,CO2,2050,1
DE,P_Gas,CO2,2050,1
DE,P_Gas_CCGT,CO2,2018,1
DE,P_Gas_CCGT,CO2,2020,1
DE,P_Gas_CCGT,CO2,2025,1
DE,P_Gas_CCGT,CO2,2030,1
DE,P_Gas_CCGT,CO2,2035,1
DE,P_Gas_CCGT,CO2,2040,1
DE,P_Gas_CCGT,CO2,2045,1
DE,P_Gas_CCGT,CO2,2050,1
World,P_Gas_CCS,CO2,2018,1
DE,P_Gas_CCS,CO2,2018,1
World,P_Gas_CCS,CO2,2020,1
DE,P_Gas_CCS,CO2,2020,1
World,P_Gas_CCS,CO2,2025,1
DE,P_Gas_CCS,CO2,2025,1
World,P_Gas_CCS,CO2,2030,1
DE,P_Gas_CCS,CO2,2030,1
World,P_Gas_CCS,CO2,2035,1
DE,P_Gas_CCS,CO2,2035,1
World,P_Gas_CCS,CO2,2040,1
DE,P_Gas_CCS,CO2,2040,1
World,P_Gas_CCS,CO2,2045,1
DE,P_Gas_CCS,CO2,2045,1
World,P_Gas_CCS,CO2,2050,1
DE,P_Gas_CCS,CO2,2050,1
DE,P_Gas_Engines,CO2,2018,1
DE,P_Gas_Engines,CO2,2020,1
DE,P_Gas_Engines,CO2,2025,1
DE,P_Gas_Engines,CO2,2030,1
DE,P_Gas_Engines,CO2,2035,1
DE,P_Gas_Engines,CO2,2040,1
DE,P_Gas_Engines,CO2,2045,1
DE,P_Gas_Engines,CO2,2050,1
DE,P_Gas_OCGT,CO2,2018,1
DE,P_Gas_OCGT,CO2,2020,1
DE,P_Gas_OCGT,CO2,2025,1
DE,P_Gas_OCGT,CO2,2030,1
DE,P_Gas_OCGT,CO2,2035,1
DE,P_Gas_OCGT,CO2,2040,1
DE,P_Gas_OCGT,CO2,2045,1
DE,P_Gas_OCGT,CO2,2050,1
World,P_Oil,CO2,2018,1
DE,P_Oil,CO2,2018,1
World,P_Oil,CO2,2020,1
DE,P_Oil,CO2,2020,1
World,P_Oil,CO2,2025,1
DE,P_Oil,CO2,2025,1
World,P_Oil,CO2,2030,1
DE,P_Oil,CO2,2030,1
World,P_Oil,CO2,2035,1
DE,P_Oil,CO2,2035,1
World,P_Oil,CO2,2040,1
DE,P_Oil,CO2,2040,1
World,P_Oil,CO2,2045,1
DE,P_Oil,CO2,2045,1
World,P_Oil,CO2,2050,1
DE,P_Oil,CO2,2050,1
World,PSNG_Air_Conv,CO2,2018,1
DE,PSNG_Air_Conv,CO2,2018,1
World,PSNG_Air_Conv,CO2,2020,1
DE,PSNG_Air_Conv,CO2,2020,1
World,PSNG_Air_Conv,CO2,2025,1
DE,PSNG_Air_Conv,CO2,2025,1
World,PSNG_Air_Conv,CO2,2030,1
DE,PSNG_Air_Conv,CO2,2030,1
World,PSNG_Air_Conv,CO2,2035,1
DE,PSNG_Air_Conv,CO2,2035,1
World,PSNG_Air_Conv,CO2,2040,1
DE,PSNG_Air_Conv,CO2,2040,1
World,PSNG_Air_Conv,CO2,2045,1
DE,PSNG_Air_Conv,CO2,2045,1
World,PSNG_Air_Conv,CO2,2050,1
DE,PSNG_Air_Conv,CO2,2050,1
World,PSNG_Rail_Conv,CO2,2018,0
DE,PSNG_Rail_Conv,CO2,2018,1
World,PSNG_Rail_Conv,CO2,2020,0
DE,PSNG_Rail_Conv,CO2,2020,1
World,PSNG_Rail_Conv,CO2,2025,0
DE,PSNG_Rail_Conv,CO2,2025,1
World,PSNG_Rail_Conv,CO2,2030,0
DE,PSNG_Rail_Conv,CO2,2030,1
World,PSNG_Rail_Conv,CO2,2035,0
DE,PSNG_Rail_Conv,CO2,2035,1
World,PSNG_Rail_Conv,CO2,2040,0
DE,PSNG_Rail_Conv,CO2,2040,1
World,PSNG_Rail_Conv,CO2,2045,0
DE,PSNG_Rail_Conv,CO2,2045,1
World,PSNG_Rail_Conv,CO2,2050,0
DE,PSNG_Rail_Conv,CO2,2050,1
World,PSNG_Road_ICE,CO2,2018,0
DE,PSNG_Road_ICE,CO2,2018,1
World,PSNG_Road_ICE,CO2,2020,0
DE,PSNG_Road_ICE,CO2,2020,1
World,PSNG_Road_ICE,CO2,2025,0
DE,PSNG_Road_ICE,CO2,2025,1
World,PSNG_Road_ICE,CO2,2030,0
DE,PSNG_Road_ICE,CO2,2030,1
World,PSNG_Road_ICE,CO2,2035,0
DE,PSNG_Road_ICE,CO2,2035,1
World,PSNG_Road_ICE,CO2,2040,0
DE,PSNG_Road_ICE,CO2,2040,1
World,PSNG_Road_ICE,CO2,2045,0
DE,PSNG_Road_ICE,CO2,2045,1
World,PSNG_Road_ICE,CO2,2050,0
DE,PSNG_Road_ICE,CO2,2050,1
DE,PSNG_Road_LNG,CO2,2018,1
DE,PSNG_Road_LNG,CO2,2020,1
DE,PSNG_Road_LNG,CO2,2025,1
DE,PSNG_Road_LNG,CO2,2030,1
DE,PSNG_Road_LNG,CO2,2035,1
DE,PSNG_Road_LNG,CO2,2040,1
DE,PSNG_Road_LNG,CO2,2045,1
DE,PSNG_Road_LNG,CO2,2050,1
World,PSNG_Road_PHEV,CO2,2018,0
DE,PSNG_Road_PHEV,CO2,2018,1
World,PSNG_Road_PHEV,CO2,2020,0
DE,PSNG_Road_PHEV,CO2,2020,1
World,PSNG_Road_PHEV,CO2,2025,0
DE,PSNG_Road_PHEV,CO2,2025,1
World,PSNG_Road_PHEV,CO2,2030,0
DE,PSNG_Road_PHEV,CO2,2030,1
World,PSNG_Road_PHEV,CO2,2035,0
DE,PSNG_Road_PHEV,CO2,2035,1
World,PSNG_Road_PHEV,CO2,2040,0
DE,PSNG_Road_PHEV,CO2,2040,1
World,PSNG_Road_PHEV,CO2,2045,0
DE,PSNG_Road_PHEV,CO2,2045,1
World,PSNG_Road_PHEV,CO2,2050,0
DE,PSNG_Road_PHEV,CO2,2050,1
DE,X_DAC,CO2,2018,1
DE,X_DAC,CO2,2020,1
DE,X_DAC,CO2,2025,1
DE,X_DAC,CO2,2030,1
DE,X_DAC,CO2,2035,1
DE,X_DAC,CO2,2040,1
DE,X_DAC,CO2,2045,1
DE,X_DAC,CO2,2050,1
DE,X_DAC_HT,CO2,2018,1
DE,X_DAC_HT,CO2,2020,1
DE,X_DAC_HT,CO2,2025,1
DE,X_DAC_HT,CO2,2030,1
DE,X_DAC_HT,CO2,2035,1
DE,X_DAC_HT,CO2,2040,1
DE,X_DAC_HT,CO2,2045,1
DE,X_DAC_HT,CO2,2050,1
DE,X_DAC_LT,CO2,2018,1
DE,X_DAC_LT,CO2,2020,1
DE,X_DAC_LT,CO2,2025,1
DE,X_DAC_LT,CO2,2030,1
DE,X_DAC_LT,CO2,2035,1
DE,X_DAC_LT,CO2,2040,1
DE,X_DAC_LT,CO2,2045,1
DE,X_DAC_LT,CO2,2050,1
World,X_SMR,CO2,2018,1
DE,X_SMR,CO2,2018,1
World,X_SMR,CO2,2020,1
DE,X_SMR,CO2,2020,1
World,X_SMR,CO2,2025,1
DE,X_SMR,CO2,2025,1
World,X_SMR,CO2,2030,1
DE,X_SMR,CO2,2030,1
World,X_SMR,CO2,2035,1
DE,X_SMR,CO2,2035,1
World,X_SMR,CO2,2040,1
DE,X_SMR,CO2,2040,1
World,X_SMR,CO2,2045,1
DE,X_SMR,CO2,2045,1
World,X_SMR,CO2,2050,1
DE,X_SMR,CO2,2050,1
World,X_ATR_CCS,CO2,2018,1
DE,X_ATR_CCS,CO2,2018,1
World,X_ATR_CCS,CO2,2020,1
DE,X_ATR_CCS,CO2,2020,1
World,X_ATR_CCS,CO2,2025,1
DE,X_ATR_CCS,CO2,2025,1
World,X_ATR_CCS,CO2,2030,1
DE,X_ATR_CCS,CO2,2030,1
World,X_ATR_CCS,CO2,2035,1
DE,X_ATR_CCS,CO2,2035,1
World,X_ATR_CCS,CO2,2040,1
DE,X_ATR_CCS,CO2,2040,1
World,X_ATR_CCS,CO2,2045,1
DE,X_ATR_CCS,CO2,2045,1
World,X_ATR_CCS,CO2,2050,1
DE,X_ATR_CCS,CO2,2050,1
World,HLDH_Biomass_Boiler,CO2,2018,1
World,HLDH_Biomass_Boiler,CO2,2020,1
World,HLDH_Biomass_Boiler,CO2,2025,1
World,HLDH_Biomass_Boiler,CO2,2030,1
World,HLDH_Biomass_Boiler,CO2,2035,1
World,HLDH_Biomass_Boiler,CO2,2040,1
World,HLDH_Biomass_Boiler,CO2,2045,1
World,HLDH_Biomass_Boiler,CO2,2050,1
World,HLDH_Biomass_CHP,CO2,2018,1
World,HLDH_Biomass_CHP,CO2,2020,1
World,HLDH_Biomass_CHP,CO2,2025,1
World,HLDH_Biomass_CHP,CO2,2030,1
World,HLDH_Biomass_CHP,CO2,2035,1
World,HLDH_Biomass_CHP,CO2,2040,1
World,HLDH_Biomass_CHP,CO2,2045,1
World,HLDH_Biomass_CHP,CO2,2050,1
World,HLDH_Coal_Boiler,CO2,2018,1
World,HLDH_Coal_Boiler,CO2,2020,1
World,HLDH_Coal_Boiler,CO2,2025,1
World,HLDH_Coal_Boiler,CO2,2030,1
World,HLDH_Coal_Boiler,CO2,2035,1
World,HLDH_Coal_Boiler,CO2,2040,1
World,HLDH_Coal_Boiler,CO2,2045,1
World,HLDH_Coal_Boiler,CO2,2050,1
World,HLDH_Oil_Boiler,CO2,2018,1
World,HLDH_Oil_Boiler,CO2,2020,1
World,HLDH_Oil_Boiler,CO2,2025,1
World,HLDH_Oil_Boiler,CO2,2030,1
World,HLDH_Oil_Boiler,CO2,2035,1
World,HLDH_Oil_Boiler,CO2,2040,1
World,HLDH_Oil_Boiler,CO2,2045,1
World,HLDH_Oil_Boiler,CO2,2050,1
World,HLDH_Gas_Boiler,CO2,2018,1
World,HLDH_Gas_Boiler,CO2,2020,1
World,HLDH_Gas_Boiler,CO2,2025,1
World,HLDH_Gas_Boiler,CO2,2030,1
World,HLDH_Gas_Boiler,CO2,2035,1
World,HLDH_Gas_Boiler,CO2,2040,1
World,HLDH_Gas_Boiler,CO2,2045,1
World,HLDH_Gas_Boiler,CO2,2050,1
World,HLDH_Geothermal,CO2,2018,1
World,HLDH_Geothermal,CO2,2020,1
World,HLDH_Geothermal,CO2,2025,1
World,HLDH_Geothermal,CO2,2030,1
World,HLDH_Geothermal,CO2,2035,1
World,HLDH_Geothermal,CO2,2040,1
World,HLDH_Geothermal,CO2,2045,1
World,HLDH_Geothermal,CO2,2050,1
World,HLDH_Solar_Thermal,CO2,2018,1
World,HLDH_Solar_Thermal,CO2,2020,1
World,HLDH_Solar_Thermal,CO2,2025,1
World,HLDH_Solar_Thermal,CO2,2030,1
World,HLDH_Solar_Thermal,CO2,2035,1
World,HLDH_Solar_Thermal,CO2,2040,1
World,HLDH_Solar_Thermal,CO2,2045,1
World,HLDH_Solar_Thermal,CO2,2050,1
World,HLDH_WasteToEnergy_Boiler,CO2,2018,1
World,HLDH_WasteToEnergy_Boiler,CO2,2020,1
World,HLDH_WasteToEnergy_Boiler,CO2,2025,1
World,HLDH_WasteToEnergy_Boiler,CO2,2030,1
World,HLDH_WasteToEnergy_Boiler,CO2,2035,1
World,HLDH_WasteToEnergy_Boiler,CO2,2040,1
World,HLDH_WasteToEnergy_Boiler,CO2,2045,1
World,HLDH_WasteToEnergy_Boiler,CO2,2050,1
World,HLDH_WasteToEnergy_CHP,CO2,2018,1
World,HLDH_WasteToEnergy_CHP,CO2,2020,1
World,HLDH_WasteToEnergy_CHP,CO2,2025,1
World,HLDH_WasteToEnergy_CHP,CO2,2030,1
World,HLDH_WasteToEnergy_CHP,CO2,2035,1
World,HLDH_WasteToEnergy_CHP,CO2,2040,1
World,HLDH_WasteToEnergy_CHP,CO2,2045,1
World,HLDH_WasteToEnergy_CHP,CO2,2050,1
World,HLDH_Heatpump,CO2,2018,1
World,HLDH_Heatpump,CO2,2020,1
World,HLDH_Heatpump,CO2,2025,1
World,HLDH_Heatpump,CO2,2030,1
World,HLDH_Heatpump,CO2,2035,1
World,HLDH_Heatpump,CO2,2040,1
World,HLDH_Heatpump,CO2,2045,1
World,HLDH_Heatpump,CO2,2050,1
World,HLDH_ExcessHeat,CO2,2018,1
World,HLDH_ExcessHeat,CO2,2020,1
World,HLDH_ExcessHeat,CO2,2025,1
World,HLDH_ExcessHeat,CO2,2030,1
World,HLDH_ExcessHeat,CO2,2035,1
World,HLDH_ExcessHeat,CO2,2040,1
World,HLDH_ExcessHeat,CO2,2045,1
World,HLDH_ExcessHeat,CO2,2050,1
World,HLDH_Electric_Boiler,CO2,2018,1
World,HLDH_Electric_Boiler,CO2,2020,1
World,HLDH_Electric_Boiler,CO2,2025,1
World,HLDH_Electric_Boiler,CO2,2030,1
World,HLDH_Electric_Boiler,CO2,2035,1
World,HLDH_Electric_Boiler,CO2,2040,1
World,HLDH_Electric_Boiler,CO2,2045,1
World,HLDH_Electric_Boiler,CO2,2050,1
World,HLDH_Heatpump_Air,CO2,2018,1
World,HLDH_Heatpump_Air,CO2,2020,1
World,HLDH_Heatpump_Air,CO2,2025,1
World,HLDH_Heatpump_Air,CO2,2030,1
World,HLDH_Heatpump_Air,CO2,2035,1
World,HLDH_Heatpump_Air,CO2,2040,1
World,HLDH_Heatpump_Air,CO2,2045,1
World,HLDH_Heatpump_Air,CO2,2050,1
World,HLDH_Heatpump_ExcessHeat,CO2,2018,1
World,HLDH_Heatpump_ExcessHeat,CO2,2020,1
World,HLDH_Heatpump_ExcessHeat,CO2,2025,1
World,HLDH_Heatpump_ExcessHeat,CO2,2030,1
World,HLDH_Heatpump_ExcessHeat,CO2,2035,1
World,HLDH_Heatpump_ExcessHeat,CO2,2040,1
World,HLDH_Heatpump_ExcessHeat,CO2,2045,1
World,HLDH_Heatpump_ExcessHeat,CO2,2050,1
World,HLI_Heatpump,CO2,2018,1
World,HLI_Heatpump,CO2,2020,1
World,HLI_Heatpump,CO2,2025,1
World,HLI_Heatpump,CO2,2030,1
World,HLI_Heatpump,CO2,2035,1
World,HLI_Heatpump,CO2,2040,1
World,HLI_Heatpump,CO2,2045,1
World,HLI_Heatpump,CO2,2050,1
World,HMLI_Heatpump,CO2,2018,1
World,HMLI_Heatpump,CO2,2020,1
World,HMLI_Heatpump,CO2,2025,1
World,HMLI_Heatpump,CO2,2030,1
World,HMLI_Heatpump,CO2,2035,1
World,HMLI_Heatpump,CO2,2040,1
World,HMLI_Heatpump,CO2,2045,1
World,HMLI_Heatpump,CO2,2050,1
DE,HLDH_Biomass_Boiler,CO2,2018,1
DE,HLDH_Biomass_Boiler,CO2,2020,1
DE,HLDH_Biomass_Boiler,CO2,2025,1
DE,HLDH_Biomass_Boiler,CO2,2030,1
DE,HLDH_Biomass_Boiler,CO2,2035,1
DE,HLDH_Biomass_Boiler,CO2,2040,1
DE,HLDH_Biomass_Boiler,CO2,2045,1
DE,HLDH_Biomass_Boiler,CO2,2050,1
DE,HLDH_Biomass_CHP,CO2,2018,1
DE,HLDH_Biomass_CHP,CO2,2020,1
DE,HLDH_Biomass_CHP,CO2,2025,1
DE,HLDH_Biomass_CHP,CO2,2030,1
DE,HLDH_Biomass_CHP,CO2,2035,1
DE,HLDH_Biomass_CHP,CO2,2040,1
DE,HLDH_Biomass_CHP,CO2,2045,1
DE,HLDH_Biomass_CHP,CO2,2050,1
DE,HLDH_Coal_Boiler,CO2,2018,1
DE,HLDH_Coal_Boiler,CO2,2020,1
DE,HLDH_Coal_Boiler,CO2,2025,1
DE,HLDH_Coal_Boiler,CO2,2030,1
DE,HLDH_Coal_Boiler,CO2,2035,1
DE,HLDH_Coal_Boiler,CO2,2040,1
DE,HLDH_Coal_Boiler,CO2,2045,1
DE,HLDH_Coal_Boiler,CO2,2050,1
DE,HLDH_Oil_Boiler,CO2,2018,1
DE,HLDH_Oil_Boiler,CO2,2020,1
DE,HLDH_Oil_Boiler,CO2,2025,1
DE,HLDH_Oil_Boiler,CO2,2030,1
DE,HLDH_Oil_Boiler,CO2,2035,1
DE,HLDH_Oil_Boiler,CO2,2040,1
DE,HLDH_Oil_Boiler,CO2,2045,1
DE,HLDH_Oil_Boiler,CO2,2050,1
DE,HLDH_Gas_Boiler,CO2,2018,1
DE,HLDH_Gas_Boiler,CO2,2020,1
DE,HLDH_Gas_Boiler,CO2,2025,1
DE,HLDH_Gas_Boiler,CO2,2030,1
DE,HLDH_Gas_Boiler,CO2,2035,1
DE,HLDH_Gas_Boiler,CO2,2040,1
DE,HLDH_Gas_Boiler,CO2,2045,1
DE,HLDH_Gas_Boiler,CO2,2050,1
DE,HLDH_Geothermal,CO2,2018,1
DE,HLDH_Geothermal,CO2,2020,1
DE,HLDH_Geothermal,CO2,2025,1
DE,HLDH_Geothermal,CO2,2030,1
DE,HLDH_Geothermal,CO2,2035,1
DE,HLDH_Geothermal,CO2,2040,1
DE,HLDH_Geothermal,CO2,2045,1
DE,HLDH_Geothermal,CO2,2050,1
DE,HLDH_Solar_Thermal,CO2,2018,1
DE,HLDH_Solar_Thermal,CO2,2020,1
DE,HLDH_Solar_Thermal,CO2,2025,1
DE,HLDH_Solar_Thermal,CO2,2030,1
DE,HLDH_Solar_Thermal,CO2,2035,1
DE,HLDH_Solar_Thermal,CO2,2040,1
DE,HLDH_Solar_Thermal,CO2,2045,1
DE,HLDH_Solar_Thermal,CO2,2050,1
DE,HLDH_WasteToEnergy_Boiler,CO2,2018,1
DE,HLDH_WasteToEnergy_Boiler,CO2,2020,1
DE,HLDH_WasteToEnergy_Boiler,CO2,2025,1
DE,HLDH_WasteToEnergy_Boiler,CO2,2030,1
DE,HLDH_WasteToEnergy_Boiler,CO2,2035,1
DE,HLDH_WasteToEnergy_Boiler,CO2,2040,1
DE,HLDH_WasteToEnergy_Boiler,CO2,2045,1
DE,HLDH_WasteToEnergy_Boiler,CO2,2050,1
DE,HLDH_WasteToEnergy_CHP,CO2,2018,1
DE,HLDH_WasteToEnergy_CHP,CO2,2020,1
DE,HLDH_WasteToEnergy_CHP,CO2,2025,1
DE,HLDH_WasteToEnergy_CHP,CO2,2030,1
DE,HLDH_WasteToEnergy_CHP,CO2,2035,1
DE,HLDH_WasteToEnergy_CHP,CO2,2040,1
DE,HLDH_WasteToEnergy_CHP,CO2,2045,1
DE,HLDH_WasteToEnergy_CHP,CO2,2050,1
DE,HLDH_Heatpump,CO2,2018,1
DE,HLDH_Heatpump,CO2,2020,1
DE,HLDH_Heatpump,CO2,2025,1
DE,HLDH_Heatpump,CO2,2030,1
DE,HLDH_Heatpump,CO2,2035,1
DE,HLDH_Heatpump,CO2,2040,1
DE,HLDH_Heatpump,CO2,2045,1
DE,HLDH_Heatpump,CO2,2050,1
DE,HLDH_ExcessHeat,CO2,2018,1
DE,HLDH_ExcessHeat,CO2,2020,1
DE,HLDH_ExcessHeat,CO2,2025,1
DE,HLDH_ExcessHeat,CO2,2030,1
DE,HLDH_ExcessHeat,CO2,2035,1
DE,HLDH_ExcessHeat,CO2,2040,1
DE,HLDH_ExcessHeat,CO2,2045,1
DE,HLDH_ExcessHeat,CO2,2050,1
DE,HLDH_Electric_Boiler,CO2,2018,1
DE,HLDH_Electric_Boiler,CO2,2020,1
DE,HLDH_Electric_Boiler,CO2,2025,1
DE,HLDH_Electric_Boiler,CO2,2030,1
DE,HLDH_Electric_Boiler,CO2,2035,1
DE,HLDH_Electric_Boiler,CO2,2040,1
DE,HLDH_Electric_Boiler,CO2,2045,1
DE,HLDH_Electric_Boiler,CO2,2050,1
DE,HLDH_Heatpump_Air,CO2,2018,1
DE,HLDH_Heatpump_Air,CO2,2020,1
DE,HLDH_Heatpump_Air,CO2,2025,1
DE,HLDH_Heatpump_Air,CO2,2030,1
DE,HLDH_Heatpump_Air,CO2,2035,1
DE,HLDH_Heatpump_Air,CO2,2040,1
DE,HLDH_Heatpump_Air,CO2,2045,1
DE,HLDH_Heatpump_Air,CO2,2050,1
DE,HLDH_Heatpump_ExcessHeat,CO2,2018,1
DE,HLDH_Heatpump_ExcessHeat,CO2,2020,1
DE,HLDH_Heatpump_ExcessHeat,CO2,2025,1
DE,HLDH_Heatpump_ExcessHeat,CO2,2030,1
DE,HLDH_Heatpump_ExcessHeat,CO2,2035,1
DE,HLDH_Heatpump_ExcessHeat,CO2,2040,1
DE,HLDH_Heatpump_ExcessHeat,CO2,2045,1
DE,HLDH_Heatpump_ExcessHeat,CO2,2050,1
DE,HLI_Heatpump,CO2,2018,1
DE,HLI_Heatpump,CO2,2020,1
DE,HLI_Heatpump,CO2,2025,1
DE,HLI_Heatpump,CO2,2030,1
DE,HLI_Heatpump,CO2,2035,1
DE,HLI_Heatpump,CO2,2040,1
DE,HLI_Heatpump,CO2,2045,1
DE,HLI_Heatpump,CO2,2050,1
DE,HMLI_Heatpump,CO2,2018,1
DE,HMLI_Heatpump,CO2,2020,1
DE,HMLI_Heatpump,CO2,2025,1
DE,HMLI_Heatpump,CO2,2030,1
DE,HMLI_Heatpump,CO2,2035,1
DE,HMLI_Heatpump,CO2,2040,1
DE,HMLI_Heatpump,CO2,2045,1
DE,HMLI_Heatpump,CO2,2050,1
