Technology,Subset,Value,,Unit,Source,Updated at,Updated by
CHP_Biomass_Solid,CHP,1,,Binary,not relevant,08.09.2023,Konstantin Loffler <kl@wip.tu-berlin.de>
CHP_Biomass_Solid,EmergingTechnologies,1,,Binary,not relevant,03.12.2024,Konstantin Loffler <kl@wip.tu-berlin.de>
CHP_Biomass_Solid,Heat,1,,Binary,not relevant,08.09.2023,Konstantin Loffler <kl@wip.tu-berlin.de>
CHP_Biomass_Solid,PhaseInSet,1,,Binary,not relevant,08.09.2023,Konstantin Loffler <kl@wip.tu-berlin.de>
CHP_Biomass_Solid,Renewables,1,,Binary,not relevant,08.09.2023,Konstantin Loffler <kl@wip.tu-berlin.de>
CHP_Biomass_Solid,Transformation,1,,Binary,not relevant,08.09.2023,Konstantin Loffler <kl@wip.tu-berlin.de>
CHP_Biomass_Solid_CCS,CCS,1,,Binary,not relevant,08.09.2023,Konstantin Loffler <kl@wip.tu-berlin.de>
CHP_Biomass_Solid_CCS,CHP,1,,Binary,not relevant,08.09.2023,Konstantin Loffler <kl@wip.tu-berlin.de>
CHP_Biomass_Solid_CCS,EmergingTechnologies,1,,Binary,not relevant,03.12.2024,Konstantin Loffler <kl@wip.tu-berlin.de>
CHP_Biomass_Solid_CCS,Heat,1,,Binary,not relevant,08.09.2023,Konstantin Loffler <kl@wip.tu-berlin.de>
CHP_Biomass_Solid_CCS,PhaseInSet,1,,Binary,not relevant,08.09.2023,Konstantin Loffler <kl@wip.tu-berlin.de>
CHP_Biomass_Solid_CCS,Renewables,1,,Binary,not relevant,08.09.2023,Konstantin Loffler <kl@wip.tu-berlin.de>
CHP_Biomass_Solid_CCS,Transformation,1,,Binary,not relevant,08.09.2023,Konstantin Loffler <kl@wip.tu-berlin.de>
CHP_Coal_Hardcoal,CHP,1,,Binary,not relevant,08.09.2023,Konstantin Loffler <kl@wip.tu-berlin.de>
CHP_Coal_Hardcoal,FossilPower,1,,Binary,not relevant,08.09.2023,Konstantin Loffler <kl@wip.tu-berlin.de>
CHP_Coal_Hardcoal,Heat,1,,Binary,not relevant,08.09.2023,Konstantin Loffler <kl@wip.tu-berlin.de>
CHP_Coal_Hardcoal,PhaseOutSet,1,,Binary,not relevant,08.09.2023,Konstantin Loffler <kl@wip.tu-berlin.de>
CHP_Coal_Hardcoal,Transformation,1,,Binary,not relevant,08.09.2023,Konstantin Loffler <kl@wip.tu-berlin.de>
CHP_Coal_Hardcoal_CCS,CCS,1,,Binary,not relevant,08.09.2023,Konstantin Loffler <kl@wip.tu-berlin.de>
CHP_Coal_Hardcoal_CCS,CHP,1,,Binary,not relevant,08.09.2023,Konstantin Loffler <kl@wip.tu-berlin.de>
CHP_Coal_Hardcoal_CCS,EmergingTechnologies,1,,Binary,not relevant,03.12.2024,Konstantin Loffler <kl@wip.tu-berlin.de>
CHP_Coal_Hardcoal_CCS,FossilPower,1,,Binary,not relevant,08.09.2023,Konstantin Loffler <kl@wip.tu-berlin.de>
CHP_Coal_Hardcoal_CCS,Heat,1,,Binary,not relevant,08.09.2023,Konstantin Loffler <kl@wip.tu-berlin.de>
CHP_Coal_Hardcoal_CCS,PhaseInSet,1,,Binary,not relevant,08.09.2023,Konstantin Loffler <kl@wip.tu-berlin.de>
CHP_Coal_Hardcoal_CCS,Transformation,1,,Binary,not relevant,08.09.2023,Konstantin Loffler <kl@wip.tu-berlin.de>
CHP_Coal_Lignite,CHP,1,,Binary,not relevant,08.09.2023,Konstantin Loffler <kl@wip.tu-berlin.de>
CHP_Coal_Lignite,FossilPower,1,,Binary,not relevant,08.09.2023,Konstantin Loffler <kl@wip.tu-berlin.de>
CHP_Coal_Lignite,Heat,1,,Binary,not relevant,08.09.2023,Konstantin Loffler <kl@wip.tu-berlin.de>
CHP_Coal_Lignite,PhaseOutSet,1,,Binary,not relevant,08.09.2023,Konstantin Loffler <kl@wip.tu-berlin.de>
CHP_Coal_Lignite,Transformation,1,,Binary,not relevant,08.09.2023,Konstantin Loffler <kl@wip.tu-berlin.de>
CHP_Coal_Lignite_CCS,CCS,1,,Binary,not relevant,08.09.2023,Konstantin Loffler <kl@wip.tu-berlin.de>
CHP_Coal_Lignite_CCS,CHP,1,,Binary,not relevant,08.09.2023,Konstantin Loffler <kl@wip.tu-berlin.de>
CHP_Coal_Lignite_CCS,EmergingTechnologies,1,,Binary,not relevant,08.09.2023,Konstantin Loffler <kl@wip.tu-berlin.de>
CHP_Coal_Lignite_CCS,FossilPower,1,,Binary,not relevant,08.09.2023,Konstantin Loffler <kl@wip.tu-berlin.de>
CHP_Coal_Lignite_CCS,Heat,1,,Binary,not relevant,08.09.2023,Konstantin Loffler <kl@wip.tu-berlin.de>
CHP_Coal_Lignite_CCS,PhaseInSet,1,,Binary,not relevant,03.12.2024,Konstantin Loffler <kl@wip.tu-berlin.de>
CHP_Coal_Lignite_CCS,Transformation,1,,Binary,not relevant,08.09.2023,Konstantin Loffler <kl@wip.tu-berlin.de>
CHP_Gas_CCGT_Biogas,CHP,1,,Binary,not relevant,08.09.2023,Konstantin Loffler <kl@wip.tu-berlin.de>
CHP_Gas_CCGT_Biogas,EmergingTechnologies,1,,Binary,not relevant,08.09.2023,Konstantin Loffler <kl@wip.tu-berlin.de>
CHP_Gas_CCGT_Biogas,Heat,1,,Binary,not relevant,03.12.2024,Konstantin Loffler <kl@wip.tu-berlin.de>
CHP_Gas_CCGT_Biogas,PhaseInSet,1,,Binary,not relevant,08.09.2023,Konstantin Loffler <kl@wip.tu-berlin.de>
CHP_Gas_CCGT_Biogas,Renewables,1,,Binary,not relevant,08.09.2023,Konstantin Loffler <kl@wip.tu-berlin.de>
CHP_Gas_CCGT_Biogas,Transformation,1,,Binary,not relevant,08.09.2023,Konstantin Loffler <kl@wip.tu-berlin.de>
CHP_Gas_CCGT_Biogas_CCS,CCS,1,,Binary,not relevant,08.09.2023,Konstantin Loffler <kl@wip.tu-berlin.de>
CHP_Gas_CCGT_Biogas_CCS,CHP,1,,Binary,not relevant,08.09.2023,Konstantin Loffler <kl@wip.tu-berlin.de>
CHP_Gas_CCGT_Biogas_CCS,EmergingTechnologies,1,,Binary,not relevant,08.09.2023,Konstantin Loffler <kl@wip.tu-berlin.de>
CHP_Gas_CCGT_Biogas_CCS,Heat,1,,Binary,not relevant,03.12.2024,Konstantin Loffler <kl@wip.tu-berlin.de>
CHP_Gas_CCGT_Biogas_CCS,PhaseInSet,1,,Binary,not relevant,08.09.2023,Konstantin Loffler <kl@wip.tu-berlin.de>
CHP_Gas_CCGT_Biogas_CCS,Renewables,1,,Binary,not relevant,08.09.2023,Konstantin Loffler <kl@wip.tu-berlin.de>
CHP_Gas_CCGT_Biogas_CCS,Transformation,1,,Binary,not relevant,08.09.2023,Konstantin Loffler <kl@wip.tu-berlin.de>
CHP_Gas_CCGT_Natural,CHP,1,,Binary,not relevant,08.09.2023,Konstantin Loffler <kl@wip.tu-berlin.de>
CHP_Gas_CCGT_Natural,FossilPower,1,,Binary,not relevant,08.09.2023,Konstantin Loffler <kl@wip.tu-berlin.de>
CHP_Gas_CCGT_Natural,Heat,1,,Binary,not relevant,08.09.2023,Konstantin Loffler <kl@wip.tu-berlin.de>
CHP_Gas_CCGT_Natural,Transformation,1,,Binary,not relevant,08.09.2023,Konstantin Loffler <kl@wip.tu-berlin.de>
CHP_Gas_CCGT_Natural_CCS,CCS,1,,Binary,not relevant,08.09.2023,Konstantin Loffler <kl@wip.tu-berlin.de>
CHP_Gas_CCGT_Natural_CCS,CHP,1,,Binary,not relevant,08.09.2023,Konstantin Loffler <kl@wip.tu-berlin.de>
CHP_Gas_CCGT_Natural_CCS,EmergingTechnologies,1,,Binary,not relevant,08.09.2023,Konstantin Loffler <kl@wip.tu-berlin.de>
CHP_Gas_CCGT_Natural_CCS,FossilPower,1,,Binary,not relevant,08.09.2023,Konstantin Loffler <kl@wip.tu-berlin.de>
CHP_Gas_CCGT_Natural_CCS,Heat,1,,Binary,not relevant,08.09.2023,Konstantin Loffler <kl@wip.tu-berlin.de>
CHP_Gas_CCGT_Natural_CCS,PhaseInSet,1,,Binary,not relevant,03.12.2024,Konstantin Loffler <kl@wip.tu-berlin.de>
CHP_Gas_CCGT_Natural_CCS,Transformation,1,,Binary,not relevant,08.09.2023,Konstantin Loffler <kl@wip.tu-berlin.de>
CHP_Gas_CCGT_SynGas,CHP,1,,Binary,not relevant,03.12.2024,Konstantin Loffler <kl@wip.tu-berlin.de>
CHP_Gas_CCGT_SynGas,EmergingTechnologies,1,,Binary,not relevant,08.09.2023,Konstantin Loffler <kl@wip.tu-berlin.de>
CHP_Gas_CCGT_SynGas,Heat,1,,Binary,not relevant,08.09.2023,Konstantin Loffler <kl@wip.tu-berlin.de>
CHP_Gas_CCGT_SynGas,PhaseInSet,1,,Binary,not relevant,08.09.2023,Konstantin Loffler <kl@wip.tu-berlin.de>
CHP_Gas_CCGT_SynGas,Renewables,1,,Binary,not relevant,08.09.2023,Konstantin Loffler <kl@wip.tu-berlin.de>
CHP_Gas_CCGT_SynGas,Transformation,1,,Binary,not relevant,08.09.2023,Konstantin Loffler <kl@wip.tu-berlin.de>
CHP_Hydrogen_FuelCell,CHP,1,,Binary,not relevant,08.09.2023,Konstantin Loffler <kl@wip.tu-berlin.de>
CHP_Hydrogen_FuelCell,EmergingTechnologies,1,,Binary,not relevant,08.09.2023,Konstantin Loffler <kl@wip.tu-berlin.de>
CHP_Hydrogen_FuelCell,Heat,1,,Binary,not relevant,08.09.2023,Konstantin Loffler <kl@wip.tu-berlin.de>
CHP_Hydrogen_FuelCell,PhaseInSet,1,,Binary,not relevant,08.09.2023,Konstantin Loffler <kl@wip.tu-berlin.de>
CHP_Hydrogen_FuelCell,Transformation,1,,Binary,not relevant,03.12.2024,Konstantin Loffler <kl@wip.tu-berlin.de>
CHP_Oil,CHP,1,,Binary,not relevant,08.09.2023,Konstantin Loffler <kl@wip.tu-berlin.de>
CHP_Oil,FossilPower,1,,Binary,not relevant,08.09.2023,Konstantin Loffler <kl@wip.tu-berlin.de>
CHP_Oil,Heat,1,,Binary,not relevant,08.09.2023,Konstantin Loffler <kl@wip.tu-berlin.de>
CHP_Oil,PhaseOutSet,1,,Binary,not relevant,08.09.2023,Konstantin Loffler <kl@wip.tu-berlin.de>
CHP_Oil,Transformation,1,,Binary,not relevant,08.09.2023,Konstantin Loffler <kl@wip.tu-berlin.de>
D_Battery_Li-Ion,PhaseInSet,1,,Binary,not relevant,08.09.2023,Konstantin Loffler <kl@wip.tu-berlin.de>
D_Battery_Li-Ion,StorageDummies,1,,Binary,not relevant,08.09.2023,Konstantin Loffler <kl@wip.tu-berlin.de>
D_Battery_Li-Ion,Transformation,1,,Binary,not relevant,08.09.2023,Konstantin Loffler <kl@wip.tu-berlin.de>
D_Battery_Redox,PhaseInSet,1,,Binary,not relevant,08.09.2023,Konstantin Loffler <kl@wip.tu-berlin.de>
D_Battery_Redox,StorageDummies,1,,Binary,not relevant,08.09.2023,Konstantin Loffler <kl@wip.tu-berlin.de>
D_Battery_Redox,Transformation,1,,Binary,not relevant,08.09.2023,Konstantin Loffler <kl@wip.tu-berlin.de>
D_CAES,PhaseInSet,1,,Binary,not relevant,08.09.2023,Konstantin Loffler <kl@wip.tu-berlin.de>
D_CAES,StorageDummies,1,,Binary,not relevant,08.09.2023,Konstantin Loffler <kl@wip.tu-berlin.de>
D_CAES,Transformation,1,,Binary,not relevant,08.09.2023,Konstantin Loffler <kl@wip.tu-berlin.de>
D_Gas_H2,PhaseInSet,1,,Binary,not relevant,08.09.2023,Konstantin Loffler <kl@wip.tu-berlin.de>
D_Gas_H2,StorageDummies,1,,Binary,not relevant,08.09.2023,Konstantin Loffler <kl@wip.tu-berlin.de>
D_Gas_H2,Transformation,1,,Binary,not relevant,08.09.2023,Konstantin Loffler <kl@wip.tu-berlin.de>
D_Gas_Methane,PhaseInSet,1,,Binary,not relevant,08.09.2023,Konstantin Loffler <kl@wip.tu-berlin.de>
D_Gas_Methane,StorageDummies,1,,Binary,not relevant,08.09.2023,Konstantin Loffler <kl@wip.tu-berlin.de>
D_Gas_Methane,Transformation,1,,Binary,not relevant,08.09.2023,Konstantin Loffler <kl@wip.tu-berlin.de>
D_HB_Tank_Small,PhaseInSet,1,,Binary,not relevant,08.09.2023,Konstantin Loffler <kl@wip.tu-berlin.de>
D_HB_Tank_Small,StorageDummies,1,,Binary,not relevant,08.09.2023,Konstantin Loffler <kl@wip.tu-berlin.de>
D_HB_Tank_Small,Transformation,1,,Binary,not relevant,08.09.2023,Konstantin Loffler <kl@wip.tu-berlin.de>
D_HD_Pit,PhaseInSet,1,,Binary,not relevant,08.09.2023,Konstantin Loffler <kl@wip.tu-berlin.de>
D_HD_Pit,StorageDummies,1,,Binary,not relevant,08.09.2023,Konstantin Loffler <kl@wip.tu-berlin.de>
D_HD_Pit,Transformation,1,,Binary,not relevant,08.09.2023,Konstantin Loffler <kl@wip.tu-berlin.de>
D_HLI_Tank_Large,PhaseInSet,1,,Binary,not relevant,08.09.2023,Konstantin Loffler <kl@wip.tu-berlin.de>
D_HLI_Tank_Large,StorageDummies,1,,Binary,not relevant,08.09.2023,Konstantin Loffler <kl@wip.tu-berlin.de>
D_HLI_Tank_Large,Transformation,1,,Binary,not relevant,08.09.2023,Konstantin Loffler <kl@wip.tu-berlin.de>
D_PHS,PhaseInSet,1,,Binary,not relevant,08.09.2023,Konstantin Loffler <kl@wip.tu-berlin.de>
D_PHS,StorageDummies,1,,Binary,not relevant,08.09.2023,Konstantin Loffler <kl@wip.tu-berlin.de>
D_PHS,Transformation,1,,Binary,not relevant,08.09.2023,Konstantin Loffler <kl@wip.tu-berlin.de>
FRT_Rail_Conv,Freight,1,,Binary,not relevant,08.09.2023,Konstantin Loffler <kl@wip.tu-berlin.de>
FRT_Rail_Conv,Transport,1,,Binary,not relevant,08.09.2023,Konstantin Loffler <kl@wip.tu-berlin.de>
FRT_Rail_Electric,Freight,1,,Binary,not relevant,08.09.2023,Konstantin Loffler <kl@wip.tu-berlin.de>
FRT_Rail_Electric,Transport,1,,Binary,not relevant,08.09.2023,Konstantin Loffler <kl@wip.tu-berlin.de>
FRT_Road_BEV,Freight,1,,Binary,not relevant,08.09.2023,Konstantin Loffler <kl@wip.tu-berlin.de>
FRT_Road_BEV,PhaseInSet,1,,Binary,not relevant,08.09.2023,Konstantin Loffler <kl@wip.tu-berlin.de>
FRT_Road_BEV,Transport,1,,Binary,not relevant,08.09.2023,Konstantin Loffler <kl@wip.tu-berlin.de>
FRT_Road_H2,Freight,1,,Binary,not relevant,08.09.2023,Konstantin Loffler <kl@wip.tu-berlin.de>
FRT_Road_H2,PhaseInSet,1,,Binary,not relevant,08.09.2023,Konstantin Loffler <kl@wip.tu-berlin.de>
FRT_Road_H2,Transport,1,,Binary,not relevant,08.09.2023,Konstantin Loffler <kl@wip.tu-berlin.de>
FRT_Road_ICE,Freight,1,,Binary,not relevant,08.09.2023,Konstantin Loffler <kl@wip.tu-berlin.de>
FRT_Road_ICE,PhaseOutSet,1,,Binary,not relevant,08.09.2023,Konstantin Loffler <kl@wip.tu-berlin.de>
FRT_Road_ICE,Transport,1,,Binary,not relevant,08.09.2023,Konstantin Loffler <kl@wip.tu-berlin.de>
FRT_Road_OH,Freight,1,,Binary,not relevant,08.09.2023,Konstantin Loffler <kl@wip.tu-berlin.de>
FRT_Road_OH,PhaseInSet,1,,Binary,not relevant,08.09.2023,Konstantin Loffler <kl@wip.tu-berlin.de>
FRT_Road_OH,Transport,1,,Binary,not relevant,08.09.2023,Konstantin Loffler <kl@wip.tu-berlin.de>
FRT_Road_PHEV,Freight,1,,Binary,not relevant,08.09.2023,Konstantin Loffler <kl@wip.tu-berlin.de>
FRT_Road_PHEV,PhaseInSet,1,,Binary,not relevant,08.09.2023,Konstantin Loffler <kl@wip.tu-berlin.de>
FRT_Road_PHEV,Transport,1,,Binary,not relevant,08.09.2023,Konstantin Loffler <kl@wip.tu-berlin.de>
FRT_Ship_Bio,Freight,1,,Binary,not relevant,08.09.2023,Konstantin Loffler <kl@wip.tu-berlin.de>
FRT_Ship_Bio,PhaseInSet,1,,Binary,not relevant,08.09.2023,Konstantin Loffler <kl@wip.tu-berlin.de>
FRT_Ship_Bio,Transport,1,,Binary,not relevant,08.09.2023,Konstantin Loffler <kl@wip.tu-berlin.de>
FRT_Ship_Conv,Freight,1,,Binary,not relevant,08.09.2023,Konstantin Loffler <kl@wip.tu-berlin.de>
FRT_Ship_Conv,Transport,1,,Binary,not relevant,08.09.2023,Konstantin Loffler <kl@wip.tu-berlin.de>
HB_Biomass,EmergingTechnologies,1,,Binary,not relevant,08.09.2023,Konstantin Loffler <kl@wip.tu-berlin.de>
HB_Biomass,Heat,1,,Binary,not relevant,08.09.2023,Konstantin Loffler <kl@wip.tu-berlin.de>
HB_Biomass,Households,1,,Binary,not relevant,03.12.2024,Konstantin Loffler <kl@wip.tu-berlin.de>
HB_Biomass,PhaseInSet,1,,Binary,not relevant,08.09.2023,Konstantin Loffler <kl@wip.tu-berlin.de>
HB_Biomass,Renewables,1,,Binary,not relevant,08.09.2023,Konstantin Loffler <kl@wip.tu-berlin.de>
HB_Biomass,Transformation,1,,Binary,not relevant,08.09.2023,Konstantin Loffler <kl@wip.tu-berlin.de>
HB_Convert_DH,CHP,1,,Binary,not relevant,08.09.2023,Konstantin Loffler <kl@wip.tu-berlin.de>
HB_Convert_DH,Heat,1,,Binary,not relevant,08.09.2023,Konstantin Loffler <kl@wip.tu-berlin.de>
HB_Direct_Electric,EmergingTechnologies,1,,Binary,not relevant,08.09.2023,Konstantin Loffler <kl@wip.tu-berlin.de>
HB_Direct_Electric,Heat,1,,Binary,not relevant,08.09.2023,Konstantin Loffler <kl@wip.tu-berlin.de>
HB_Direct_Electric,Households,1,,Binary,not relevant,03.12.2024,Konstantin Loffler <kl@wip.tu-berlin.de>
HB_Direct_Electric,PhaseInSet,1,,Binary,not relevant,08.09.2023,Konstantin Loffler <kl@wip.tu-berlin.de>
HB_Direct_Electric,Transformation,1,,Binary,not relevant,08.09.2023,Konstantin Loffler <kl@wip.tu-berlin.de>
HB_Gas_Boiler,Heat,1,,Binary,not relevant,08.09.2023,Konstantin Loffler <kl@wip.tu-berlin.de>
HB_Gas_Boiler,Households,1,,Binary,not relevant,08.09.2023,Konstantin Loffler <kl@wip.tu-berlin.de>
HB_Gas_Boiler,PhaseOutSet,1,,Binary,not relevant,08.09.2023,Konstantin Loffler <kl@wip.tu-berlin.de>
HB_Gas_Boiler,Transformation,1,,Binary,not relevant,08.09.2023,Konstantin Loffler <kl@wip.tu-berlin.de>
HB_Geothermal,EmergingTechnologies,1,,Binary,not relevant,03.12.2024,Konstantin Loffler <kl@wip.tu-berlin.de>
HB_Geothermal,Heat,1,,Binary,not relevant,08.09.2023,Konstantin Loffler <kl@wip.tu-berlin.de>
HB_Geothermal,PhaseInSet,1,,Binary,not relevant,08.09.2023,Konstantin Loffler <kl@wip.tu-berlin.de>
HB_Geothermal,Transformation,1,,Binary,not relevant,08.09.2023,Konstantin Loffler <kl@wip.tu-berlin.de>
HB_H2_Boiler,EmergingTechnologies,1,,Binary,not relevant,08.09.2023,Konstantin Loffler <kl@wip.tu-berlin.de>
HB_H2_Boiler,Heat,1,,Binary,not relevant,08.09.2023,Konstantin Loffler <kl@wip.tu-berlin.de>
HB_H2_Boiler,PhaseInSet,1,,Binary,not relevant,08.09.2023,Konstantin Loffler <kl@wip.tu-berlin.de>
HB_H2_Boiler,Transformation,1,,Binary,not relevant,08.09.2023,Konstantin Loffler <kl@wip.tu-berlin.de>
HB_Hardcoal,Heat,1,,Binary,not relevant,08.09.2023,Konstantin Loffler <kl@wip.tu-berlin.de>
HB_Hardcoal,Households,1,,Binary,not relevant,08.09.2023,Konstantin Loffler <kl@wip.tu-berlin.de>
HB_Hardcoal,PhaseOutSet,1,,Binary,not relevant,08.09.2023,Konstantin Loffler <kl@wip.tu-berlin.de>
HB_Hardcoal,Transformation,1,,Binary,not relevant,03.12.2024,Konstantin Loffler <kl@wip.tu-berlin.de>
HB_Heatpump_Aerial,EmergingTechnologies,1,,Binary,not relevant,08.09.2023,Konstantin Loffler <kl@wip.tu-berlin.de>
HB_Heatpump_Aerial,Heat,1,,Binary,not relevant,08.09.2023,Konstantin Loffler <kl@wip.tu-berlin.de>
HB_Heatpump_Aerial,Households,1,,Binary,not relevant,08.09.2023,Konstantin Loffler <kl@wip.tu-berlin.de>
HB_Heatpump_Aerial,PhaseInSet,1,,Binary,not relevant,08.09.2023,Konstantin Loffler <kl@wip.tu-berlin.de>
HB_Heatpump_Aerial,Transformation,1,,Binary,not relevant,08.09.2023,Konstantin Loffler <kl@wip.tu-berlin.de>
HB_Heatpump_Ground,EmergingTechnologies,1,,Binary,not relevant,08.09.2023,Konstantin Loffler <kl@wip.tu-berlin.de>
HB_Heatpump_Ground,Heat,1,,Binary,not relevant,08.09.2023,Konstantin Loffler <kl@wip.tu-berlin.de>
HB_Heatpump_Ground,Households,1,,Binary,not relevant,08.09.2023,Konstantin Loffler <kl@wip.tu-berlin.de>
HB_Heatpump_Ground,PhaseInSet,1,,Binary,not relevant,08.09.2023,Konstantin Loffler <kl@wip.tu-berlin.de>
HB_Heatpump_Ground,Transformation,1,,Binary,not relevant,03.12.2024,Konstantin Loffler <kl@wip.tu-berlin.de>
HB_Lignite,Heat,1,,Binary,not relevant,08.09.2023,Konstantin Loffler <kl@wip.tu-berlin.de>
HB_Lignite,PhaseOutSet,1,,Binary,not relevant,08.09.2023,Konstantin Loffler <kl@wip.tu-berlin.de>
HB_Lignite,Transformation,1,,Binary,not relevant,03.12.2024,Konstantin Loffler <kl@wip.tu-berlin.de>
HB_Oil_Boiler,Heat,1,,Binary,not relevant,08.09.2023,Konstantin Loffler <kl@wip.tu-berlin.de>
HB_Oil_Boiler,Households,1,,Binary,not relevant,08.09.2023,Konstantin Loffler <kl@wip.tu-berlin.de>
HB_Oil_Boiler,PhaseOutSet,1,,Binary,not relevant,08.09.2023,Konstantin Loffler <kl@wip.tu-berlin.de>
HB_Oil_Boiler,Transformation,1,,Binary,not relevant,08.09.2023,Konstantin Loffler <kl@wip.tu-berlin.de>
HB_Solar_Thermal,EmergingTechnologies,1,,Binary,not relevant,08.09.2023,Konstantin Loffler <kl@wip.tu-berlin.de>
HB_Solar_Thermal,Heat,1,,Binary,not relevant,08.09.2023,Konstantin Loffler <kl@wip.tu-berlin.de>
HB_Solar_Thermal,Households,1,,Binary,not relevant,08.09.2023,Konstantin Loffler <kl@wip.tu-berlin.de>
HB_Solar_Thermal,PhaseInSet,1,,Binary,not relevant,08.09.2023,Konstantin Loffler <kl@wip.tu-berlin.de>
HB_Solar_Thermal,Renewables,1,,Binary,not relevant,08.09.2023,Konstantin Loffler <kl@wip.tu-berlin.de>
HB_Solar_Thermal,Solar,1,,Binary,not relevant,08.09.2023,Konstantin Loffler <kl@wip.tu-berlin.de>
HB_Solar_Thermal,Transformation,1,,Binary,not relevant,08.09.2023,Konstantin Loffler <kl@wip.tu-berlin.de>
HD_Electric_Boiler,EmergingTechnologies,1,,Binary,not relevant,08.09.2023,Konstantin Loffler <kl@wip.tu-berlin.de>
HD_Electric_Boiler,Heat,1,,Binary,not relevant,08.09.2023,Konstantin Loffler <kl@wip.tu-berlin.de>
HD_Electric_Boiler,PhaseInSet,1,,Binary,not relevant,08.09.2023,Konstantin Loffler <kl@wip.tu-berlin.de>
HD_Electric_Boiler,Transformation,1,,Binary,not relevant,03.12.2024,Konstantin Loffler <kl@wip.tu-berlin.de>
HD_Geothermal,EmergingTechnologies,1,,Binary,not relevant,08.09.2023,Konstantin Loffler <kl@wip.tu-berlin.de>
HD_Geothermal,Heat,1,,Binary,not relevant,08.09.2023,Konstantin Loffler <kl@wip.tu-berlin.de>
HD_Geothermal,PhaseInSet,1,,Binary,not relevant,08.09.2023,Konstantin Loffler <kl@wip.tu-berlin.de>
HD_Geothermal,Renewables,1,,Binary,not relevant,08.09.2023,Konstantin Loffler <kl@wip.tu-berlin.de>
HD_Geothermal,Transformation,1,,Binary,not relevant,03.12.2024,Konstantin Loffler <kl@wip.tu-berlin.de>
HD_Heatpump_Air,EmergingTechnologies,1,,Binary,not relevant,08.09.2023,Konstantin Loffler <kl@wip.tu-berlin.de>
HD_Heatpump_Air,Heat,1,,Binary,not relevant,08.09.2023,Konstantin Loffler <kl@wip.tu-berlin.de>
HD_Heatpump_Air,PhaseInSet,1,,Binary,not relevant,08.09.2023,Konstantin Loffler <kl@wip.tu-berlin.de>
HD_Heatpump_Air,Transformation,1,,Binary,not relevant,03.12.2024,Konstantin Loffler <kl@wip.tu-berlin.de>
HD_Heatpump_ExcessHeat,EmergingTechnologies,1,,Binary,not relevant,08.09.2023,Konstantin Loffler <kl@wip.tu-berlin.de>
HD_Heatpump_ExcessHeat,Heat,1,,Binary,not relevant,08.09.2023,Konstantin Loffler <kl@wip.tu-berlin.de>
HD_Heatpump_ExcessHeat,PhaseInSet,1,,Binary,not relevant,08.09.2023,Konstantin Loffler <kl@wip.tu-berlin.de>
HD_Heatpump_ExcessHeat,Transformation,1,,Binary,not relevant,03.12.2024,Konstantin Loffler <kl@wip.tu-berlin.de>
HD_Solar_Thermal,EmergingTechnologies,1,,Binary,not relevant,08.09.2023,Konstantin Loffler <kl@wip.tu-berlin.de>
HD_Solar_Thermal,Heat,1,,Binary,not relevant,08.09.2023,Konstantin Loffler <kl@wip.tu-berlin.de>
HD_Solar_Thermal,PhaseInSet,1,,Binary,not relevant,08.09.2023,Konstantin Loffler <kl@wip.tu-berlin.de>
HD_Solar_Thermal,Renewables,1,,Binary,not relevant,08.09.2023,Konstantin Loffler <kl@wip.tu-berlin.de>
HD_Solar_Thermal,Transformation,1,,Binary,not relevant,03.12.2024,Konstantin Loffler <kl@wip.tu-berlin.de>
HHI_BF_BOF,Heat,1,,Binary,not relevant,08.09.2023,Konstantin Loffler <kl@wip.tu-berlin.de>
HHI_BF_BOF,PhaseOutSet,1,,Binary,not relevant,08.09.2023,Konstantin Loffler <kl@wip.tu-berlin.de>
HHI_BF_BOF,Transformation,1,,Binary,not relevant,03.12.2024,Konstantin Loffler <kl@wip.tu-berlin.de>
HHI_BF_BOF_CCS,CCS,1,,Binary,not relevant,08.09.2023,Konstantin Loffler <kl@wip.tu-berlin.de>
HHI_BF_BOF_CCS,EmergingTechnologies,1,,Binary,not relevant,03.12.2024,Konstantin Loffler <kl@wip.tu-berlin.de>
HHI_BF_BOF_CCS,Heat,1,,Binary,not relevant,08.09.2023,Konstantin Loffler <kl@wip.tu-berlin.de>
HHI_BF_BOF_CCS,PhaseInSet,1,,Binary,not relevant,08.09.2023,Konstantin Loffler <kl@wip.tu-berlin.de>
HHI_BF_BOF_CCS,Transformation,1,,Binary,not relevant,08.09.2023,Konstantin Loffler <kl@wip.tu-berlin.de>
HHI_Bio_BF_BOF,EmergingTechnologies,1,,Binary,not relevant,08.09.2023,Konstantin Loffler <kl@wip.tu-berlin.de>
HHI_Bio_BF_BOF,Heat,1,,Binary,not relevant,08.09.2023,Konstantin Loffler <kl@wip.tu-berlin.de>
HHI_Bio_BF_BOF,PhaseInSet,1,,Binary,not relevant,03.12.2024,Konstantin Loffler <kl@wip.tu-berlin.de>
HHI_Bio_BF_BOF,Renewables,1,,Binary,not relevant,08.09.2023,Konstantin Loffler <kl@wip.tu-berlin.de>
HHI_Bio_BF_BOF,Transformation,1,,Binary,not relevant,08.09.2023,Konstantin Loffler <kl@wip.tu-berlin.de>
HHI_DRI_EAF,EmergingTechnologies,1,,Binary,not relevant,08.09.2023,Konstantin Loffler <kl@wip.tu-berlin.de>
HHI_DRI_EAF,Heat,1,,Binary,not relevant,08.09.2023,Konstantin Loffler <kl@wip.tu-berlin.de>
HHI_DRI_EAF,Transformation,1,,Binary,not relevant,03.12.2024,Konstantin Loffler <kl@wip.tu-berlin.de>
HHI_DRI_EAF_CCS,CCS,1,,Binary,not relevant,03.12.2024,Konstantin Loffler <kl@wip.tu-berlin.de>
HHI_DRI_EAF_CCS,EmergingTechnologies,1,,Binary,not relevant,08.09.2023,Konstantin Loffler <kl@wip.tu-berlin.de>
HHI_DRI_EAF_CCS,Heat,1,,Binary,not relevant,08.09.2023,Konstantin Loffler <kl@wip.tu-berlin.de>
HHI_DRI_EAF_CCS,PhaseInSet,1,,Binary,not relevant,08.09.2023,Konstantin Loffler <kl@wip.tu-berlin.de>
HHI_DRI_EAF_CCS,Transformation,1,,Binary,not relevant,03.12.2024,Konstantin Loffler <kl@wip.tu-berlin.de>
HHI_H2DRI_EAF,EmergingTechnologies,1,,Binary,not relevant,08.09.2023,Konstantin Loffler <kl@wip.tu-berlin.de>
HHI_H2DRI_EAF,Heat,1,,Binary,not relevant,08.09.2023,Konstantin Loffler <kl@wip.tu-berlin.de>
HHI_H2DRI_EAF,PhaseInSet,1,,Binary,not relevant,08.09.2023,Konstantin Loffler <kl@wip.tu-berlin.de>
HHI_H2DRI_EAF,Renewables,1,,Binary,not relevant,03.12.2024,Konstantin Loffler <kl@wip.tu-berlin.de>
HHI_H2DRI_EAF,Transformation,1,,Binary,not relevant,08.09.2023,Konstantin Loffler <kl@wip.tu-berlin.de>
HHI_Molten_Electrolysis,EmergingTechnologies,1,,Binary,not relevant,08.09.2023,Konstantin Loffler <kl@wip.tu-berlin.de>
HHI_Molten_Electrolysis,Heat,1,,Binary,not relevant,08.09.2023,Konstantin Loffler <kl@wip.tu-berlin.de>
HHI_Molten_Electrolysis,PhaseInSet,1,,Binary,not relevant,03.12.2024,Konstantin Loffler <kl@wip.tu-berlin.de>
HHI_Molten_Electrolysis,Renewables,1,,Binary,not relevant,08.09.2023,Konstantin Loffler <kl@wip.tu-berlin.de>
HHI_Molten_Electrolysis,Transformation,1,,Binary,not relevant,08.09.2023,Konstantin Loffler <kl@wip.tu-berlin.de>
HHI_Scrap_EAF,EmergingTechnologies,1,,Binary,not relevant,08.09.2023,Konstantin Loffler <kl@wip.tu-berlin.de>
HHI_Scrap_EAF,Heat,1,,Binary,not relevant,08.09.2023,Konstantin Loffler <kl@wip.tu-berlin.de>
HHI_Scrap_EAF,PhaseInSet,1,,Binary,not relevant,03.12.2024,Konstantin Loffler <kl@wip.tu-berlin.de>
HHI_Scrap_EAF,Renewables,1,,Binary,not relevant,08.09.2023,Konstantin Loffler <kl@wip.tu-berlin.de>
HHI_Scrap_EAF,Transformation,1,,Binary,not relevant,08.09.2023,Konstantin Loffler <kl@wip.tu-berlin.de>
HLI_Biomass,EmergingTechnologies,1,,Binary,not relevant,08.09.2023,Konstantin Loffler <kl@wip.tu-berlin.de>
HLI_Biomass,Heat,1,,Binary,not relevant,08.09.2023,Konstantin Loffler <kl@wip.tu-berlin.de>
HLI_Biomass,PhaseInSet,1,,Binary,not relevant,08.09.2023,Konstantin Loffler <kl@wip.tu-berlin.de>
HLI_Biomass,Renewables,1,,Binary,not relevant,03.12.2024,Konstantin Loffler <kl@wip.tu-berlin.de>
HLI_Biomass,Transformation,1,,Binary,not relevant,08.09.2023,Konstantin Loffler <kl@wip.tu-berlin.de>
HLI_Convert_DH,CHP,1,,Binary,not relevant,08.09.2023,Konstantin Loffler <kl@wip.tu-berlin.de>
HLI_Convert_DH,Heat,1,,Binary,not relevant,08.09.2023,Konstantin Loffler <kl@wip.tu-berlin.de>
HLI_Direct_Electric,EmergingTechnologies,1,,Binary,not relevant,08.09.2023,Konstantin Loffler <kl@wip.tu-berlin.de>
HLI_Direct_Electric,Heat,1,,Binary,not relevant,03.12.2024,Konstantin Loffler <kl@wip.tu-berlin.de>
HLI_Direct_Electric,PhaseInSet,1,,Binary,not relevant,08.09.2023,Konstantin Loffler <kl@wip.tu-berlin.de>
HLI_Direct_Electric,Renewables,1,,Binary,not relevant,08.09.2023,Konstantin Loffler <kl@wip.tu-berlin.de>
HLI_Direct_Electric,Transformation,1,,Binary,not relevant,08.09.2023,Konstantin Loffler <kl@wip.tu-berlin.de>
HLI_Fuelcell,EmergingTechnologies,1,,Binary,not relevant,03.12.2024,Konstantin Loffler <kl@wip.tu-berlin.de>
HLI_Fuelcell,Heat,1,,Binary,not relevant,08.09.2023,Konstantin Loffler <kl@wip.tu-berlin.de>
HLI_Fuelcell,PhaseInSet,1,,Binary,not relevant,08.09.2023,Konstantin Loffler <kl@wip.tu-berlin.de>
HLI_Fuelcell,Renewables,1,,Binary,not relevant,08.09.2023,Konstantin Loffler <kl@wip.tu-berlin.de>
HLI_Fuelcell,SectorCoupling,1,,Binary,not relevant,08.09.2023,Konstantin Loffler <kl@wip.tu-berlin.de>
HLI_Fuelcell,Transformation,1,,Binary,not relevant,08.09.2023,Konstantin Loffler <kl@wip.tu-berlin.de>
HLI_Gas_Boiler,Heat,1,,Binary,not relevant,08.09.2023,Konstantin Loffler <kl@wip.tu-berlin.de>
HLI_Gas_Boiler,PhaseOutSet,1,,Binary,not relevant,08.09.2023,Konstantin Loffler <kl@wip.tu-berlin.de>
HLI_Gas_Boiler,Transformation,1,,Binary,not relevant,08.09.2023,Konstantin Loffler <kl@wip.tu-berlin.de>
HLI_Geothermal,EmergingTechnologies,1,,Binary,not relevant,08.09.2023,Konstantin Loffler <kl@wip.tu-berlin.de>
HLI_Geothermal,Heat,1,,Binary,not relevant,08.09.2023,Konstantin Loffler <kl@wip.tu-berlin.de>
HLI_Geothermal,PhaseInSet,1,,Binary,not relevant,08.09.2023,Konstantin Loffler <kl@wip.tu-berlin.de>
HLI_Geothermal,Renewables,1,,Binary,not relevant,08.09.2023,Konstantin Loffler <kl@wip.tu-berlin.de>
HLI_Geothermal,Transformation,1,,Binary,not relevant,03.12.2024,Konstantin Loffler <kl@wip.tu-berlin.de>
HLI_H2_Boiler,EmergingTechnologies,1,,Binary,not relevant,08.09.2023,Konstantin Loffler <kl@wip.tu-berlin.de>
HLI_H2_Boiler,Heat,1,,Binary,not relevant,08.09.2023,Konstantin Loffler <kl@wip.tu-berlin.de>
HLI_H2_Boiler,PhaseInSet,1,,Binary,not relevant,03.12.2024,Konstantin Loffler <kl@wip.tu-berlin.de>
HLI_H2_Boiler,Renewables,1,,Binary,not relevant,08.09.2023,Konstantin Loffler <kl@wip.tu-berlin.de>
HLI_H2_Boiler,Transformation,1,,Binary,not relevant,08.09.2023,Konstantin Loffler <kl@wip.tu-berlin.de>
HLI_Hardcoal,Heat,1,,Binary,not relevant,08.09.2023,Konstantin Loffler <kl@wip.tu-berlin.de>
HLI_Hardcoal,PhaseOutSet,1,,Binary,not relevant,08.09.2023,Konstantin Loffler <kl@wip.tu-berlin.de>
HLI_Hardcoal,Transformation,1,,Binary,not relevant,08.09.2023,Konstantin Loffler <kl@wip.tu-berlin.de>
HLI_Lignite,Heat,1,,Binary,not relevant,08.09.2023,Konstantin Loffler <kl@wip.tu-berlin.de>
HLI_Lignite,PhaseOutSet,1,,Binary,not relevant,08.09.2023,Konstantin Loffler <kl@wip.tu-berlin.de>
HLI_Lignite,Transformation,1,,Binary,not relevant,08.09.2023,Konstantin Loffler <kl@wip.tu-berlin.de>
HLI_Oil_Boiler,Heat,1,,Binary,not relevant,08.09.2023,Konstantin Loffler <kl@wip.tu-berlin.de>
HLI_Oil_Boiler,PhaseOutSet,1,,Binary,not relevant,08.09.2023,Konstantin Loffler <kl@wip.tu-berlin.de>
HLI_Oil_Boiler,Transformation,1,,Binary,not relevant,08.09.2023,Konstantin Loffler <kl@wip.tu-berlin.de>
HLI_Solar_Thermal,EmergingTechnologies,1,,Binary,not relevant,08.09.2023,Konstantin Loffler <kl@wip.tu-berlin.de>
HLI_Solar_Thermal,Heat,1,,Binary,not relevant,08.09.2023,Konstantin Loffler <kl@wip.tu-berlin.de>
HLI_Solar_Thermal,PhaseInSet,1,,Binary,not relevant,08.09.2023,Konstantin Loffler <kl@wip.tu-berlin.de>
HLI_Solar_Thermal,Renewables,1,,Binary,not relevant,08.09.2023,Konstantin Loffler <kl@wip.tu-berlin.de>
HLI_Solar_Thermal,Solar,1,,Binary,not relevant,03.12.2024,Konstantin Loffler <kl@wip.tu-berlin.de>
HLI_Solar_Thermal,Transformation,1,,Binary,not relevant,03.12.2024,Konstantin Loffler <kl@wip.tu-berlin.de>
HMHI_Biomass,EmergingTechnologies,1,,Binary,not relevant,08.09.2023,Konstantin Loffler <kl@wip.tu-berlin.de>
HMHI_Biomass,Heat,1,,Binary,not relevant,08.09.2023,Konstantin Loffler <kl@wip.tu-berlin.de>
HMHI_Biomass,PhaseInSet,1,,Binary,not relevant,08.09.2023,Konstantin Loffler <kl@wip.tu-berlin.de>
HMHI_Biomass,Renewables,1,,Binary,not relevant,08.09.2023,Konstantin Loffler <kl@wip.tu-berlin.de>
HMHI_Biomass,Transformation,1,,Binary,not relevant,08.09.2023,Konstantin Loffler <kl@wip.tu-berlin.de>
HMHI_Gas,Heat,1,,Binary,not relevant,08.09.2023,Konstantin Loffler <kl@wip.tu-berlin.de>
HMHI_Gas,PhaseOutSet,1,,Binary,not relevant,08.09.2023,Konstantin Loffler <kl@wip.tu-berlin.de>
HMHI_Gas,Transformation,1,,Binary,not relevant,03.12.2024,Konstantin Loffler <kl@wip.tu-berlin.de>
HMHI_Gas_CCS,EmergingTechnologies,1,,Binary,not relevant,08.09.2023,Konstantin Loffler <kl@wip.tu-berlin.de>
HMHI_Gas_CCS,Heat,1,,Binary,not relevant,08.09.2023,Konstantin Loffler <kl@wip.tu-berlin.de>
HMHI_Gas_CCS,Transformation,1,,Binary,not relevant,08.09.2023,Konstantin Loffler <kl@wip.tu-berlin.de>
HMHI_HardCoal,Heat,1,,Binary,not relevant,08.09.2023,Konstantin Loffler <kl@wip.tu-berlin.de>
HMHI_HardCoal,PhaseOutSet,1,,Binary,not relevant,08.09.2023,Konstantin Loffler <kl@wip.tu-berlin.de>
HMHI_HardCoal,Transformation,1,,Binary,not relevant,03.12.2024,Konstantin Loffler <kl@wip.tu-berlin.de>
HMHI_HardCoal_CCS,EmergingTechnologies,1,,Binary,not relevant,08.09.2023,Konstantin Loffler <kl@wip.tu-berlin.de>
HMHI_HardCoal_CCS,Heat,1,,Binary,not relevant,08.09.2023,Konstantin Loffler <kl@wip.tu-berlin.de>
HMHI_HardCoal_CCS,Transformation,1,,Binary,not relevant,08.09.2023,Konstantin Loffler <kl@wip.tu-berlin.de>
HMHI_Oil,Heat,1,,Binary,not relevant,03.12.2024,Konstantin Loffler <kl@wip.tu-berlin.de>
HMHI_Oil,PhaseOutSet,1,,Binary,not relevant,08.09.2023,Konstantin Loffler <kl@wip.tu-berlin.de>
HMHI_Oil,Transformation,1,,Binary,not relevant,08.09.2023,Konstantin Loffler <kl@wip.tu-berlin.de>
HMHI_Steam_Electric,EmergingTechnologies,1,,Binary,not relevant,08.09.2023,Konstantin Loffler <kl@wip.tu-berlin.de>
HMHI_Steam_Electric,Heat,1,,Binary,not relevant,08.09.2023,Konstantin Loffler <kl@wip.tu-berlin.de>
HMHI_Steam_Electric,PhaseInSet,1,,Binary,not relevant,03.12.2024,Konstantin Loffler <kl@wip.tu-berlin.de>
HMHI_Steam_Electric,Transformation,1,,Binary,not relevant,08.09.2023,Konstantin Loffler <kl@wip.tu-berlin.de>
HMLI_Heatpump,EmergingTechnologies,1,,Binary,not relevant,08.09.2023,Konstantin Loffler <kl@wip.tu-berlin.de>
HMLI_Heatpump,Heat,1,,Binary,not relevant,08.09.2023,Konstantin Loffler <kl@wip.tu-berlin.de>
HMLI_Heatpump,PhaseInSet,1,,Binary,not relevant,08.09.2023,Konstantin Loffler <kl@wip.tu-berlin.de>
HMLI_Heatpump,Transformation,1,,Binary,not relevant,08.09.2023,Konstantin Loffler <kl@wip.tu-berlin.de>
P_Biomass,PhaseInSet,1,,Binary,not relevant,08.09.2023,Konstantin Loffler <kl@wip.tu-berlin.de>
P_Biomass,PowerSupply,1,,Binary,not relevant,08.09.2023,Konstantin Loffler <kl@wip.tu-berlin.de>
P_Biomass,Renewables,1,,Binary,not relevant,03.12.2024,Konstantin Loffler <kl@wip.tu-berlin.de>
P_Biomass_CCS,CCS,1,,Binary,not relevant,08.09.2023,Konstantin Loffler <kl@wip.tu-berlin.de>
P_Biomass_CCS,EmergingTechnologies,1,,Binary,not relevant,03.12.2024,Konstantin Loffler <kl@wip.tu-berlin.de>
P_Biomass_CCS,PhaseInSet,1,,Binary,not relevant,08.09.2023,Konstantin Loffler <kl@wip.tu-berlin.de>
P_Biomass_CCS,PowerSupply,1,,Binary,not relevant,08.09.2023,Konstantin Loffler <kl@wip.tu-berlin.de>
P_Biomass_CCS,Renewables,1,,Binary,not relevant,08.09.2023,Konstantin Loffler <kl@wip.tu-berlin.de>
P_Coal_Hardcoal,EmergingTechnologies,1,,Binary,not relevant,03.12.2024,Konstantin Loffler <kl@wip.tu-berlin.de>
P_Coal_Hardcoal,FossilPower,1,,Binary,not relevant,08.09.2023,Konstantin Loffler <kl@wip.tu-berlin.de>
P_Coal_Hardcoal,PhaseOutSet,1,,Binary,not relevant,08.09.2023,Konstantin Loffler <kl@wip.tu-berlin.de>
P_Coal_Hardcoal,PowerSupply,1,,Binary,not relevant,08.09.2023,Konstantin Loffler <kl@wip.tu-berlin.de>
P_Coal_Hardcoal_CCS,CCS,1,,Binary,not relevant,03.12.2024,Konstantin Loffler <kl@wip.tu-berlin.de>
P_Coal_Hardcoal_CCS,EmergingTechnologies,1,,Binary,not relevant,08.09.2023,Konstantin Loffler <kl@wip.tu-berlin.de>
P_Coal_Hardcoal_CCS,FossilPower,1,,Binary,not relevant,08.09.2023,Konstantin Loffler <kl@wip.tu-berlin.de>
P_Coal_Hardcoal_CCS,PhaseInSet,1,,Binary,not relevant,03.12.2024,Konstantin Loffler <kl@wip.tu-berlin.de>
P_Coal_Hardcoal_CCS,PowerSupply,1,,Binary,not relevant,08.09.2023,Konstantin Loffler <kl@wip.tu-berlin.de>
P_Coal_Lignite,EmergingTechnologies,1,,Binary,not relevant,08.09.2023,Konstantin Loffler <kl@wip.tu-berlin.de>
P_Coal_Lignite,FossilPower,1,,Binary,not relevant,08.09.2023,Konstantin Loffler <kl@wip.tu-berlin.de>
P_Coal_Lignite,PhaseOutSet,1,,Binary,not relevant,03.12.2024,Konstantin Loffler <kl@wip.tu-berlin.de>
P_Coal_Lignite,PowerSupply,1,,Binary,not relevant,08.09.2023,Konstantin Loffler <kl@wip.tu-berlin.de>
P_Coal_Lignite_CCS,CCS,1,,Binary,not relevant,08.09.2023,Konstantin Loffler <kl@wip.tu-berlin.de>
P_Coal_Lignite_CCS,EmergingTechnologies,1,,Binary,not relevant,03.12.2024,Konstantin Loffler <kl@wip.tu-berlin.de>
P_Coal_Lignite_CCS,FossilPower,1,,Binary,not relevant,08.09.2023,Konstantin Loffler <kl@wip.tu-berlin.de>
P_Coal_Lignite_CCS,PhaseInSet,1,,Binary,not relevant,08.09.2023,Konstantin Loffler <kl@wip.tu-berlin.de>
P_Coal_Lignite_CCS,PowerSupply,1,,Binary,not relevant,03.12.2024,Konstantin Loffler <kl@wip.tu-berlin.de>
P_CSP,EmergingTechnologies,1,,Binary,not relevant,08.09.2023,Konstantin Loffler <kl@wip.tu-berlin.de>
P_CSP,PhaseInSet,1,,Binary,not relevant,08.09.2023,Konstantin Loffler <kl@wip.tu-berlin.de>
P_CSP,PowerSupply,1,,Binary,not relevant,03.12.2024,Konstantin Loffler <kl@wip.tu-berlin.de>
P_CSP,Solar,1,,Binary,not relevant,08.09.2023,Konstantin Loffler <kl@wip.tu-berlin.de>
P_Gas_CCGT,EmergingTechnologies,1,,Binary,not relevant,08.09.2023,Konstantin Loffler <kl@wip.tu-berlin.de>
P_Gas_CCGT,FossilPower,1,,Binary,not relevant,03.12.2024,Konstantin Loffler <kl@wip.tu-berlin.de>
P_Gas_CCGT,PowerSupply,1,,Binary,not relevant,08.09.2023,Konstantin Loffler <kl@wip.tu-berlin.de>
P_Gas_CCS,CCS,1,,Binary,not relevant,08.09.2023,Konstantin Loffler <kl@wip.tu-berlin.de>
P_Gas_CCS,EmergingTechnologies,1,,Binary,not relevant,08.09.2023,Konstantin Loffler <kl@wip.tu-berlin.de>
P_Gas_CCS,FossilPower,1,,Binary,not relevant,03.12.2024,Konstantin Loffler <kl@wip.tu-berlin.de>
P_Gas_CCS,PhaseInSet,1,,Binary,not relevant,08.09.2023,Konstantin Loffler <kl@wip.tu-berlin.de>
P_Gas_CCS,PowerSupply,1,,Binary,not relevant,08.09.2023,Konstantin Loffler <kl@wip.tu-berlin.de>
P_Gas_Engines,EmergingTechnologies,1,,Binary,not relevant,08.09.2023,Konstantin Loffler <kl@wip.tu-berlin.de>
P_Gas_Engines,FossilPower,1,,Binary,not relevant,08.09.2023,Konstantin Loffler <kl@wip.tu-berlin.de>
P_Gas_Engines,PowerSupply,1,,Binary,not relevant,03.12.2024,Konstantin Loffler <kl@wip.tu-berlin.de>
P_Gas_OCGT,EmergingTechnologies,1,,Binary,not relevant,08.09.2023,Konstantin Loffler <kl@wip.tu-berlin.de>
P_Gas_OCGT,FossilPower,1,,Binary,not relevant,08.09.2023,Konstantin Loffler <kl@wip.tu-berlin.de>
P_Gas_OCGT,PowerSupply,1,,Binary,not relevant,08.09.2023,Konstantin Loffler <kl@wip.tu-berlin.de>
P_Geothermal,EmergingTechnologies,1,,Binary,not relevant,08.09.2023,Konstantin Loffler <kl@wip.tu-berlin.de>
P_Geothermal,PhaseInSet,1,,Binary,not relevant,08.09.2023,Konstantin Loffler <kl@wip.tu-berlin.de>
P_Geothermal,PowerSupply,1,,Binary,not relevant,08.09.2023,Konstantin Loffler <kl@wip.tu-berlin.de>
P_Geothermal,Renewables,1,,Binary,not relevant,08.09.2023,Konstantin Loffler <kl@wip.tu-berlin.de>
P_H2_OCGT,EmergingTechnologies,1,,Binary,not relevant,08.09.2023,Konstantin Loffler <kl@wip.tu-berlin.de>
P_H2_OCGT,PhaseInSet,1,,Binary,not relevant,08.09.2023,Konstantin Loffler <kl@wip.tu-berlin.de>
P_H2_OCGT,PowerSupply,1,,Binary,not relevant,08.09.2023,Konstantin Loffler <kl@wip.tu-berlin.de>
P_H2_OCGT,SectorCoupling,1,,Binary,not relevant,03.12.2024,Konstantin Loffler <kl@wip.tu-berlin.de>
P_H2_OCGT,Transformation,1,,Binary,not relevant,08.09.2023,Konstantin Loffler <kl@wip.tu-berlin.de>
P_Hydro_Reservoir,Hydro,1,,Binary,not relevant,08.09.2023,Konstantin Loffler <kl@wip.tu-berlin.de>
P_Hydro_Reservoir,PhaseInSet,1,,Binary,not relevant,08.09.2023,Konstantin Loffler <kl@wip.tu-berlin.de>
P_Hydro_Reservoir,PowerSupply,1,,Binary,not relevant,03.12.2024,Konstantin Loffler <kl@wip.tu-berlin.de>
P_Hydro_Reservoir,Renewables,1,,Binary,not relevant,08.09.2023,Konstantin Loffler <kl@wip.tu-berlin.de>
P_Hydro_RoR,Hydro,1,,Binary,not relevant,08.09.2023,Konstantin Loffler <kl@wip.tu-berlin.de>
P_Hydro_RoR,PhaseInSet,1,,Binary,not relevant,08.09.2023,Konstantin Loffler <kl@wip.tu-berlin.de>
P_Hydro_RoR,PowerSupply,1,,Binary,not relevant,03.12.2024,Konstantin Loffler <kl@wip.tu-berlin.de>
P_Hydro_RoR,Renewables,1,,Binary,not relevant,08.09.2023,Konstantin Loffler <kl@wip.tu-berlin.de>
P_Nuclear,EmergingTechnologies,1,,Binary,not relevant,08.09.2023,Konstantin Loffler <kl@wip.tu-berlin.de>
P_Nuclear,FossilPower,1,,Binary,not relevant,08.09.2023,Konstantin Loffler <kl@wip.tu-berlin.de>
P_Nuclear,PowerSupply,1,,Binary,not relevant,08.09.2023,Konstantin Loffler <kl@wip.tu-berlin.de>
P_Ocean,EmergingTechnologies,1,,Binary,not relevant,08.09.2023,Konstantin Loffler <kl@wip.tu-berlin.de>
P_Ocean,PhaseInSet,1,,Binary,not relevant,03.12.2024,Konstantin Loffler <kl@wip.tu-berlin.de>
P_Ocean,PowerSupply,1,,Binary,not relevant,08.09.2023,Konstantin Loffler <kl@wip.tu-berlin.de>
P_Ocean,Renewables,1,,Binary,not relevant,08.09.2023,Konstantin Loffler <kl@wip.tu-berlin.de>
P_Oil,EmergingTechnologies,1,,Binary,not relevant,08.09.2023,Konstantin Loffler <kl@wip.tu-berlin.de>
P_Oil,FossilPower,1,,Binary,not relevant,08.09.2023,Konstantin Loffler <kl@wip.tu-berlin.de>
P_Oil,PhaseOutSet,1,,Binary,not relevant,03.12.2024,Konstantin Loffler <kl@wip.tu-berlin.de>
P_Oil,PowerSupply,1,,Binary,not relevant,08.09.2023,Konstantin Loffler <kl@wip.tu-berlin.de>
P_PV_Rooftop_Commercial,EmergingTechnologies,1,,Binary,not relevant,08.09.2023,Konstantin Loffler <kl@wip.tu-berlin.de>
P_PV_Rooftop_Commercial,PhaseInSet,1,,Binary,not relevant,08.09.2023,Konstantin Loffler <kl@wip.tu-berlin.de>
P_PV_Rooftop_Commercial,PowerSupply,1,,Binary,not relevant,03.12.2024,Konstantin Loffler <kl@wip.tu-berlin.de>
P_PV_Rooftop_Commercial,Renewables,1,,Binary,not relevant,08.09.2023,Konstantin Loffler <kl@wip.tu-berlin.de>
P_PV_Rooftop_Commercial,Solar,1,,Binary,not relevant,08.09.2023,Konstantin Loffler <kl@wip.tu-berlin.de>
P_PV_Rooftop_Residential,EmergingTechnologies,1,,Binary,not relevant,08.09.2023,Konstantin Loffler <kl@wip.tu-berlin.de>
P_PV_Rooftop_Residential,Households,1,,Binary,not relevant,03.12.2024,Konstantin Loffler <kl@wip.tu-berlin.de>
P_PV_Rooftop_Residential,PhaseInSet,1,,Binary,not relevant,08.09.2023,Konstantin Loffler <kl@wip.tu-berlin.de>
P_PV_Rooftop_Residential,PowerSupply,1,,Binary,not relevant,08.09.2023,Konstantin Loffler <kl@wip.tu-berlin.de>
P_PV_Rooftop_Residential,Renewables,1,,Binary,not relevant,08.09.2023,Konstantin Loffler <kl@wip.tu-berlin.de>
P_PV_Rooftop_Residential,Solar,1,,Binary,not relevant,08.09.2023,Konstantin Loffler <kl@wip.tu-berlin.de>
P_PV_Utility_Avg,EmergingTechnologies,1,,Binary,not relevant,03.12.2024,Konstantin Loffler <kl@wip.tu-berlin.de>
P_PV_Utility_Avg,PhaseInSet,1,,Binary,not relevant,08.09.2023,Konstantin Loffler <kl@wip.tu-berlin.de>
P_PV_Utility_Avg,PowerSupply,1,,Binary,not relevant,08.09.2023,Konstantin Loffler <kl@wip.tu-berlin.de>
P_PV_Utility_Avg,Renewables,1,,Binary,not relevant,08.09.2023,Konstantin Loffler <kl@wip.tu-berlin.de>
P_PV_Utility_Avg,Solar,1,,Binary,not relevant,08.09.2023,Konstantin Loffler <kl@wip.tu-berlin.de>
P_PV_Utility_Inf,EmergingTechnologies,1,,Binary,not relevant,03.12.2024,Konstantin Loffler <kl@wip.tu-berlin.de>
P_PV_Utility_Inf,PhaseInSet,1,,Binary,not relevant,08.09.2023,Konstantin Loffler <kl@wip.tu-berlin.de>
P_PV_Utility_Inf,PowerSupply,1,,Binary,not relevant,08.09.2023,Konstantin Loffler <kl@wip.tu-berlin.de>
P_PV_Utility_Inf,Renewables,1,,Binary,not relevant,08.09.2023,Konstantin Loffler <kl@wip.tu-berlin.de>
P_PV_Utility_Inf,Solar,1,,Binary,not relevant,08.09.2023,Konstantin Loffler <kl@wip.tu-berlin.de>
P_PV_Utility_Opt,EmergingTechnologies,1,,Binary,not relevant,03.12.2024,Konstantin Loffler <kl@wip.tu-berlin.de>
P_PV_Utility_Opt,PhaseInSet,1,,Binary,not relevant,08.09.2023,Konstantin Loffler <kl@wip.tu-berlin.de>
P_PV_Utility_Opt,PowerSupply,1,,Binary,not relevant,08.09.2023,Konstantin Loffler <kl@wip.tu-berlin.de>
P_PV_Utility_Opt,Renewables,1,,Binary,not relevant,08.09.2023,Konstantin Loffler <kl@wip.tu-berlin.de>
P_PV_Utility_Opt,Solar,1,,Binary,not relevant,08.09.2023,Konstantin Loffler <kl@wip.tu-berlin.de>
P_PV_Utility_Tracking,EmergingTechnologies,1,,Binary,not relevant,03.12.2024,Konstantin Loffler <kl@wip.tu-berlin.de>
P_PV_Utility_Tracking,PhaseInSet,1,,Binary,not relevant,08.09.2023,Konstantin Loffler <kl@wip.tu-berlin.de>
P_PV_Utility_Tracking,PowerSupply,1,,Binary,not relevant,08.09.2023,Konstantin Loffler <kl@wip.tu-berlin.de>
P_PV_Utility_Tracking,Renewables,1,,Binary,not relevant,08.09.2023,Konstantin Loffler <kl@wip.tu-berlin.de>
P_PV_Utility_Tracking,Solar,1,,Binary,not relevant,08.09.2023,Konstantin Loffler <kl@wip.tu-berlin.de>
P_Wind_Offshore_Deep,EmergingTechnologies,1,,Binary,not relevant,08.09.2023,Konstantin Loffler <kl@wip.tu-berlin.de>
P_Wind_Offshore_Deep,PhaseInSet,1,,Binary,not relevant,08.09.2023,Konstantin Loffler <kl@wip.tu-berlin.de>
P_Wind_Offshore_Deep,PowerSupply,1,,Binary,not relevant,03.12.2024,Konstantin Loffler <kl@wip.tu-berlin.de>
P_Wind_Offshore_Deep,Renewables,1,,Binary,not relevant,08.09.2023,Konstantin Loffler <kl@wip.tu-berlin.de>
P_Wind_Offshore_Deep,Wind,1,,Binary,not relevant,08.09.2023,Konstantin Loffler <kl@wip.tu-berlin.de>
P_Wind_Offshore_Shallow,EmergingTechnologies,1,,Binary,not relevant,08.09.2023,Konstantin Loffler <kl@wip.tu-berlin.de>
P_Wind_Offshore_Shallow,PhaseInSet,1,,Binary,not relevant,08.09.2023,Konstantin Loffler <kl@wip.tu-berlin.de>
P_Wind_Offshore_Shallow,PowerSupply,1,,Binary,not relevant,03.12.2024,Konstantin Loffler <kl@wip.tu-berlin.de>
P_Wind_Offshore_Shallow,Renewables,1,,Binary,not relevant,08.09.2023,Konstantin Loffler <kl@wip.tu-berlin.de>
P_Wind_Offshore_Shallow,Wind,1,,Binary,not relevant,08.09.2023,Konstantin Loffler <kl@wip.tu-berlin.de>
P_Wind_Offshore_Transitional,EmergingTechnologies,1,,Binary,not relevant,08.09.2023,Konstantin Loffler <kl@wip.tu-berlin.de>
P_Wind_Offshore_Transitional,PhaseInSet,1,,Binary,not relevant,08.09.2023,Konstantin Loffler <kl@wip.tu-berlin.de>
P_Wind_Offshore_Transitional,PowerSupply,1,,Binary,not relevant,03.12.2024,Konstantin Loffler <kl@wip.tu-berlin.de>
P_Wind_Offshore_Transitional,Renewables,1,,Binary,not relevant,08.09.2023,Konstantin Loffler <kl@wip.tu-berlin.de>
P_Wind_Offshore_Transitional,Wind,1,,Binary,not relevant,08.09.2023,Konstantin Loffler <kl@wip.tu-berlin.de>
P_Wind_Onshore_Avg,EmergingTechnologies,1,,Binary,not relevant,08.09.2023,Konstantin Loffler <kl@wip.tu-berlin.de>
P_Wind_Onshore_Avg,PhaseInSet,1,,Binary,not relevant,08.09.2023,Konstantin Loffler <kl@wip.tu-berlin.de>
P_Wind_Onshore_Avg,PowerSupply,1,,Binary,not relevant,03.12.2024,Konstantin Loffler <kl@wip.tu-berlin.de>
P_Wind_Onshore_Avg,Renewables,1,,Binary,not relevant,08.09.2023,Konstantin Loffler <kl@wip.tu-berlin.de>
P_Wind_Onshore_Avg,Wind,1,,Binary,not relevant,08.09.2023,Konstantin Loffler <kl@wip.tu-berlin.de>
P_Wind_Onshore_Inf,EmergingTechnologies,1,,Binary,not relevant,08.09.2023,Konstantin Loffler <kl@wip.tu-berlin.de>
P_Wind_Onshore_Inf,PhaseInSet,1,,Binary,not relevant,08.09.2023,Konstantin Loffler <kl@wip.tu-berlin.de>
P_Wind_Onshore_Inf,PowerSupply,1,,Binary,not relevant,08.09.2023,Konstantin Loffler <kl@wip.tu-berlin.de>
P_Wind_Onshore_Inf,Renewables,1,,Binary,not relevant,08.09.2023,Konstantin Loffler <kl@wip.tu-berlin.de>
P_Wind_Onshore_Inf,Wind,1,,Binary,not relevant,08.09.2023,Konstantin Loffler <kl@wip.tu-berlin.de>
P_Wind_Onshore_Opt,EmergingTechnologies,1,,Binary,not relevant,08.09.2023,Konstantin Loffler <kl@wip.tu-berlin.de>
P_Wind_Onshore_Opt,PhaseInSet,1,,Binary,not relevant,08.09.2023,Konstantin Loffler <kl@wip.tu-berlin.de>
P_Wind_Onshore_Opt,PowerSupply,1,,Binary,not relevant,08.09.2023,Konstantin Loffler <kl@wip.tu-berlin.de>
P_Wind_Onshore_Opt,Renewables,1,,Binary,not relevant,08.09.2023,Konstantin Loffler <kl@wip.tu-berlin.de>
P_Wind_Onshore_Opt,Wind,1,,Binary,not relevant,08.09.2023,Konstantin Loffler <kl@wip.tu-berlin.de>
PSNG_Air_Bio,Passenger,1,,Binary,not relevant,08.09.2023,Konstantin Loffler <kl@wip.tu-berlin.de>
PSNG_Air_Bio,PhaseInSet,1,,Binary,not relevant,08.09.2023,Konstantin Loffler <kl@wip.tu-berlin.de>
PSNG_Air_Bio,Transport,1,,Binary,not relevant,08.09.2023,Konstantin Loffler <kl@wip.tu-berlin.de>
PSNG_Air_Conv,Passenger,1,,Binary,not relevant,08.09.2023,Konstantin Loffler <kl@wip.tu-berlin.de>
PSNG_Air_Conv,Transport,1,,Binary,not relevant,08.09.2023,Konstantin Loffler <kl@wip.tu-berlin.de>
PSNG_Air_H2,Passenger,1,,Binary,not relevant,08.09.2023,Konstantin Loffler <kl@wip.tu-berlin.de>
PSNG_Air_H2,PhaseInSet,1,,Binary,not relevant,08.09.2023,Konstantin Loffler <kl@wip.tu-berlin.de>
PSNG_Air_H2,Transport,1,,Binary,not relevant,08.09.2023,Konstantin Loffler <kl@wip.tu-berlin.de>
PSNG_Rail_Conv,Passenger,1,,Binary,not relevant,08.09.2023,Konstantin Loffler <kl@wip.tu-berlin.de>
PSNG_Rail_Conv,Transport,1,,Binary,not relevant,08.09.2023,Konstantin Loffler <kl@wip.tu-berlin.de>
PSNG_Rail_Electric,Passenger,1,,Binary,not relevant,08.09.2023,Konstantin Loffler <kl@wip.tu-berlin.de>
PSNG_Rail_Electric,Transport,1,,Binary,not relevant,08.09.2023,Konstantin Loffler <kl@wip.tu-berlin.de>
PSNG_Road_BEV,Passenger,1,,Binary,not relevant,08.09.2023,Konstantin Loffler <kl@wip.tu-berlin.de>
PSNG_Road_BEV,PhaseInSet,1,,Binary,not relevant,08.09.2023,Konstantin Loffler <kl@wip.tu-berlin.de>
PSNG_Road_BEV,Transport,1,,Binary,not relevant,08.09.2023,Konstantin Loffler <kl@wip.tu-berlin.de>
PSNG_Road_H2,Passenger,1,,Binary,not relevant,08.09.2023,Konstantin Loffler <kl@wip.tu-berlin.de>
PSNG_Road_H2,PhaseInSet,1,,Binary,not relevant,08.09.2023,Konstantin Loffler <kl@wip.tu-berlin.de>
PSNG_Road_H2,Transport,1,,Binary,not relevant,08.09.2023,Konstantin Loffler <kl@wip.tu-berlin.de>
PSNG_Road_ICE,Passenger,1,,Binary,not relevant,08.09.2023,Konstantin Loffler <kl@wip.tu-berlin.de>
PSNG_Road_ICE,PhaseOutSet,1,,Binary,not relevant,08.09.2023,Konstantin Loffler <kl@wip.tu-berlin.de>
PSNG_Road_ICE,Transport,1,,Binary,not relevant,08.09.2023,Konstantin Loffler <kl@wip.tu-berlin.de>
PSNG_Road_PHEV,Passenger,1,,Binary,not relevant,08.09.2023,Konstantin Loffler <kl@wip.tu-berlin.de>
PSNG_Road_PHEV,PhaseInSet,1,,Binary,not relevant,08.09.2023,Konstantin Loffler <kl@wip.tu-berlin.de>
PSNG_Road_PHEV,Transport,1,,Binary,not relevant,08.09.2023,Konstantin Loffler <kl@wip.tu-berlin.de>
R_Biogas,Biomass,1,,Binary,not relevant,08.09.2023,Konstantin Loffler <kl@wip.tu-berlin.de>
R_Biogas,Renewables,1,,Binary,not relevant,08.09.2023,Konstantin Loffler <kl@wip.tu-berlin.de>
R_Coal_Hardcoal,FossilFuelGeneration,1,,Binary,not relevant,08.09.2023,Konstantin Loffler <kl@wip.tu-berlin.de>
R_Coal_Lignite,FossilFuelGeneration,1,,Binary,not relevant,08.09.2023,Konstantin Loffler <kl@wip.tu-berlin.de>
R_Gas,FossilFuelGeneration,1,,Binary,not relevant,08.09.2023,Konstantin Loffler <kl@wip.tu-berlin.de>
R_Grass,Biomass,1,,Binary,not relevant,08.09.2023,Konstantin Loffler <kl@wip.tu-berlin.de>
R_Grass,Renewables,1,,Binary,not relevant,08.09.2023,Konstantin Loffler <kl@wip.tu-berlin.de>
R_Nuclear,FossilFuelGeneration,1,,Binary,not relevant,08.09.2023,Konstantin Loffler <kl@wip.tu-berlin.de>
R_Oil,FossilFuelGeneration,1,,Binary,not relevant,08.09.2023,Konstantin Loffler <kl@wip.tu-berlin.de>
R_Paper_Cardboard,Biomass,1,,Binary,not relevant,08.09.2023,Konstantin Loffler <kl@wip.tu-berlin.de>
R_Paper_Cardboard,Renewables,1,,Binary,not relevant,03.12.2024,Konstantin Loffler <kl@wip.tu-berlin.de>
R_Residues,Biomass,1,,Binary,not relevant,08.09.2023,Konstantin Loffler <kl@wip.tu-berlin.de>
R_Residues,Renewables,1,,Binary,not relevant,03.12.2024,Konstantin Loffler <kl@wip.tu-berlin.de>
R_Roundwood,Biomass,1,,Binary,not relevant,08.09.2023,Konstantin Loffler <kl@wip.tu-berlin.de>
R_Roundwood,Renewables,1,,Binary,not relevant,08.09.2023,Konstantin Loffler <kl@wip.tu-berlin.de>
R_Wood,Biomass,1,,Binary,not relevant,08.09.2023,Konstantin Loffler <kl@wip.tu-berlin.de>
R_Wood,Renewables,1,,Binary,not relevant,08.09.2023,Konstantin Loffler <kl@wip.tu-berlin.de>
X_ATR_CCS,CCS,1,,Binary,not relevant,08.09.2023,Konstantin Loffler <kl@wip.tu-berlin.de>
X_ATR_CCS,PhaseInSet,1,,Binary,not relevant,08.09.2023,Konstantin Loffler <kl@wip.tu-berlin.de>
X_ATR_CCS,SectorCoupling,1,,Binary,not relevant,08.09.2023,Konstantin Loffler <kl@wip.tu-berlin.de>
X_ATR_CCS,Transformation,1,,Binary,not relevant,08.09.2023,Konstantin Loffler <kl@wip.tu-berlin.de>
X_Biofuel,PhaseInSet,1,,Binary,not relevant,08.09.2023,Konstantin Loffler <kl@wip.tu-berlin.de>
X_Biofuel,SectorCoupling,1,,Binary,not relevant,08.09.2023,Konstantin Loffler <kl@wip.tu-berlin.de>
X_Biofuel,Transformation,1,,Binary,not relevant,08.09.2023,Konstantin Loffler <kl@wip.tu-berlin.de>
X_DAC_HT,CCS,1,,Binary,not relevant,08.09.2023,Konstantin Loffler <kl@wip.tu-berlin.de>
X_DAC_HT,PhaseInSet,1,,Binary,not relevant,08.09.2023,Konstantin Loffler <kl@wip.tu-berlin.de>
X_DAC_HT,SectorCoupling,1,,Binary,not relevant,08.09.2023,Konstantin Loffler <kl@wip.tu-berlin.de>
X_DAC_LT,CCS,1,,Binary,not relevant,08.09.2023,Konstantin Loffler <kl@wip.tu-berlin.de>
X_DAC_LT,PhaseInSet,1,,Binary,not relevant,08.09.2023,Konstantin Loffler <kl@wip.tu-berlin.de>
X_DAC_LT,SectorCoupling,1,,Binary,not relevant,03.12.2024,Konstantin Loffler <kl@wip.tu-berlin.de>
X_Electrolysis,PhaseInSet,1,,Binary,not relevant,08.09.2023,Konstantin Loffler <kl@wip.tu-berlin.de>
X_Electrolysis,SectorCoupling,1,,Binary,not relevant,08.09.2023,Konstantin Loffler <kl@wip.tu-berlin.de>
X_Electrolysis,Transformation,1,,Binary,not relevant,08.09.2023,Konstantin Loffler <kl@wip.tu-berlin.de>
X_Methanation,SectorCoupling,1,,Binary,not relevant,03.12.2024,Konstantin Loffler <kl@wip.tu-berlin.de>
X_Methanation,Transformation,1,,Binary,not relevant,03.12.2024,Konstantin Loffler <kl@wip.tu-berlin.de>
X_Powerfuel,SectorCoupling,1,,Binary,not relevant,03.12.2024,Konstantin Loffler <kl@wip.tu-berlin.de>
X_Powerfuel,Transformation,1,,Binary,not relevant,03.12.2024,Konstantin Loffler <kl@wip.tu-berlin.de>
X_SMR,SectorCoupling,1,,Binary,not relevant,03.12.2024,Konstantin Loffler <kl@wip.tu-berlin.de>
X_SMR,Transformation,1,,Binary,not relevant,03.12.2024,Konstantin Loffler <kl@wip.tu-berlin.de>
Z_Import_Gas,FossilFuelGeneration,1,,Binary,not relevant,03.12.2024,Konstantin Loffler <kl@wip.tu-berlin.de>
Z_Import_Gas,ImportTechnology,1,,Binary,not relevant,03.12.2024,Konstantin Loffler <kl@wip.tu-berlin.de>
Z_Import_H2,ImportTechnology,1,,Binary,not relevant,03.12.2024,Konstantin Loffler <kl@wip.tu-berlin.de>
Z_Import_Hardcoal,FossilFuelGeneration,1,,Binary,not relevant,03.12.2024,Konstantin Loffler <kl@wip.tu-berlin.de>
Z_Import_Hardcoal,ImportTechnology,1,,Binary,not relevant,03.12.2024,Konstantin Loffler <kl@wip.tu-berlin.de>
Z_Import_LNG,FossilFuelGeneration,1,,Binary,not relevant,03.12.2024,Konstantin Loffler <kl@wip.tu-berlin.de>
Z_Import_LNG,ImportTechnology,1,,Binary,not relevant,03.12.2024,Konstantin Loffler <kl@wip.tu-berlin.de>
Z_Import_Oil,FossilFuelGeneration,1,,Binary,not relevant,03.12.2024,Konstantin Loffler <kl@wip.tu-berlin.de>
Z_Import_Oil,ImportTechnology,1,,Binary,not relevant,03.12.2024,Konstantin Loffler <kl@wip.tu-berlin.de>
HMHI_Gas_CCS,CCS,1,,Binary,not relevant,16.01.2024,Nikita Moskalenko <nim@wip.tu-berlin.de>
HMHI_HardCoal_CCS,CCS,1,,Binary,not relevant,16.01.2024,Nikita Moskalenko <nim@wip.tu-berlin.de>
CHP_Hydrogen_FuelCell,Renewables,1,,Binary,not relevant,16.01.2025,Nikita Moskalenko <nim@wip.tu-berlin.de>
HB_Direct_Electric,Renewables,1,,Binary,not relevant,16.01.2025,Nikita Moskalenko <nim@wip.tu-berlin.de>
HB_Geothermal,Renewables,1,,Binary,not relevant,16.01.2025,Nikita Moskalenko <nim@wip.tu-berlin.de>
HB_H2_Boiler,Renewables,1,,Binary,not relevant,16.01.2025,Nikita Moskalenko <nim@wip.tu-berlin.de>
HB_Heatpump_Aerial,Renewables,1,,Binary,not relevant,16.01.2025,Nikita Moskalenko <nim@wip.tu-berlin.de>
HB_Heatpump_Ground,Renewables,1,,Binary,not relevant,16.01.2025,Nikita Moskalenko <nim@wip.tu-berlin.de>
HD_Electric_Boiler,Renewables,1,,Binary,not relevant,16.01.2025,Nikita Moskalenko <nim@wip.tu-berlin.de>
HD_Geothermal,Renewables,1,,Binary,not relevant,16.01.2025,Nikita Moskalenko <nim@wip.tu-berlin.de>
HD_Heatpump_Air,Renewables,1,,Binary,not relevant,16.01.2025,Nikita Moskalenko <nim@wip.tu-berlin.de>
HD_Heatpump_ExcessHeat,Renewables,1,,Binary,not relevant,16.01.2025,Nikita Moskalenko <nim@wip.tu-berlin.de>
HHI_DRI_EAF_CCS,Renewables,1,,Binary,not relevant,16.01.2025,Nikita Moskalenko <nim@wip.tu-berlin.de>
HMHI_H2,Renewables,1,,Binary,not relevant,16.01.2025,Nikita Moskalenko <nim@wip.tu-berlin.de>
HMHI_Steam_Electric,Renewables,1,,Binary,not relevant,16.01.2025,Nikita Moskalenko <nim@wip.tu-berlin.de>
HMLI_Heatpump,Renewables,1,,Binary,not relevant,16.01.2025,Nikita Moskalenko <nim@wip.tu-berlin.de>
P_CSP,Renewables,1,,Binary,not relevant,16.01.2025,Nikita Moskalenko <nim@wip.tu-berlin.de>
P_H2_OCGT,Renewables,1,,Binary,not relevant,16.01.2025,Nikita Moskalenko <nim@wip.tu-berlin.de>
HB_Biomass,Buildings,1,,Binary,not relevant,30.01.2025,Konstantin Loffler <kl@wip.tu-berlin.de>
HB_Convert_DH,Buildings,1,,Binary,not relevant,30.01.2025,Konstantin Loffler <kl@wip.tu-berlin.de>
HB_Direct_Electric,Buildings,1,,Binary,not relevant,30.01.2025,Konstantin Loffler <kl@wip.tu-berlin.de>
HB_Gas_Boiler,Buildings,1,,Binary,not relevant,30.01.2025,Konstantin Loffler <kl@wip.tu-berlin.de>
HB_Geothermal,Buildings,1,,Binary,not relevant,30.01.2025,Konstantin Loffler <kl@wip.tu-berlin.de>
HB_H2_Boiler,Buildings,1,,Binary,not relevant,30.01.2025,Konstantin Loffler <kl@wip.tu-berlin.de>
HB_Hardcoal,Buildings,1,,Binary,not relevant,30.01.2025,Konstantin Loffler <kl@wip.tu-berlin.de>
HB_Heatpump_Aerial,Buildings,1,,Binary,not relevant,30.01.2025,Konstantin Loffler <kl@wip.tu-berlin.de>
HB_Heatpump_Ground,Buildings,1,,Binary,not relevant,30.01.2025,Konstantin Loffler <kl@wip.tu-berlin.de>
HB_Lignite,Buildings,1,,Binary,not relevant,30.01.2025,Konstantin Loffler <kl@wip.tu-berlin.de>
HB_Oil_Boiler,Buildings,1,,Binary,not relevant,30.01.2025,Konstantin Loffler <kl@wip.tu-berlin.de>
HB_Solar_Thermal,Buildings,1,,Binary,not relevant,30.01.2025,Konstantin Loffler <kl@wip.tu-berlin.de>
