Technology,Year,Value,,Unit,Source,Updated at,Updated by
CHP_Biomass_Solid,2018.0,1.0,,Binary,not relevant,08.09.2023,Konstantin Löffler <kl@wip.tu-berlin.de>
CHP_Biomass_Solid,2025.0,1.0,,Binary,not relevant,08.09.2023,Konstantin Löffler <kl@wip.tu-berlin.de>
CHP_Biomass_Solid,2030.0,1.0,,Binary,not relevant,08.09.2023,Konstantin Löffler <kl@wip.tu-berlin.de>
CHP_Biomass_Solid,2035.0,1.0,,Binary,not relevant,08.09.2023,Konstantin Löffler <kl@wip.tu-berlin.de>
CHP_Biomass_Solid,2040.0,1.0,,Binary,not relevant,08.09.2023,Konstantin Löffler <kl@wip.tu-berlin.de>
CHP_Biomass_Solid,2045.0,1.0,,Binary,not relevant,08.09.2023,Konstantin Löffler <kl@wip.tu-berlin.de>
CHP_Biomass_Solid,2050.0,1.0,,Binary,not relevant,08.09.2023,Konstantin Löffler <kl@wip.tu-berlin.de>
CHP_Biomass_Solid_CCS,2018.0,1.0,,Binary,not relevant,08.09.2023,Konstantin Löffler <kl@wip.tu-berlin.de>
CHP_Biomass_Solid_CCS,2025.0,1.0,,Binary,not relevant,08.09.2023,Konstantin Löffler <kl@wip.tu-berlin.de>
CHP_Biomass_Solid_CCS,2030.0,1.0,,Binary,not relevant,08.09.2023,Konstantin Löffler <kl@wip.tu-berlin.de>
CHP_Biomass_Solid_CCS,2035.0,1.0,,Binary,not relevant,08.09.2023,Konstantin Löffler <kl@wip.tu-berlin.de>
CHP_Biomass_Solid_CCS,2040.0,1.0,,Binary,not relevant,08.09.2023,Konstantin Löffler <kl@wip.tu-berlin.de>
CHP_Biomass_Solid_CCS,2045.0,1.0,,Binary,not relevant,08.09.2023,Konstantin Löffler <kl@wip.tu-berlin.de>
CHP_Biomass_Solid_CCS,2050.0,1.0,,Binary,not relevant,08.09.2023,Konstantin Löffler <kl@wip.tu-berlin.de>
CHP_Gas_CCGT_Biogas,2018.0,1.0,,Binary,not relevant,08.09.2023,Konstantin Löffler <kl@wip.tu-berlin.de>
CHP_Gas_CCGT_Biogas,2025.0,1.0,,Binary,not relevant,08.09.2023,Konstantin Löffler <kl@wip.tu-berlin.de>
CHP_Gas_CCGT_Biogas,2030.0,1.0,,Binary,not relevant,08.09.2023,Konstantin Löffler <kl@wip.tu-berlin.de>
CHP_Gas_CCGT_Biogas,2035.0,1.0,,Binary,not relevant,08.09.2023,Konstantin Löffler <kl@wip.tu-berlin.de>
CHP_Gas_CCGT_Biogas,2040.0,1.0,,Binary,not relevant,08.09.2023,Konstantin Löffler <kl@wip.tu-berlin.de>
CHP_Gas_CCGT_Biogas,2045.0,1.0,,Binary,not relevant,08.09.2023,Konstantin Löffler <kl@wip.tu-berlin.de>
CHP_Gas_CCGT_Biogas,2050.0,1.0,,Binary,not relevant,08.09.2023,Konstantin Löffler <kl@wip.tu-berlin.de>
CHP_Gas_CCGT_Biogas_CCS,2018.0,1.0,,Binary,not relevant,08.09.2023,Konstantin Löffler <kl@wip.tu-berlin.de>
CHP_Gas_CCGT_Biogas_CCS,2025.0,1.0,,Binary,not relevant,08.09.2023,Konstantin Löffler <kl@wip.tu-berlin.de>
CHP_Gas_CCGT_Biogas_CCS,2030.0,1.0,,Binary,not relevant,08.09.2023,Konstantin Löffler <kl@wip.tu-berlin.de>
CHP_Gas_CCGT_Biogas_CCS,2035.0,1.0,,Binary,not relevant,08.09.2023,Konstantin Löffler <kl@wip.tu-berlin.de>
CHP_Gas_CCGT_Biogas_CCS,2040.0,1.0,,Binary,not relevant,08.09.2023,Konstantin Löffler <kl@wip.tu-berlin.de>
CHP_Gas_CCGT_Biogas_CCS,2045.0,1.0,,Binary,not relevant,08.09.2023,Konstantin Löffler <kl@wip.tu-berlin.de>
CHP_Gas_CCGT_Biogas_CCS,2050.0,1.0,,Binary,not relevant,08.09.2023,Konstantin Löffler <kl@wip.tu-berlin.de>
CHP_Gas_CCGT_SynGas,2018.0,1.0,,Binary,not relevant,08.09.2023,Konstantin Löffler <kl@wip.tu-berlin.de>
CHP_Gas_CCGT_SynGas,2025.0,1.0,,Binary,not relevant,08.09.2023,Konstantin Löffler <kl@wip.tu-berlin.de>
CHP_Gas_CCGT_SynGas,2030.0,1.0,,Binary,not relevant,08.09.2023,Konstantin Löffler <kl@wip.tu-berlin.de>
CHP_Gas_CCGT_SynGas,2035.0,1.0,,Binary,not relevant,08.09.2023,Konstantin Löffler <kl@wip.tu-berlin.de>
CHP_Gas_CCGT_SynGas,2040.0,1.0,,Binary,not relevant,08.09.2023,Konstantin Löffler <kl@wip.tu-berlin.de>
CHP_Gas_CCGT_SynGas,2045.0,1.0,,Binary,not relevant,08.09.2023,Konstantin Löffler <kl@wip.tu-berlin.de>
CHP_Gas_CCGT_SynGas,2050.0,1.0,,Binary,not relevant,08.09.2023,Konstantin Löffler <kl@wip.tu-berlin.de>
HHI_Bio_BF_BOF,2018.0,1.0,,Binary,not relevant,08.09.2023,Konstantin Löffler <kl@wip.tu-berlin.de>
HHI_Bio_BF_BOF,2025.0,1.0,,Binary,not relevant,08.09.2023,Konstantin Löffler <kl@wip.tu-berlin.de>
HHI_Bio_BF_BOF,2030.0,1.0,,Binary,not relevant,08.09.2023,Konstantin Löffler <kl@wip.tu-berlin.de>
HHI_Bio_BF_BOF,2035.0,1.0,,Binary,not relevant,08.09.2023,Konstantin Löffler <kl@wip.tu-berlin.de>
HHI_Bio_BF_BOF,2040.0,1.0,,Binary,not relevant,08.09.2023,Konstantin Löffler <kl@wip.tu-berlin.de>
HHI_Bio_BF_BOF,2045.0,1.0,,Binary,not relevant,08.09.2023,Konstantin Löffler <kl@wip.tu-berlin.de>
HHI_Bio_BF_BOF,2050.0,1.0,,Binary,not relevant,08.09.2023,Konstantin Löffler <kl@wip.tu-berlin.de>
HHI_H2DRI_EAF,2018.0,1.0,,Binary,not relevant,08.09.2023,Konstantin Löffler <kl@wip.tu-berlin.de>
HHI_H2DRI_EAF,2025.0,1.0,,Binary,not relevant,08.09.2023,Konstantin Löffler <kl@wip.tu-berlin.de>
HHI_H2DRI_EAF,2030.0,1.0,,Binary,not relevant,08.09.2023,Konstantin Löffler <kl@wip.tu-berlin.de>
HHI_H2DRI_EAF,2035.0,1.0,,Binary,not relevant,08.09.2023,Konstantin Löffler <kl@wip.tu-berlin.de>
HHI_H2DRI_EAF,2040.0,1.0,,Binary,not relevant,08.09.2023,Konstantin Löffler <kl@wip.tu-berlin.de>
HHI_H2DRI_EAF,2045.0,1.0,,Binary,not relevant,08.09.2023,Konstantin Löffler <kl@wip.tu-berlin.de>
HHI_H2DRI_EAF,2050.0,1.0,,Binary,not relevant,08.09.2023,Konstantin Löffler <kl@wip.tu-berlin.de>
HHI_Molten_Electrolysis,2018.0,1.0,,Binary,not relevant,08.09.2023,Konstantin Löffler <kl@wip.tu-berlin.de>
HHI_Molten_Electrolysis,2025.0,1.0,,Binary,not relevant,08.09.2023,Konstantin Löffler <kl@wip.tu-berlin.de>
HHI_Molten_Electrolysis,2030.0,1.0,,Binary,not relevant,08.09.2023,Konstantin Löffler <kl@wip.tu-berlin.de>
HHI_Molten_Electrolysis,2035.0,1.0,,Binary,not relevant,08.09.2023,Konstantin Löffler <kl@wip.tu-berlin.de>
HHI_Molten_Electrolysis,2040.0,1.0,,Binary,not relevant,08.09.2023,Konstantin Löffler <kl@wip.tu-berlin.de>
HHI_Molten_Electrolysis,2045.0,1.0,,Binary,not relevant,08.09.2023,Konstantin Löffler <kl@wip.tu-berlin.de>
HHI_Molten_Electrolysis,2050.0,1.0,,Binary,not relevant,08.09.2023,Konstantin Löffler <kl@wip.tu-berlin.de>
HHI_Scrap_EAF,2018.0,1.0,,Binary,not relevant,08.09.2023,Konstantin Löffler <kl@wip.tu-berlin.de>
HHI_Scrap_EAF,2025.0,1.0,,Binary,not relevant,08.09.2023,Konstantin Löffler <kl@wip.tu-berlin.de>
HHI_Scrap_EAF,2030.0,1.0,,Binary,not relevant,08.09.2023,Konstantin Löffler <kl@wip.tu-berlin.de>
HHI_Scrap_EAF,2035.0,1.0,,Binary,not relevant,08.09.2023,Konstantin Löffler <kl@wip.tu-berlin.de>
HHI_Scrap_EAF,2040.0,1.0,,Binary,not relevant,08.09.2023,Konstantin Löffler <kl@wip.tu-berlin.de>
HHI_Scrap_EAF,2045.0,1.0,,Binary,not relevant,08.09.2023,Konstantin Löffler <kl@wip.tu-berlin.de>
HHI_Scrap_EAF,2050.0,1.0,,Binary,not relevant,08.09.2023,Konstantin Löffler <kl@wip.tu-berlin.de>
HLI_Biomass,2018.0,1.0,,Binary,not relevant,08.09.2023,Konstantin Löffler <kl@wip.tu-berlin.de>
HLI_Biomass,2025.0,1.0,,Binary,not relevant,08.09.2023,Konstantin Löffler <kl@wip.tu-berlin.de>
HLI_Biomass,2030.0,1.0,,Binary,not relevant,08.09.2023,Konstantin Löffler <kl@wip.tu-berlin.de>
HLI_Biomass,2035.0,1.0,,Binary,not relevant,08.09.2023,Konstantin Löffler <kl@wip.tu-berlin.de>
HLI_Biomass,2040.0,1.0,,Binary,not relevant,08.09.2023,Konstantin Löffler <kl@wip.tu-berlin.de>
HLI_Biomass,2045.0,1.0,,Binary,not relevant,08.09.2023,Konstantin Löffler <kl@wip.tu-berlin.de>
HLI_Biomass,2050.0,1.0,,Binary,not relevant,08.09.2023,Konstantin Löffler <kl@wip.tu-berlin.de>
HLI_Direct_Electric,2018.0,1.0,,Binary,not relevant,08.09.2023,Konstantin Löffler <kl@wip.tu-berlin.de>
HLI_Direct_Electric,2025.0,1.0,,Binary,not relevant,08.09.2023,Konstantin Löffler <kl@wip.tu-berlin.de>
HLI_Direct_Electric,2030.0,1.0,,Binary,not relevant,08.09.2023,Konstantin Löffler <kl@wip.tu-berlin.de>
HLI_Direct_Electric,2035.0,1.0,,Binary,not relevant,08.09.2023,Konstantin Löffler <kl@wip.tu-berlin.de>
HLI_Direct_Electric,2040.0,1.0,,Binary,not relevant,08.09.2023,Konstantin Löffler <kl@wip.tu-berlin.de>
HLI_Direct_Electric,2045.0,1.0,,Binary,not relevant,08.09.2023,Konstantin Löffler <kl@wip.tu-berlin.de>
HLI_Direct_Electric,2050.0,1.0,,Binary,not relevant,08.09.2023,Konstantin Löffler <kl@wip.tu-berlin.de>
HLI_Fuelcell,2018.0,1.0,,Binary,not relevant,08.09.2023,Konstantin Löffler <kl@wip.tu-berlin.de>
HLI_Fuelcell,2025.0,1.0,,Binary,not relevant,08.09.2023,Konstantin Löffler <kl@wip.tu-berlin.de>
HLI_Fuelcell,2030.0,1.0,,Binary,not relevant,08.09.2023,Konstantin Löffler <kl@wip.tu-berlin.de>
HLI_Fuelcell,2035.0,1.0,,Binary,not relevant,08.09.2023,Konstantin Löffler <kl@wip.tu-berlin.de>
HLI_Fuelcell,2040.0,1.0,,Binary,not relevant,08.09.2023,Konstantin Löffler <kl@wip.tu-berlin.de>
HLI_Fuelcell,2045.0,1.0,,Binary,not relevant,08.09.2023,Konstantin Löffler <kl@wip.tu-berlin.de>
HLI_Fuelcell,2050.0,1.0,,Binary,not relevant,08.09.2023,Konstantin Löffler <kl@wip.tu-berlin.de>
HLI_Geothermal,2018.0,1.0,,Binary,not relevant,08.09.2023,Konstantin Löffler <kl@wip.tu-berlin.de>
HLI_Geothermal,2025.0,1.0,,Binary,not relevant,08.09.2023,Konstantin Löffler <kl@wip.tu-berlin.de>
HLI_Geothermal,2030.0,1.0,,Binary,not relevant,08.09.2023,Konstantin Löffler <kl@wip.tu-berlin.de>
HLI_Geothermal,2035.0,1.0,,Binary,not relevant,08.09.2023,Konstantin Löffler <kl@wip.tu-berlin.de>
HLI_Geothermal,2040.0,1.0,,Binary,not relevant,08.09.2023,Konstantin Löffler <kl@wip.tu-berlin.de>
HLI_Geothermal,2045.0,1.0,,Binary,not relevant,08.09.2023,Konstantin Löffler <kl@wip.tu-berlin.de>
HLI_Geothermal,2050.0,1.0,,Binary,not relevant,08.09.2023,Konstantin Löffler <kl@wip.tu-berlin.de>
HLI_H2_Boiler,2018.0,1.0,,Binary,not relevant,08.09.2023,Konstantin Löffler <kl@wip.tu-berlin.de>
HLI_H2_Boiler,2025.0,1.0,,Binary,not relevant,08.09.2023,Konstantin Löffler <kl@wip.tu-berlin.de>
HLI_H2_Boiler,2030.0,1.0,,Binary,not relevant,08.09.2023,Konstantin Löffler <kl@wip.tu-berlin.de>
HLI_H2_Boiler,2035.0,1.0,,Binary,not relevant,08.09.2023,Konstantin Löffler <kl@wip.tu-berlin.de>
HLI_H2_Boiler,2040.0,1.0,,Binary,not relevant,08.09.2023,Konstantin Löffler <kl@wip.tu-berlin.de>
HLI_H2_Boiler,2045.0,1.0,,Binary,not relevant,08.09.2023,Konstantin Löffler <kl@wip.tu-berlin.de>
HLI_H2_Boiler,2050.0,1.0,,Binary,not relevant,08.09.2023,Konstantin Löffler <kl@wip.tu-berlin.de>
HLI_Solar_Thermal,2018.0,1.0,,Binary,not relevant,08.09.2023,Konstantin Löffler <kl@wip.tu-berlin.de>
HLI_Solar_Thermal,2025.0,1.0,,Binary,not relevant,08.09.2023,Konstantin Löffler <kl@wip.tu-berlin.de>
HLI_Solar_Thermal,2030.0,1.0,,Binary,not relevant,08.09.2023,Konstantin Löffler <kl@wip.tu-berlin.de>
HLI_Solar_Thermal,2035.0,1.0,,Binary,not relevant,08.09.2023,Konstantin Löffler <kl@wip.tu-berlin.de>
HLI_Solar_Thermal,2040.0,1.0,,Binary,not relevant,08.09.2023,Konstantin Löffler <kl@wip.tu-berlin.de>
HLI_Solar_Thermal,2045.0,1.0,,Binary,not relevant,08.09.2023,Konstantin Löffler <kl@wip.tu-berlin.de>
HLI_Solar_Thermal,2050.0,1.0,,Binary,not relevant,08.09.2023,Konstantin Löffler <kl@wip.tu-berlin.de>
HB_Biomass,2018.0,1.0,,Binary,not relevant,08.09.2023,Konstantin Löffler <kl@wip.tu-berlin.de>
HB_Biomass,2025.0,1.0,,Binary,not relevant,08.09.2023,Konstantin Löffler <kl@wip.tu-berlin.de>
HB_Biomass,2030.0,1.0,,Binary,not relevant,08.09.2023,Konstantin Löffler <kl@wip.tu-berlin.de>
HB_Biomass,2035.0,1.0,,Binary,not relevant,08.09.2023,Konstantin Löffler <kl@wip.tu-berlin.de>
HB_Biomass,2040.0,1.0,,Binary,not relevant,08.09.2023,Konstantin Löffler <kl@wip.tu-berlin.de>
HB_Biomass,2045.0,1.0,,Binary,not relevant,08.09.2023,Konstantin Löffler <kl@wip.tu-berlin.de>
HB_Biomass,2050.0,1.0,,Binary,not relevant,08.09.2023,Konstantin Löffler <kl@wip.tu-berlin.de>
HB_Direct_Electric,2018.0,1.0,,Binary,not relevant,08.09.2023,Konstantin Löffler <kl@wip.tu-berlin.de>
HB_Direct_Electric,2025.0,1.0,,Binary,not relevant,08.09.2023,Konstantin Löffler <kl@wip.tu-berlin.de>
HB_Direct_Electric,2030.0,1.0,,Binary,not relevant,08.09.2023,Konstantin Löffler <kl@wip.tu-berlin.de>
HB_Direct_Electric,2035.0,1.0,,Binary,not relevant,08.09.2023,Konstantin Löffler <kl@wip.tu-berlin.de>
HB_Direct_Electric,2040.0,1.0,,Binary,not relevant,08.09.2023,Konstantin Löffler <kl@wip.tu-berlin.de>
HB_Direct_Electric,2045.0,1.0,,Binary,not relevant,08.09.2023,Konstantin Löffler <kl@wip.tu-berlin.de>
HB_Direct_Electric,2050.0,1.0,,Binary,not relevant,08.09.2023,Konstantin Löffler <kl@wip.tu-berlin.de>
HB_Geothermal,2018.0,1.0,,Binary,not relevant,08.09.2023,Konstantin Löffler <kl@wip.tu-berlin.de>
HB_Geothermal,2025.0,1.0,,Binary,not relevant,08.09.2023,Konstantin Löffler <kl@wip.tu-berlin.de>
HB_Geothermal,2030.0,1.0,,Binary,not relevant,08.09.2023,Konstantin Löffler <kl@wip.tu-berlin.de>
HB_Geothermal,2035.0,1.0,,Binary,not relevant,08.09.2023,Konstantin Löffler <kl@wip.tu-berlin.de>
HB_Geothermal,2040.0,1.0,,Binary,not relevant,08.09.2023,Konstantin Löffler <kl@wip.tu-berlin.de>
HB_Geothermal,2045.0,1.0,,Binary,not relevant,08.09.2023,Konstantin Löffler <kl@wip.tu-berlin.de>
HB_Geothermal,2050.0,1.0,,Binary,not relevant,08.09.2023,Konstantin Löffler <kl@wip.tu-berlin.de>
HB_H2_Boiler,2018.0,1.0,,Binary,not relevant,08.09.2023,Konstantin Löffler <kl@wip.tu-berlin.de>
HB_H2_Boiler,2025.0,1.0,,Binary,not relevant,08.09.2023,Konstantin Löffler <kl@wip.tu-berlin.de>
HB_H2_Boiler,2030.0,1.0,,Binary,not relevant,08.09.2023,Konstantin Löffler <kl@wip.tu-berlin.de>
HB_H2_Boiler,2035.0,1.0,,Binary,not relevant,08.09.2023,Konstantin Löffler <kl@wip.tu-berlin.de>
HB_H2_Boiler,2040.0,1.0,,Binary,not relevant,08.09.2023,Konstantin Löffler <kl@wip.tu-berlin.de>
HB_H2_Boiler,2045.0,1.0,,Binary,not relevant,08.09.2023,Konstantin Löffler <kl@wip.tu-berlin.de>
HB_H2_Boiler,2050.0,1.0,,Binary,not relevant,08.09.2023,Konstantin Löffler <kl@wip.tu-berlin.de>
HB_Heatpump_Aerial,2018.0,1.0,,Binary,not relevant,08.09.2023,Konstantin Löffler <kl@wip.tu-berlin.de>
HB_Heatpump_Aerial,2025.0,1.0,,Binary,not relevant,08.09.2023,Konstantin Löffler <kl@wip.tu-berlin.de>
HB_Heatpump_Aerial,2030.0,1.0,,Binary,not relevant,08.09.2023,Konstantin Löffler <kl@wip.tu-berlin.de>
HB_Heatpump_Aerial,2035.0,1.0,,Binary,not relevant,08.09.2023,Konstantin Löffler <kl@wip.tu-berlin.de>
HB_Heatpump_Aerial,2040.0,1.0,,Binary,not relevant,08.09.2023,Konstantin Löffler <kl@wip.tu-berlin.de>
HB_Heatpump_Aerial,2045.0,1.0,,Binary,not relevant,08.09.2023,Konstantin Löffler <kl@wip.tu-berlin.de>
HB_Heatpump_Aerial,2050.0,1.0,,Binary,not relevant,08.09.2023,Konstantin Löffler <kl@wip.tu-berlin.de>
HB_Heatpump_Ground,2018.0,1.0,,Binary,not relevant,08.09.2023,Konstantin Löffler <kl@wip.tu-berlin.de>
HB_Heatpump_Ground,2025.0,1.0,,Binary,not relevant,08.09.2023,Konstantin Löffler <kl@wip.tu-berlin.de>
HB_Heatpump_Ground,2030.0,1.0,,Binary,not relevant,08.09.2023,Konstantin Löffler <kl@wip.tu-berlin.de>
HB_Heatpump_Ground,2035.0,1.0,,Binary,not relevant,08.09.2023,Konstantin Löffler <kl@wip.tu-berlin.de>
HB_Heatpump_Ground,2040.0,1.0,,Binary,not relevant,08.09.2023,Konstantin Löffler <kl@wip.tu-berlin.de>
HB_Heatpump_Ground,2045.0,1.0,,Binary,not relevant,08.09.2023,Konstantin Löffler <kl@wip.tu-berlin.de>
HB_Heatpump_Ground,2050.0,1.0,,Binary,not relevant,08.09.2023,Konstantin Löffler <kl@wip.tu-berlin.de>
HB_Solar_Thermal,2018.0,1.0,,Binary,not relevant,08.09.2023,Konstantin Löffler <kl@wip.tu-berlin.de>
HB_Solar_Thermal,2025.0,1.0,,Binary,not relevant,08.09.2023,Konstantin Löffler <kl@wip.tu-berlin.de>
HB_Solar_Thermal,2030.0,1.0,,Binary,not relevant,08.09.2023,Konstantin Löffler <kl@wip.tu-berlin.de>
HB_Solar_Thermal,2035.0,1.0,,Binary,not relevant,08.09.2023,Konstantin Löffler <kl@wip.tu-berlin.de>
HB_Solar_Thermal,2040.0,1.0,,Binary,not relevant,08.09.2023,Konstantin Löffler <kl@wip.tu-berlin.de>
HB_Solar_Thermal,2045.0,1.0,,Binary,not relevant,08.09.2023,Konstantin Löffler <kl@wip.tu-berlin.de>
HB_Solar_Thermal,2050.0,1.0,,Binary,not relevant,08.09.2023,Konstantin Löffler <kl@wip.tu-berlin.de>
HMI_Biomass,2018.0,1.0,,Binary,not relevant,08.09.2023,Konstantin Löffler <kl@wip.tu-berlin.de>
HMI_Biomass,2025.0,1.0,,Binary,not relevant,08.09.2023,Konstantin Löffler <kl@wip.tu-berlin.de>
HMI_Biomass,2030.0,1.0,,Binary,not relevant,08.09.2023,Konstantin Löffler <kl@wip.tu-berlin.de>
HMI_Biomass,2035.0,1.0,,Binary,not relevant,08.09.2023,Konstantin Löffler <kl@wip.tu-berlin.de>
HMI_Biomass,2040.0,1.0,,Binary,not relevant,08.09.2023,Konstantin Löffler <kl@wip.tu-berlin.de>
HMI_Biomass,2045.0,1.0,,Binary,not relevant,08.09.2023,Konstantin Löffler <kl@wip.tu-berlin.de>
HMI_Biomass,2050.0,1.0,,Binary,not relevant,08.09.2023,Konstantin Löffler <kl@wip.tu-berlin.de>
HMI_Steam_Electric,2018.0,1.0,,Binary,not relevant,08.09.2023,Konstantin Löffler <kl@wip.tu-berlin.de>
HMI_Steam_Electric,2025.0,1.0,,Binary,not relevant,08.09.2023,Konstantin Löffler <kl@wip.tu-berlin.de>
HMI_Steam_Electric,2030.0,1.0,,Binary,not relevant,08.09.2023,Konstantin Löffler <kl@wip.tu-berlin.de>
HMI_Steam_Electric,2035.0,1.0,,Binary,not relevant,08.09.2023,Konstantin Löffler <kl@wip.tu-berlin.de>
HMI_Steam_Electric,2040.0,1.0,,Binary,not relevant,08.09.2023,Konstantin Löffler <kl@wip.tu-berlin.de>
HMI_Steam_Electric,2045.0,1.0,,Binary,not relevant,08.09.2023,Konstantin Löffler <kl@wip.tu-berlin.de>
HMI_Steam_Electric,2050.0,1.0,,Binary,not relevant,08.09.2023,Konstantin Löffler <kl@wip.tu-berlin.de>
P_Biomass,2018.0,1.0,,Binary,not relevant,08.09.2023,Konstantin Löffler <kl@wip.tu-berlin.de>
P_Biomass,2025.0,1.0,,Binary,not relevant,08.09.2023,Konstantin Löffler <kl@wip.tu-berlin.de>
P_Biomass,2030.0,1.0,,Binary,not relevant,08.09.2023,Konstantin Löffler <kl@wip.tu-berlin.de>
P_Biomass,2035.0,1.0,,Binary,not relevant,08.09.2023,Konstantin Löffler <kl@wip.tu-berlin.de>
P_Biomass,2040.0,1.0,,Binary,not relevant,08.09.2023,Konstantin Löffler <kl@wip.tu-berlin.de>
P_Biomass,2045.0,1.0,,Binary,not relevant,08.09.2023,Konstantin Löffler <kl@wip.tu-berlin.de>
P_Biomass,2050.0,1.0,,Binary,not relevant,08.09.2023,Konstantin Löffler <kl@wip.tu-berlin.de>
P_Biomass_CCS,2018.0,1.0,,Binary,not relevant,08.09.2023,Konstantin Löffler <kl@wip.tu-berlin.de>
P_Biomass_CCS,2025.0,1.0,,Binary,not relevant,08.09.2023,Konstantin Löffler <kl@wip.tu-berlin.de>
P_Biomass_CCS,2030.0,1.0,,Binary,not relevant,08.09.2023,Konstantin Löffler <kl@wip.tu-berlin.de>
P_Biomass_CCS,2035.0,1.0,,Binary,not relevant,08.09.2023,Konstantin Löffler <kl@wip.tu-berlin.de>
P_Biomass_CCS,2040.0,1.0,,Binary,not relevant,08.09.2023,Konstantin Löffler <kl@wip.tu-berlin.de>
P_Biomass_CCS,2045.0,1.0,,Binary,not relevant,08.09.2023,Konstantin Löffler <kl@wip.tu-berlin.de>
P_Biomass_CCS,2050.0,1.0,,Binary,not relevant,08.09.2023,Konstantin Löffler <kl@wip.tu-berlin.de>
P_CSP,2018.0,1.0,,Binary,not relevant,08.09.2023,Konstantin Löffler <kl@wip.tu-berlin.de>
P_CSP,2025.0,1.0,,Binary,not relevant,08.09.2023,Konstantin Löffler <kl@wip.tu-berlin.de>
P_CSP,2030.0,1.0,,Binary,not relevant,08.09.2023,Konstantin Löffler <kl@wip.tu-berlin.de>
P_CSP,2035.0,1.0,,Binary,not relevant,08.09.2023,Konstantin Löffler <kl@wip.tu-berlin.de>
P_CSP,2040.0,1.0,,Binary,not relevant,08.09.2023,Konstantin Löffler <kl@wip.tu-berlin.de>
P_CSP,2045.0,1.0,,Binary,not relevant,08.09.2023,Konstantin Löffler <kl@wip.tu-berlin.de>
P_CSP,2050.0,1.0,,Binary,not relevant,08.09.2023,Konstantin Löffler <kl@wip.tu-berlin.de>
P_Geothermal,2018.0,1.0,,Binary,not relevant,08.09.2023,Konstantin Löffler <kl@wip.tu-berlin.de>
P_Geothermal,2025.0,1.0,,Binary,not relevant,08.09.2023,Konstantin Löffler <kl@wip.tu-berlin.de>
P_Geothermal,2030.0,1.0,,Binary,not relevant,08.09.2023,Konstantin Löffler <kl@wip.tu-berlin.de>
P_Geothermal,2035.0,1.0,,Binary,not relevant,08.09.2023,Konstantin Löffler <kl@wip.tu-berlin.de>
P_Geothermal,2040.0,1.0,,Binary,not relevant,08.09.2023,Konstantin Löffler <kl@wip.tu-berlin.de>
P_Geothermal,2045.0,1.0,,Binary,not relevant,08.09.2023,Konstantin Löffler <kl@wip.tu-berlin.de>
P_Geothermal,2050.0,1.0,,Binary,not relevant,08.09.2023,Konstantin Löffler <kl@wip.tu-berlin.de>
P_Hydro_Large,2018.0,1.0,,Binary,not relevant,08.09.2023,Konstantin Löffler <kl@wip.tu-berlin.de>
P_Hydro_Large,2025.0,1.0,,Binary,not relevant,08.09.2023,Konstantin Löffler <kl@wip.tu-berlin.de>
P_Hydro_Large,2030.0,1.0,,Binary,not relevant,08.09.2023,Konstantin Löffler <kl@wip.tu-berlin.de>
P_Hydro_Large,2035.0,1.0,,Binary,not relevant,08.09.2023,Konstantin Löffler <kl@wip.tu-berlin.de>
P_Hydro_Large,2040.0,1.0,,Binary,not relevant,08.09.2023,Konstantin Löffler <kl@wip.tu-berlin.de>
P_Hydro_Large,2045.0,1.0,,Binary,not relevant,08.09.2023,Konstantin Löffler <kl@wip.tu-berlin.de>
P_Hydro_Large,2050.0,1.0,,Binary,not relevant,08.09.2023,Konstantin Löffler <kl@wip.tu-berlin.de>
P_Hydro_Small,2018.0,1.0,,Binary,not relevant,08.09.2023,Konstantin Löffler <kl@wip.tu-berlin.de>
P_Hydro_Small,2025.0,1.0,,Binary,not relevant,08.09.2023,Konstantin Löffler <kl@wip.tu-berlin.de>
P_Hydro_Small,2030.0,1.0,,Binary,not relevant,08.09.2023,Konstantin Löffler <kl@wip.tu-berlin.de>
P_Hydro_Small,2035.0,1.0,,Binary,not relevant,08.09.2023,Konstantin Löffler <kl@wip.tu-berlin.de>
P_Hydro_Small,2040.0,1.0,,Binary,not relevant,08.09.2023,Konstantin Löffler <kl@wip.tu-berlin.de>
P_Hydro_Small,2045.0,1.0,,Binary,not relevant,08.09.2023,Konstantin Löffler <kl@wip.tu-berlin.de>
P_Hydro_Small,2050.0,1.0,,Binary,not relevant,08.09.2023,Konstantin Löffler <kl@wip.tu-berlin.de>
P_Ocean,2018.0,1.0,,Binary,not relevant,08.09.2023,Konstantin Löffler <kl@wip.tu-berlin.de>
P_Ocean,2025.0,1.0,,Binary,not relevant,08.09.2023,Konstantin Löffler <kl@wip.tu-berlin.de>
P_Ocean,2030.0,1.0,,Binary,not relevant,08.09.2023,Konstantin Löffler <kl@wip.tu-berlin.de>
P_Ocean,2035.0,1.0,,Binary,not relevant,08.09.2023,Konstantin Löffler <kl@wip.tu-berlin.de>
P_Ocean,2040.0,1.0,,Binary,not relevant,08.09.2023,Konstantin Löffler <kl@wip.tu-berlin.de>
P_Ocean,2045.0,1.0,,Binary,not relevant,08.09.2023,Konstantin Löffler <kl@wip.tu-berlin.de>
P_Ocean,2050.0,1.0,,Binary,not relevant,08.09.2023,Konstantin Löffler <kl@wip.tu-berlin.de>
P_PV_Rooftop_Commercial,2018.0,1.0,,Binary,not relevant,08.09.2023,Konstantin Löffler <kl@wip.tu-berlin.de>
P_PV_Rooftop_Commercial,2025.0,1.0,,Binary,not relevant,08.09.2023,Konstantin Löffler <kl@wip.tu-berlin.de>
P_PV_Rooftop_Commercial,2030.0,1.0,,Binary,not relevant,08.09.2023,Konstantin Löffler <kl@wip.tu-berlin.de>
P_PV_Rooftop_Commercial,2035.0,1.0,,Binary,not relevant,08.09.2023,Konstantin Löffler <kl@wip.tu-berlin.de>
P_PV_Rooftop_Commercial,2040.0,1.0,,Binary,not relevant,08.09.2023,Konstantin Löffler <kl@wip.tu-berlin.de>
P_PV_Rooftop_Commercial,2045.0,1.0,,Binary,not relevant,08.09.2023,Konstantin Löffler <kl@wip.tu-berlin.de>
P_PV_Rooftop_Commercial,2050.0,1.0,,Binary,not relevant,08.09.2023,Konstantin Löffler <kl@wip.tu-berlin.de>
P_PV_Rooftop_Residential,2018.0,1.0,,Binary,not relevant,08.09.2023,Konstantin Löffler <kl@wip.tu-berlin.de>
P_PV_Rooftop_Residential,2025.0,1.0,,Binary,not relevant,08.09.2023,Konstantin Löffler <kl@wip.tu-berlin.de>
P_PV_Rooftop_Residential,2030.0,1.0,,Binary,not relevant,08.09.2023,Konstantin Löffler <kl@wip.tu-berlin.de>
P_PV_Rooftop_Residential,2035.0,1.0,,Binary,not relevant,08.09.2023,Konstantin Löffler <kl@wip.tu-berlin.de>
P_PV_Rooftop_Residential,2040.0,1.0,,Binary,not relevant,08.09.2023,Konstantin Löffler <kl@wip.tu-berlin.de>
P_PV_Rooftop_Residential,2045.0,1.0,,Binary,not relevant,08.09.2023,Konstantin Löffler <kl@wip.tu-berlin.de>
P_PV_Rooftop_Residential,2050.0,1.0,,Binary,not relevant,08.09.2023,Konstantin Löffler <kl@wip.tu-berlin.de>
P_PV_Utility_Avg,2018.0,1.0,,Binary,not relevant,08.09.2023,Konstantin Löffler <kl@wip.tu-berlin.de>
P_PV_Utility_Avg,2025.0,1.0,,Binary,not relevant,08.09.2023,Konstantin Löffler <kl@wip.tu-berlin.de>
P_PV_Utility_Avg,2030.0,1.0,,Binary,not relevant,08.09.2023,Konstantin Löffler <kl@wip.tu-berlin.de>
P_PV_Utility_Avg,2035.0,1.0,,Binary,not relevant,08.09.2023,Konstantin Löffler <kl@wip.tu-berlin.de>
P_PV_Utility_Avg,2040.0,1.0,,Binary,not relevant,08.09.2023,Konstantin Löffler <kl@wip.tu-berlin.de>
P_PV_Utility_Avg,2045.0,1.0,,Binary,not relevant,08.09.2023,Konstantin Löffler <kl@wip.tu-berlin.de>
P_PV_Utility_Avg,2050.0,1.0,,Binary,not relevant,08.09.2023,Konstantin Löffler <kl@wip.tu-berlin.de>
P_PV_Utility_Inf,2018.0,1.0,,Binary,not relevant,08.09.2023,Konstantin Löffler <kl@wip.tu-berlin.de>
P_PV_Utility_Inf,2025.0,1.0,,Binary,not relevant,08.09.2023,Konstantin Löffler <kl@wip.tu-berlin.de>
P_PV_Utility_Inf,2030.0,1.0,,Binary,not relevant,08.09.2023,Konstantin Löffler <kl@wip.tu-berlin.de>
P_PV_Utility_Inf,2035.0,1.0,,Binary,not relevant,08.09.2023,Konstantin Löffler <kl@wip.tu-berlin.de>
P_PV_Utility_Inf,2040.0,1.0,,Binary,not relevant,08.09.2023,Konstantin Löffler <kl@wip.tu-berlin.de>
P_PV_Utility_Inf,2045.0,1.0,,Binary,not relevant,08.09.2023,Konstantin Löffler <kl@wip.tu-berlin.de>
P_PV_Utility_Inf,2050.0,1.0,,Binary,not relevant,08.09.2023,Konstantin Löffler <kl@wip.tu-berlin.de>
P_PV_Utility_Opt,2018.0,1.0,,Binary,not relevant,08.09.2023,Konstantin Löffler <kl@wip.tu-berlin.de>
P_PV_Utility_Opt,2025.0,1.0,,Binary,not relevant,08.09.2023,Konstantin Löffler <kl@wip.tu-berlin.de>
P_PV_Utility_Opt,2030.0,1.0,,Binary,not relevant,08.09.2023,Konstantin Löffler <kl@wip.tu-berlin.de>
P_PV_Utility_Opt,2035.0,1.0,,Binary,not relevant,08.09.2023,Konstantin Löffler <kl@wip.tu-berlin.de>
P_PV_Utility_Opt,2040.0,1.0,,Binary,not relevant,08.09.2023,Konstantin Löffler <kl@wip.tu-berlin.de>
P_PV_Utility_Opt,2045.0,1.0,,Binary,not relevant,08.09.2023,Konstantin Löffler <kl@wip.tu-berlin.de>
P_PV_Utility_Opt,2050.0,1.0,,Binary,not relevant,08.09.2023,Konstantin Löffler <kl@wip.tu-berlin.de>
P_PV_Utility_Tracking,2018.0,1.0,,Binary,not relevant,08.09.2023,Konstantin Löffler <kl@wip.tu-berlin.de>
P_PV_Utility_Tracking,2025.0,1.0,,Binary,not relevant,08.09.2023,Konstantin Löffler <kl@wip.tu-berlin.de>
P_PV_Utility_Tracking,2030.0,1.0,,Binary,not relevant,08.09.2023,Konstantin Löffler <kl@wip.tu-berlin.de>
P_PV_Utility_Tracking,2035.0,1.0,,Binary,not relevant,08.09.2023,Konstantin Löffler <kl@wip.tu-berlin.de>
P_PV_Utility_Tracking,2040.0,1.0,,Binary,not relevant,08.09.2023,Konstantin Löffler <kl@wip.tu-berlin.de>
P_PV_Utility_Tracking,2045.0,1.0,,Binary,not relevant,08.09.2023,Konstantin Löffler <kl@wip.tu-berlin.de>
P_PV_Utility_Tracking,2050.0,1.0,,Binary,not relevant,08.09.2023,Konstantin Löffler <kl@wip.tu-berlin.de>
P_Wind_Offshore_Deep,2018.0,1.0,,Binary,not relevant,08.09.2023,Konstantin Löffler <kl@wip.tu-berlin.de>
P_Wind_Offshore_Deep,2025.0,1.0,,Binary,not relevant,08.09.2023,Konstantin Löffler <kl@wip.tu-berlin.de>
P_Wind_Offshore_Deep,2030.0,1.0,,Binary,not relevant,08.09.2023,Konstantin Löffler <kl@wip.tu-berlin.de>
P_Wind_Offshore_Deep,2035.0,1.0,,Binary,not relevant,08.09.2023,Konstantin Löffler <kl@wip.tu-berlin.de>
P_Wind_Offshore_Deep,2040.0,1.0,,Binary,not relevant,08.09.2023,Konstantin Löffler <kl@wip.tu-berlin.de>
P_Wind_Offshore_Deep,2045.0,1.0,,Binary,not relevant,08.09.2023,Konstantin Löffler <kl@wip.tu-berlin.de>
P_Wind_Offshore_Deep,2050.0,1.0,,Binary,not relevant,08.09.2023,Konstantin Löffler <kl@wip.tu-berlin.de>
P_Wind_Offshore_Shallow,2018.0,1.0,,Binary,not relevant,08.09.2023,Konstantin Löffler <kl@wip.tu-berlin.de>
P_Wind_Offshore_Shallow,2025.0,1.0,,Binary,not relevant,08.09.2023,Konstantin Löffler <kl@wip.tu-berlin.de>
P_Wind_Offshore_Shallow,2030.0,1.0,,Binary,not relevant,08.09.2023,Konstantin Löffler <kl@wip.tu-berlin.de>
P_Wind_Offshore_Shallow,2035.0,1.0,,Binary,not relevant,08.09.2023,Konstantin Löffler <kl@wip.tu-berlin.de>
P_Wind_Offshore_Shallow,2040.0,1.0,,Binary,not relevant,08.09.2023,Konstantin Löffler <kl@wip.tu-berlin.de>
P_Wind_Offshore_Shallow,2045.0,1.0,,Binary,not relevant,08.09.2023,Konstantin Löffler <kl@wip.tu-berlin.de>
P_Wind_Offshore_Shallow,2050.0,1.0,,Binary,not relevant,08.09.2023,Konstantin Löffler <kl@wip.tu-berlin.de>
P_Wind_Offshore_Transitional,2018.0,1.0,,Binary,not relevant,08.09.2023,Konstantin Löffler <kl@wip.tu-berlin.de>
P_Wind_Offshore_Transitional,2025.0,1.0,,Binary,not relevant,08.09.2023,Konstantin Löffler <kl@wip.tu-berlin.de>
P_Wind_Offshore_Transitional,2030.0,1.0,,Binary,not relevant,08.09.2023,Konstantin Löffler <kl@wip.tu-berlin.de>
P_Wind_Offshore_Transitional,2035.0,1.0,,Binary,not relevant,08.09.2023,Konstantin Löffler <kl@wip.tu-berlin.de>
P_Wind_Offshore_Transitional,2040.0,1.0,,Binary,not relevant,08.09.2023,Konstantin Löffler <kl@wip.tu-berlin.de>
P_Wind_Offshore_Transitional,2045.0,1.0,,Binary,not relevant,08.09.2023,Konstantin Löffler <kl@wip.tu-berlin.de>
P_Wind_Offshore_Transitional,2050.0,1.0,,Binary,not relevant,08.09.2023,Konstantin Löffler <kl@wip.tu-berlin.de>
P_Wind_Onshore_Avg,2018.0,1.0,,Binary,not relevant,08.09.2023,Konstantin Löffler <kl@wip.tu-berlin.de>
P_Wind_Onshore_Avg,2025.0,1.0,,Binary,not relevant,08.09.2023,Konstantin Löffler <kl@wip.tu-berlin.de>
P_Wind_Onshore_Avg,2030.0,1.0,,Binary,not relevant,08.09.2023,Konstantin Löffler <kl@wip.tu-berlin.de>
P_Wind_Onshore_Avg,2035.0,1.0,,Binary,not relevant,08.09.2023,Konstantin Löffler <kl@wip.tu-berlin.de>
P_Wind_Onshore_Avg,2040.0,1.0,,Binary,not relevant,08.09.2023,Konstantin Löffler <kl@wip.tu-berlin.de>
P_Wind_Onshore_Avg,2045.0,1.0,,Binary,not relevant,08.09.2023,Konstantin Löffler <kl@wip.tu-berlin.de>
P_Wind_Onshore_Avg,2050.0,1.0,,Binary,not relevant,08.09.2023,Konstantin Löffler <kl@wip.tu-berlin.de>
P_Wind_Onshore_Inf,2018.0,1.0,,Binary,not relevant,08.09.2023,Konstantin Löffler <kl@wip.tu-berlin.de>
P_Wind_Onshore_Inf,2025.0,1.0,,Binary,not relevant,08.09.2023,Konstantin Löffler <kl@wip.tu-berlin.de>
P_Wind_Onshore_Inf,2030.0,1.0,,Binary,not relevant,08.09.2023,Konstantin Löffler <kl@wip.tu-berlin.de>
P_Wind_Onshore_Inf,2035.0,1.0,,Binary,not relevant,08.09.2023,Konstantin Löffler <kl@wip.tu-berlin.de>
P_Wind_Onshore_Inf,2040.0,1.0,,Binary,not relevant,08.09.2023,Konstantin Löffler <kl@wip.tu-berlin.de>
P_Wind_Onshore_Inf,2045.0,1.0,,Binary,not relevant,08.09.2023,Konstantin Löffler <kl@wip.tu-berlin.de>
P_Wind_Onshore_Inf,2050.0,1.0,,Binary,not relevant,08.09.2023,Konstantin Löffler <kl@wip.tu-berlin.de>
P_Wind_Onshore_Opt,2018.0,1.0,,Binary,not relevant,08.09.2023,Konstantin Löffler <kl@wip.tu-berlin.de>
P_Wind_Onshore_Opt,2025.0,1.0,,Binary,not relevant,08.09.2023,Konstantin Löffler <kl@wip.tu-berlin.de>
P_Wind_Onshore_Opt,2030.0,1.0,,Binary,not relevant,08.09.2023,Konstantin Löffler <kl@wip.tu-berlin.de>
P_Wind_Onshore_Opt,2035.0,1.0,,Binary,not relevant,08.09.2023,Konstantin Löffler <kl@wip.tu-berlin.de>
P_Wind_Onshore_Opt,2040.0,1.0,,Binary,not relevant,08.09.2023,Konstantin Löffler <kl@wip.tu-berlin.de>
P_Wind_Onshore_Opt,2045.0,1.0,,Binary,not relevant,08.09.2023,Konstantin Löffler <kl@wip.tu-berlin.de>
P_Wind_Onshore_Opt,2050.0,1.0,,Binary,not relevant,08.09.2023,Konstantin Löffler <kl@wip.tu-berlin.de>
