Region,Emission,Year,Value,,Unit,Source,Updated at,Updated by
AT,CO2,2018,14.97727723,,Mt,same as 2021,20.02.2025,Konstantin Loffler <kl@wip.tu-berlin.de>
AT,CO2,2021,14.97727723,,Mt,Own Calculation based on: https://unfccc.int/ghg-inventories-annex-i-parties/2023 - CRT,15.08.2024,"Herpich, Philipp <phe@wip.tu-berlin.de>"
AT,CO2,2025,10.43973234,,Mt,Own Calculation based on: https://unfccc.int/ghg-inventories-annex-i-parties/2023 - CRT,15.08.2024,"Herpich, Philipp <phe@wip.tu-berlin.de>"
AT,CO2,2030,5.902187439,,Mt,Own Calculation based on: https://unfccc.int/ghg-inventories-annex-i-parties/2023 - CRT,15.08.2024,"Herpich, Philipp <phe@wip.tu-berlin.de>"
AT,CO2,2035,1.364642541,,Mt,Own Calculation based on: https://unfccc.int/ghg-inventories-annex-i-parties/2023 - CRT,15.08.2024,"Herpich, Philipp <phe@wip.tu-berlin.de>"
AT,CO2,2040,-3.172902356,,Mt,Own Calculation based on: https://unfccc.int/ghg-inventories-annex-i-parties/2023 - CRT,15.08.2024,"Herpich, Philipp <phe@wip.tu-berlin.de>"
AT,CO2,2045,-7.710447253,,Mt,Own Calculation based on: https://unfccc.int/ghg-inventories-annex-i-parties/2023 - CRT,15.08.2024,"Herpich, Philipp <phe@wip.tu-berlin.de>"
AT,CO2,2050,-12.24799215,,Mt,Own Calculation based on: https://unfccc.int/ghg-inventories-annex-i-parties/2023 - CRT,15.08.2024,"Herpich, Philipp <phe@wip.tu-berlin.de>"
AT,CO2,2055,-12.24799215,,Mt,Own Calculation based on: https://unfccc.int/ghg-inventories-annex-i-parties/2023 - CRT,15.08.2024,"Herpich, Philipp <phe@wip.tu-berlin.de>"
AT,CO2,2055,-12.24799215,,Mt,same as 2050 for now,29.01.2025,Nikita Moskalenko <nim@wip.tu-berlin.de>
AT,CO2,2060,-12.24799215,,Mt,Own Calculation based on: https://unfccc.int/ghg-inventories-annex-i-parties/2023 - CRT,15.08.2024,"Herpich, Philipp <phe@wip.tu-berlin.de>"
AT,CO2,2060,-12.24799215,,Mt,same as 2050 for now,29.01.2025,Nikita Moskalenko <nim@wip.tu-berlin.de>
BE,CO2,2018,28.50446581,,Mt,same as 2021,15.08.2024,Konstantin Loffler <kl@wip.tu-berlin.de>
BE,CO2,2021,28.50446581,,Mt,Own Calculation based on: https://unfccc.int/ghg-inventories-annex-i-parties/2023 - CRT,15.08.2024,"Herpich, Philipp <phe@wip.tu-berlin.de>"
BE,CO2,2025,23.41963324,,Mt,Own Calculation based on: https://unfccc.int/ghg-inventories-annex-i-parties/2023 - CRT,15.08.2024,"Herpich, Philipp <phe@wip.tu-berlin.de>"
BE,CO2,2030,18.33480066,,Mt,Own Calculation based on: https://unfccc.int/ghg-inventories-annex-i-parties/2023 - CRT,15.08.2024,"Herpich, Philipp <phe@wip.tu-berlin.de>"
BE,CO2,2035,13.24996809,,Mt,Own Calculation based on: https://unfccc.int/ghg-inventories-annex-i-parties/2023 - CRT,15.08.2024,"Herpich, Philipp <phe@wip.tu-berlin.de>"
BE,CO2,2040,8.165135517,,Mt,Own Calculation based on: https://unfccc.int/ghg-inventories-annex-i-parties/2023 - CRT,15.08.2024,"Herpich, Philipp <phe@wip.tu-berlin.de>"
BE,CO2,2045,3.080302944,,Mt,Own Calculation based on: https://unfccc.int/ghg-inventories-annex-i-parties/2023 - CRT,15.08.2024,"Herpich, Philipp <phe@wip.tu-berlin.de>"
BE,CO2,2050,-2.004529629,,Mt,Own Calculation based on: https://unfccc.int/ghg-inventories-annex-i-parties/2023 - CRT,15.08.2024,"Herpich, Philipp <phe@wip.tu-berlin.de>"
BE,CO2,2055,-2.004529629,,Mt,Own Calculation based on: https://unfccc.int/ghg-inventories-annex-i-parties/2023 - CRT,15.08.2024,"Herpich, Philipp <phe@wip.tu-berlin.de>"
BE,CO2,2055,-2.004529629,,Mt,same as 2050 for now,29.01.2025,Nikita Moskalenko <nim@wip.tu-berlin.de>
BE,CO2,2060,-2.004529629,,Mt,Own Calculation based on: https://unfccc.int/ghg-inventories-annex-i-parties/2023 - CRT,15.08.2024,"Herpich, Philipp <phe@wip.tu-berlin.de>"
BE,CO2,2060,-2.004529629,,Mt,same as 2050 for now,29.01.2025,Nikita Moskalenko <nim@wip.tu-berlin.de>
BG,CO2,2018,4.286383033,,Mt,same as 2021,15.08.2024,Konstantin Loffler <kl@wip.tu-berlin.de>
BG,CO2,2021,4.286383033,,Mt,Own Calculation based on: https://unfccc.int/ghg-inventories-annex-i-parties/2023 - CRT,15.08.2024,"Herpich, Philipp <phe@wip.tu-berlin.de>"
BG,CO2,2025,1.858151295,,Mt,Own Calculation based on: https://unfccc.int/ghg-inventories-annex-i-parties/2023 - CRT,15.08.2024,"Herpich, Philipp <phe@wip.tu-berlin.de>"
BG,CO2,2030,-0.570080444,,Mt,Own Calculation based on: https://unfccc.int/ghg-inventories-annex-i-parties/2023 - CRT,15.08.2024,"Herpich, Philipp <phe@wip.tu-berlin.de>"
BG,CO2,2035,-2.998312182,,Mt,Own Calculation based on: https://unfccc.int/ghg-inventories-annex-i-parties/2023 - CRT,15.08.2024,"Herpich, Philipp <phe@wip.tu-berlin.de>"
BG,CO2,2040,-5.426543921,,Mt,Own Calculation based on: https://unfccc.int/ghg-inventories-annex-i-parties/2023 - CRT,15.08.2024,"Herpich, Philipp <phe@wip.tu-berlin.de>"
BG,CO2,2045,-7.854775659,,Mt,Own Calculation based on: https://unfccc.int/ghg-inventories-annex-i-parties/2023 - CRT,15.08.2024,"Herpich, Philipp <phe@wip.tu-berlin.de>"
BG,CO2,2050,-10.2830074,,Mt,Own Calculation based on: https://unfccc.int/ghg-inventories-annex-i-parties/2023 - CRT,15.08.2024,"Herpich, Philipp <phe@wip.tu-berlin.de>"
BG,CO2,2055,-10.2830074,,Mt,Own Calculation based on: https://unfccc.int/ghg-inventories-annex-i-parties/2023 - CRT,15.08.2024,"Herpich, Philipp <phe@wip.tu-berlin.de>"
BG,CO2,2055,-10.2830074,,Mt,same as 2050 for now,29.01.2025,Nikita Moskalenko <nim@wip.tu-berlin.de>
BG,CO2,2060,-10.2830074,,Mt,Own Calculation based on: https://unfccc.int/ghg-inventories-annex-i-parties/2023 - CRT,15.08.2024,"Herpich, Philipp <phe@wip.tu-berlin.de>"
BG,CO2,2060,-10.2830074,,Mt,same as 2050 for now,29.01.2025,Nikita Moskalenko <nim@wip.tu-berlin.de>
CH,CO2,2018,9.090727827,,Mt,same as 2021,15.08.2024,Konstantin Loffler <kl@wip.tu-berlin.de>
CH,CO2,2021,9.090727827,,Mt,Own Calculation based on: https://unfccc.int/ghg-inventories-annex-i-parties/2023 - CRT,15.08.2024,"Herpich, Philipp <phe@wip.tu-berlin.de>"
CH,CO2,2025,7.076342661,,Mt,Own Calculation based on: https://unfccc.int/ghg-inventories-annex-i-parties/2023 - CRT,15.08.2024,"Herpich, Philipp <phe@wip.tu-berlin.de>"
CH,CO2,2030,5.061957496,,Mt,Own Calculation based on: https://unfccc.int/ghg-inventories-annex-i-parties/2023 - CRT,15.08.2024,"Herpich, Philipp <phe@wip.tu-berlin.de>"
CH,CO2,2035,3.04757233,,Mt,Own Calculation based on: https://unfccc.int/ghg-inventories-annex-i-parties/2023 - CRT,15.08.2024,"Herpich, Philipp <phe@wip.tu-berlin.de>"
CH,CO2,2040,1.033187164,,Mt,Own Calculation based on: https://unfccc.int/ghg-inventories-annex-i-parties/2023 - CRT,15.08.2024,"Herpich, Philipp <phe@wip.tu-berlin.de>"
CH,CO2,2045,-0.981198001,,Mt,Own Calculation based on: https://unfccc.int/ghg-inventories-annex-i-parties/2023 - CRT,15.08.2024,"Herpich, Philipp <phe@wip.tu-berlin.de>"
CH,CO2,2050,-2.995583167,,Mt,Own Calculation based on: https://unfccc.int/ghg-inventories-annex-i-parties/2023 - CRT,15.08.2024,"Herpich, Philipp <phe@wip.tu-berlin.de>"
CH,CO2,2055,-2.995583167,,Mt,Own Calculation based on: https://unfccc.int/ghg-inventories-annex-i-parties/2023 - CRT,15.08.2024,"Herpich, Philipp <phe@wip.tu-berlin.de>"
CH,CO2,2055,-2.995583167,,Mt,same as 2050 for now,29.01.2025,Nikita Moskalenko <nim@wip.tu-berlin.de>
CH,CO2,2060,-2.995583167,,Mt,Own Calculation based on: https://unfccc.int/ghg-inventories-annex-i-parties/2023 - CRT,15.08.2024,"Herpich, Philipp <phe@wip.tu-berlin.de>"
CH,CO2,2060,-2.995583167,,Mt,same as 2050 for now,29.01.2025,Nikita Moskalenko <nim@wip.tu-berlin.de>
CZ,CO2,2018,38.07718934,,Mt,same as 2021,15.08.2024,Konstantin Loffler <kl@wip.tu-berlin.de>
CZ,CO2,2021,38.07718934,,Mt,Own Calculation based on: https://unfccc.int/ghg-inventories-annex-i-parties/2023 - CRT,15.08.2024,"Herpich, Philipp <phe@wip.tu-berlin.de>"
CZ,CO2,2025,31.23872393,,Mt,Own Calculation based on: https://unfccc.int/ghg-inventories-annex-i-parties/2023 - CRT,15.08.2024,"Herpich, Philipp <phe@wip.tu-berlin.de>"
CZ,CO2,2030,24.40025852,,Mt,Own Calculation based on: https://unfccc.int/ghg-inventories-annex-i-parties/2023 - CRT,15.08.2024,"Herpich, Philipp <phe@wip.tu-berlin.de>"
CZ,CO2,2035,17.56179311,,Mt,Own Calculation based on: https://unfccc.int/ghg-inventories-annex-i-parties/2023 - CRT,15.08.2024,"Herpich, Philipp <phe@wip.tu-berlin.de>"
CZ,CO2,2040,10.7233277,,Mt,Own Calculation based on: https://unfccc.int/ghg-inventories-annex-i-parties/2023 - CRT,15.08.2024,"Herpich, Philipp <phe@wip.tu-berlin.de>"
CZ,CO2,2045,3.884862292,,Mt,Own Calculation based on: https://unfccc.int/ghg-inventories-annex-i-parties/2023 - CRT,15.08.2024,"Herpich, Philipp <phe@wip.tu-berlin.de>"
CZ,CO2,2050,-2.953603119,,Mt,Own Calculation based on: https://unfccc.int/ghg-inventories-annex-i-parties/2023 - CRT,15.08.2024,"Herpich, Philipp <phe@wip.tu-berlin.de>"
CZ,CO2,2055,-2.953603119,,Mt,Own Calculation based on: https://unfccc.int/ghg-inventories-annex-i-parties/2023 - CRT,15.08.2024,"Herpich, Philipp <phe@wip.tu-berlin.de>"
CZ,CO2,2055,-2.953603119,,Mt,same as 2050 for now,29.01.2025,Nikita Moskalenko <nim@wip.tu-berlin.de>
CZ,CO2,2060,-2.953603119,,Mt,Own Calculation based on: https://unfccc.int/ghg-inventories-annex-i-parties/2023 - CRT,15.08.2024,"Herpich, Philipp <phe@wip.tu-berlin.de>"
CZ,CO2,2060,-2.953603119,,Mt,same as 2050 for now,29.01.2025,Nikita Moskalenko <nim@wip.tu-berlin.de>
DE,CO2,2018,121.8842177,,Mt,same as 2021,15.08.2024,Konstantin Loffler <kl@wip.tu-berlin.de>
DE,CO2,2021,121.8842177,,Mt,Own Calculation based on: https://unfccc.int/ghg-inventories-annex-i-parties/2023 - CRT,15.08.2024,"Herpich, Philipp <phe@wip.tu-berlin.de>"
DE,CO2,2025,93.22336213,,Mt,Own Calculation based on: https://unfccc.int/ghg-inventories-annex-i-parties/2023 - CRT,15.08.2024,"Herpich, Philipp <phe@wip.tu-berlin.de>"
DE,CO2,2030,64.56250656,,Mt,Own Calculation based on: https://unfccc.int/ghg-inventories-annex-i-parties/2023 - CRT,15.08.2024,"Herpich, Philipp <phe@wip.tu-berlin.de>"
DE,CO2,2035,35.901651,,Mt,Own Calculation based on: https://unfccc.int/ghg-inventories-annex-i-parties/2023 - CRT,15.08.2024,"Herpich, Philipp <phe@wip.tu-berlin.de>"
DE,CO2,2040,7.240795432,,Mt,Own Calculation based on: https://unfccc.int/ghg-inventories-annex-i-parties/2023 - CRT,15.08.2024,"Herpich, Philipp <phe@wip.tu-berlin.de>"
DE,CO2,2045,-21.42006013,,Mt,Own Calculation based on: https://unfccc.int/ghg-inventories-annex-i-parties/2023 - CRT,15.08.2024,"Herpich, Philipp <phe@wip.tu-berlin.de>"
DE,CO2,2050,-50.0809157,,Mt,Own Calculation based on: https://unfccc.int/ghg-inventories-annex-i-parties/2023 - CRT,15.08.2024,"Herpich, Philipp <phe@wip.tu-berlin.de>"
DE,CO2,2055,-50.0809157,,Mt,Own Calculation based on: https://unfccc.int/ghg-inventories-annex-i-parties/2023 - CRT,15.08.2024,"Herpich, Philipp <phe@wip.tu-berlin.de>"
DE,CO2,2055,-50.0809157,,Mt,same as 2050 for now,29.01.2025,Nikita Moskalenko <nim@wip.tu-berlin.de>
DE,CO2,2060,-50.0809157,,Mt,Own Calculation based on: https://unfccc.int/ghg-inventories-annex-i-parties/2023 - CRT,15.08.2024,"Herpich, Philipp <phe@wip.tu-berlin.de>"
DE,CO2,2060,-50.0809157,,Mt,same as 2050 for now,29.01.2025,Nikita Moskalenko <nim@wip.tu-berlin.de>
DK,CO2,2018,17.82257283,,Mt,same as 2021,15.08.2024,Konstantin Loffler <kl@wip.tu-berlin.de>
DK,CO2,2021,17.82257283,,Mt,Own Calculation based on: https://unfccc.int/ghg-inventories-annex-i-parties/2023 - CRT,15.08.2024,"Herpich, Philipp <phe@wip.tu-berlin.de>"
DK,CO2,2025,14.35604178,,Mt,Own Calculation based on: https://unfccc.int/ghg-inventories-annex-i-parties/2023 - CRT,15.08.2024,"Herpich, Philipp <phe@wip.tu-berlin.de>"
DK,CO2,2030,10.88951074,,Mt,Own Calculation based on: https://unfccc.int/ghg-inventories-annex-i-parties/2023 - CRT,15.08.2024,"Herpich, Philipp <phe@wip.tu-berlin.de>"
DK,CO2,2035,7.422979696,,Mt,Own Calculation based on: https://unfccc.int/ghg-inventories-annex-i-parties/2023 - CRT,15.08.2024,"Herpich, Philipp <phe@wip.tu-berlin.de>"
DK,CO2,2040,3.956448653,,Mt,Own Calculation based on: https://unfccc.int/ghg-inventories-annex-i-parties/2023 - CRT,15.08.2024,"Herpich, Philipp <phe@wip.tu-berlin.de>"
DK,CO2,2045,0.48991761,,Mt,Own Calculation based on: https://unfccc.int/ghg-inventories-annex-i-parties/2023 - CRT,15.08.2024,"Herpich, Philipp <phe@wip.tu-berlin.de>"
DK,CO2,2050,-2.976613434,,Mt,Own Calculation based on: https://unfccc.int/ghg-inventories-annex-i-parties/2023 - CRT,15.08.2024,"Herpich, Philipp <phe@wip.tu-berlin.de>"
DK,CO2,2055,-2.976613434,,Mt,Own Calculation based on: https://unfccc.int/ghg-inventories-annex-i-parties/2023 - CRT,15.08.2024,"Herpich, Philipp <phe@wip.tu-berlin.de>"
DK,CO2,2055,-2.976613434,,Mt,same as 2050 for now,29.01.2025,Nikita Moskalenko <nim@wip.tu-berlin.de>
DK,CO2,2060,-2.976613434,,Mt,Own Calculation based on: https://unfccc.int/ghg-inventories-annex-i-parties/2023 - CRT,15.08.2024,"Herpich, Philipp <phe@wip.tu-berlin.de>"
DK,CO2,2060,-2.976613434,,Mt,same as 2050 for now,29.01.2025,Nikita Moskalenko <nim@wip.tu-berlin.de>
EE,CO2,2018,5.074365487,,Mt,same as 2021,15.08.2024,Konstantin Loffler <kl@wip.tu-berlin.de>
EE,CO2,2021,5.074365487,,Mt,Own Calculation based on: https://unfccc.int/ghg-inventories-annex-i-parties/2023 - CRT,15.08.2024,"Herpich, Philipp <phe@wip.tu-berlin.de>"
EE,CO2,2025,4.065919084,,Mt,Own Calculation based on: https://unfccc.int/ghg-inventories-annex-i-parties/2023 - CRT,15.08.2024,"Herpich, Philipp <phe@wip.tu-berlin.de>"
EE,CO2,2030,3.057472681,,Mt,Own Calculation based on: https://unfccc.int/ghg-inventories-annex-i-parties/2023 - CRT,15.08.2024,"Herpich, Philipp <phe@wip.tu-berlin.de>"
EE,CO2,2035,2.049026278,,Mt,Own Calculation based on: https://unfccc.int/ghg-inventories-annex-i-parties/2023 - CRT,15.08.2024,"Herpich, Philipp <phe@wip.tu-berlin.de>"
EE,CO2,2040,1.040579875,,Mt,Own Calculation based on: https://unfccc.int/ghg-inventories-annex-i-parties/2023 - CRT,15.08.2024,"Herpich, Philipp <phe@wip.tu-berlin.de>"
EE,CO2,2045,0.032133471,,Mt,Own Calculation based on: https://unfccc.int/ghg-inventories-annex-i-parties/2023 - CRT,15.08.2024,"Herpich, Philipp <phe@wip.tu-berlin.de>"
EE,CO2,2050,-0.976312932,,Mt,Own Calculation based on: https://unfccc.int/ghg-inventories-annex-i-parties/2023 - CRT,15.08.2024,"Herpich, Philipp <phe@wip.tu-berlin.de>"
EE,CO2,2055,-0.976312932,,Mt,Own Calculation based on: https://unfccc.int/ghg-inventories-annex-i-parties/2023 - CRT,15.08.2024,"Herpich, Philipp <phe@wip.tu-berlin.de>"
EE,CO2,2055,-0.976312932,,Mt,same as 2050 for now,29.01.2025,Nikita Moskalenko <nim@wip.tu-berlin.de>
EE,CO2,2060,-0.976312932,,Mt,Own Calculation based on: https://unfccc.int/ghg-inventories-annex-i-parties/2023 - CRT,15.08.2024,"Herpich, Philipp <phe@wip.tu-berlin.de>"
EE,CO2,2060,-0.976312932,,Mt,same as 2050 for now,29.01.2025,Nikita Moskalenko <nim@wip.tu-berlin.de>
ES,CO2,2018,28.26813272,,Mt,same as 2021,15.08.2024,Konstantin Loffler <kl@wip.tu-berlin.de>
ES,CO2,2021,28.26813272,,Mt,Own Calculation based on: https://unfccc.int/ghg-inventories-annex-i-parties/2023 - CRT,15.08.2024,"Herpich, Philipp <phe@wip.tu-berlin.de>"
ES,CO2,2025,15.83354117,,Mt,Own Calculation based on: https://unfccc.int/ghg-inventories-annex-i-parties/2023 - CRT,15.08.2024,"Herpich, Philipp <phe@wip.tu-berlin.de>"
ES,CO2,2030,3.398949621,,Mt,Own Calculation based on: https://unfccc.int/ghg-inventories-annex-i-parties/2023 - CRT,15.08.2024,"Herpich, Philipp <phe@wip.tu-berlin.de>"
ES,CO2,2035,-9.03564193,,Mt,Own Calculation based on: https://unfccc.int/ghg-inventories-annex-i-parties/2023 - CRT,15.08.2024,"Herpich, Philipp <phe@wip.tu-berlin.de>"
ES,CO2,2040,-21.47023348,,Mt,Own Calculation based on: https://unfccc.int/ghg-inventories-annex-i-parties/2023 - CRT,15.08.2024,"Herpich, Philipp <phe@wip.tu-berlin.de>"
ES,CO2,2045,-33.90482503,,Mt,Own Calculation based on: https://unfccc.int/ghg-inventories-annex-i-parties/2023 - CRT,15.08.2024,"Herpich, Philipp <phe@wip.tu-berlin.de>"
ES,CO2,2050,-46.33941659,,Mt,Own Calculation based on: https://unfccc.int/ghg-inventories-annex-i-parties/2023 - CRT,15.08.2024,"Herpich, Philipp <phe@wip.tu-berlin.de>"
ES,CO2,2055,-46.33941659,,Mt,Own Calculation based on: https://unfccc.int/ghg-inventories-annex-i-parties/2023 - CRT,15.08.2024,"Herpich, Philipp <phe@wip.tu-berlin.de>"
ES,CO2,2055,-46.33941659,,Mt,same as 2050 for now,29.01.2025,Nikita Moskalenko <nim@wip.tu-berlin.de>
ES,CO2,2060,-46.33941659,,Mt,Own Calculation based on: https://unfccc.int/ghg-inventories-annex-i-parties/2023 - CRT,15.08.2024,"Herpich, Philipp <phe@wip.tu-berlin.de>"
ES,CO2,2060,-46.33941659,,Mt,same as 2050 for now,29.01.2025,Nikita Moskalenko <nim@wip.tu-berlin.de>
FI,CO2,2018,13.95293753,,Mt,same as 2021,15.08.2024,Konstantin Loffler <kl@wip.tu-berlin.de>
FI,CO2,2021,13.95293753,,Mt,Own Calculation based on: https://unfccc.int/ghg-inventories-annex-i-parties/2023 - CRT,15.08.2024,"Herpich, Philipp <phe@wip.tu-berlin.de>"
FI,CO2,2025,9.632973343,,Mt,Own Calculation based on: https://unfccc.int/ghg-inventories-annex-i-parties/2023 - CRT,15.08.2024,"Herpich, Philipp <phe@wip.tu-berlin.de>"
FI,CO2,2030,5.313009151,,Mt,Own Calculation based on: https://unfccc.int/ghg-inventories-annex-i-parties/2023 - CRT,15.08.2024,"Herpich, Philipp <phe@wip.tu-berlin.de>"
FI,CO2,2035,0.993044959,,Mt,Own Calculation based on: https://unfccc.int/ghg-inventories-annex-i-parties/2023 - CRT,15.08.2024,"Herpich, Philipp <phe@wip.tu-berlin.de>"
FI,CO2,2040,-3.326919233,,Mt,Own Calculation based on: https://unfccc.int/ghg-inventories-annex-i-parties/2023 - CRT,15.08.2024,"Herpich, Philipp <phe@wip.tu-berlin.de>"
FI,CO2,2045,-7.646883425,,Mt,Own Calculation based on: https://unfccc.int/ghg-inventories-annex-i-parties/2023 - CRT,15.08.2024,"Herpich, Philipp <phe@wip.tu-berlin.de>"
FI,CO2,2050,-11.96684762,,Mt,Own Calculation based on: https://unfccc.int/ghg-inventories-annex-i-parties/2023 - CRT,15.08.2024,"Herpich, Philipp <phe@wip.tu-berlin.de>"
FI,CO2,2055,-11.96684762,,Mt,Own Calculation based on: https://unfccc.int/ghg-inventories-annex-i-parties/2023 - CRT,15.08.2024,"Herpich, Philipp <phe@wip.tu-berlin.de>"
FI,CO2,2055,-11.96684762,,Mt,same as 2050 for now,29.01.2025,Nikita Moskalenko <nim@wip.tu-berlin.de>
FI,CO2,2060,-11.96684762,,Mt,Own Calculation based on: https://unfccc.int/ghg-inventories-annex-i-parties/2023 - CRT,15.08.2024,"Herpich, Philipp <phe@wip.tu-berlin.de>"
FI,CO2,2060,-11.96684762,,Mt,same as 2050 for now,29.01.2025,Nikita Moskalenko <nim@wip.tu-berlin.de>
FR,CO2,2018,109.8639458,,Mt,same as 2021,15.08.2024,Konstantin Loffler <kl@wip.tu-berlin.de>
FR,CO2,2021,109.8639458,,Mt,Own Calculation based on: https://unfccc.int/ghg-inventories-annex-i-parties/2023 - CRT,15.08.2024,"Herpich, Philipp <phe@wip.tu-berlin.de>"
FR,CO2,2025,86.52324807,,Mt,Own Calculation based on: https://unfccc.int/ghg-inventories-annex-i-parties/2023 - CRT,15.08.2024,"Herpich, Philipp <phe@wip.tu-berlin.de>"
FR,CO2,2030,63.18255038,,Mt,Own Calculation based on: https://unfccc.int/ghg-inventories-annex-i-parties/2023 - CRT,15.08.2024,"Herpich, Philipp <phe@wip.tu-berlin.de>"
FR,CO2,2035,39.8418527,,Mt,Own Calculation based on: https://unfccc.int/ghg-inventories-annex-i-parties/2023 - CRT,15.08.2024,"Herpich, Philipp <phe@wip.tu-berlin.de>"
FR,CO2,2040,16.50115501,,Mt,Own Calculation based on: https://unfccc.int/ghg-inventories-annex-i-parties/2023 - CRT,15.08.2024,"Herpich, Philipp <phe@wip.tu-berlin.de>"
FR,CO2,2045,-6.839542676,,Mt,Own Calculation based on: https://unfccc.int/ghg-inventories-annex-i-parties/2023 - CRT,15.08.2024,"Herpich, Philipp <phe@wip.tu-berlin.de>"
FR,CO2,2050,-30.18024036,,Mt,Own Calculation based on: https://unfccc.int/ghg-inventories-annex-i-parties/2023 - CRT,15.08.2024,"Herpich, Philipp <phe@wip.tu-berlin.de>"
FR,CO2,2055,-30.18024036,,Mt,Own Calculation based on: https://unfccc.int/ghg-inventories-annex-i-parties/2023 - CRT,15.08.2024,"Herpich, Philipp <phe@wip.tu-berlin.de>"
FR,CO2,2055,-30.18024036,,Mt,same as 2050 for now,29.01.2025,Nikita Moskalenko <nim@wip.tu-berlin.de>
FR,CO2,2060,-30.18024036,,Mt,Own Calculation based on: https://unfccc.int/ghg-inventories-annex-i-parties/2023 - CRT,15.08.2024,"Herpich, Philipp <phe@wip.tu-berlin.de>"
FR,CO2,2060,-30.18024036,,Mt,same as 2050 for now,29.01.2025,Nikita Moskalenko <nim@wip.tu-berlin.de>
GR,CO2,2018,95.53313457,,Mt,same as 2021,15.08.2024,Konstantin Loffler <kl@wip.tu-berlin.de>
GR,CO2,2021,95.53313457,,Mt,Own Calculation based on: https://unfccc.int/ghg-inventories-annex-i-parties/2023 - CRT,15.08.2024,"Herpich, Philipp <phe@wip.tu-berlin.de>"
GR,CO2,2025,76.33797795,,Mt,Own Calculation based on: https://unfccc.int/ghg-inventories-annex-i-parties/2023 - CRT,15.08.2024,"Herpich, Philipp <phe@wip.tu-berlin.de>"
GR,CO2,2030,57.14282133,,Mt,Own Calculation based on: https://unfccc.int/ghg-inventories-annex-i-parties/2023 - CRT,15.08.2024,"Herpich, Philipp <phe@wip.tu-berlin.de>"
GR,CO2,2035,37.9476647,,Mt,Own Calculation based on: https://unfccc.int/ghg-inventories-annex-i-parties/2023 - CRT,15.08.2024,"Herpich, Philipp <phe@wip.tu-berlin.de>"
GR,CO2,2040,18.75250808,,Mt,Own Calculation based on: https://unfccc.int/ghg-inventories-annex-i-parties/2023 - CRT,15.08.2024,"Herpich, Philipp <phe@wip.tu-berlin.de>"
GR,CO2,2045,-0.442648548,,Mt,Own Calculation based on: https://unfccc.int/ghg-inventories-annex-i-parties/2023 - CRT,15.08.2024,"Herpich, Philipp <phe@wip.tu-berlin.de>"
GR,CO2,2050,-19.63780517,,Mt,Own Calculation based on: https://unfccc.int/ghg-inventories-annex-i-parties/2023 - CRT,15.08.2024,"Herpich, Philipp <phe@wip.tu-berlin.de>"
GR,CO2,2055,-19.63780517,,Mt,Own Calculation based on: https://unfccc.int/ghg-inventories-annex-i-parties/2023 - CRT,15.08.2024,"Herpich, Philipp <phe@wip.tu-berlin.de>"
GR,CO2,2055,-19.63780517,,Mt,same as 2050 for now,29.01.2025,Nikita Moskalenko <nim@wip.tu-berlin.de>
GR,CO2,2060,-19.63780517,,Mt,Own Calculation based on: https://unfccc.int/ghg-inventories-annex-i-parties/2023 - CRT,15.08.2024,"Herpich, Philipp <phe@wip.tu-berlin.de>"
GR,CO2,2060,-19.63780517,,Mt,same as 2050 for now,29.01.2025,Nikita Moskalenko <nim@wip.tu-berlin.de>
HR,CO2,2018,2.371747774,,Mt,same as 2021,15.08.2024,Konstantin Loffler <kl@wip.tu-berlin.de>
HR,CO2,2021,2.371747774,,Mt,Own Calculation based on: https://unfccc.int/ghg-inventories-annex-i-parties/2023 - CRT,15.08.2024,"Herpich, Philipp <phe@wip.tu-berlin.de>"
HR,CO2,2025,0.841917599,,Mt,Own Calculation based on: https://unfccc.int/ghg-inventories-annex-i-parties/2023 - CRT,15.08.2024,"Herpich, Philipp <phe@wip.tu-berlin.de>"
HR,CO2,2030,-0.687912577,,Mt,Own Calculation based on: https://unfccc.int/ghg-inventories-annex-i-parties/2023 - CRT,15.08.2024,"Herpich, Philipp <phe@wip.tu-berlin.de>"
HR,CO2,2035,-2.217742752,,Mt,Own Calculation based on: https://unfccc.int/ghg-inventories-annex-i-parties/2023 - CRT,15.08.2024,"Herpich, Philipp <phe@wip.tu-berlin.de>"
HR,CO2,2040,-3.747572927,,Mt,Own Calculation based on: https://unfccc.int/ghg-inventories-annex-i-parties/2023 - CRT,15.08.2024,"Herpich, Philipp <phe@wip.tu-berlin.de>"
HR,CO2,2045,-5.277403102,,Mt,Own Calculation based on: https://unfccc.int/ghg-inventories-annex-i-parties/2023 - CRT,15.08.2024,"Herpich, Philipp <phe@wip.tu-berlin.de>"
HR,CO2,2050,-6.807233277,,Mt,Own Calculation based on: https://unfccc.int/ghg-inventories-annex-i-parties/2023 - CRT,15.08.2024,"Herpich, Philipp <phe@wip.tu-berlin.de>"
HR,CO2,2055,-6.807233277,,Mt,Own Calculation based on: https://unfccc.int/ghg-inventories-annex-i-parties/2023 - CRT,15.08.2024,"Herpich, Philipp <phe@wip.tu-berlin.de>"
HR,CO2,2055,-6.807233277,,Mt,same as 2050 for now,29.01.2025,Nikita Moskalenko <nim@wip.tu-berlin.de>
HR,CO2,2060,-6.807233277,,Mt,Own Calculation based on: https://unfccc.int/ghg-inventories-annex-i-parties/2023 - CRT,15.08.2024,"Herpich, Philipp <phe@wip.tu-berlin.de>"
HR,CO2,2060,-6.807233277,,Mt,same as 2050 for now,29.01.2025,Nikita Moskalenko <nim@wip.tu-berlin.de>
HU,CO2,2018,10.8850013,,Mt,same as 2021,15.08.2024,Konstantin Loffler <kl@wip.tu-berlin.de>
HU,CO2,2021,10.8850013,,Mt,Own Calculation based on: https://unfccc.int/ghg-inventories-annex-i-parties/2023 - CRT,15.08.2024,"Herpich, Philipp <phe@wip.tu-berlin.de>"
HU,CO2,2025,7.804099093,,Mt,Own Calculation based on: https://unfccc.int/ghg-inventories-annex-i-parties/2023 - CRT,15.08.2024,"Herpich, Philipp <phe@wip.tu-berlin.de>"
HU,CO2,2030,4.723196888,,Mt,Own Calculation based on: https://unfccc.int/ghg-inventories-annex-i-parties/2023 - CRT,15.08.2024,"Herpich, Philipp <phe@wip.tu-berlin.de>"
HU,CO2,2035,1.642294683,,Mt,Own Calculation based on: https://unfccc.int/ghg-inventories-annex-i-parties/2023 - CRT,15.08.2024,"Herpich, Philipp <phe@wip.tu-berlin.de>"
HU,CO2,2040,-1.438607522,,Mt,Own Calculation based on: https://unfccc.int/ghg-inventories-annex-i-parties/2023 - CRT,15.08.2024,"Herpich, Philipp <phe@wip.tu-berlin.de>"
HU,CO2,2045,-4.519509727,,Mt,Own Calculation based on: https://unfccc.int/ghg-inventories-annex-i-parties/2023 - CRT,15.08.2024,"Herpich, Philipp <phe@wip.tu-berlin.de>"
HU,CO2,2050,-7.600411932,,Mt,Own Calculation based on: https://unfccc.int/ghg-inventories-annex-i-parties/2023 - CRT,15.08.2024,"Herpich, Philipp <phe@wip.tu-berlin.de>"
HU,CO2,2055,-7.600411932,,Mt,Own Calculation based on: https://unfccc.int/ghg-inventories-annex-i-parties/2023 - CRT,15.08.2024,"Herpich, Philipp <phe@wip.tu-berlin.de>"
HU,CO2,2055,-7.600411932,,Mt,same as 2050 for now,29.01.2025,Nikita Moskalenko <nim@wip.tu-berlin.de>
HU,CO2,2060,-7.600411932,,Mt,Own Calculation based on: https://unfccc.int/ghg-inventories-annex-i-parties/2023 - CRT,15.08.2024,"Herpich, Philipp <phe@wip.tu-berlin.de>"
HU,CO2,2060,-7.600411932,,Mt,same as 2050 for now,29.01.2025,Nikita Moskalenko <nim@wip.tu-berlin.de>
IE,CO2,2018,34.47796732,,Mt,same as 2021,15.08.2024,Konstantin Loffler <kl@wip.tu-berlin.de>
IE,CO2,2021,34.47796732,,Mt,Own Calculation based on: https://unfccc.int/ghg-inventories-annex-i-parties/2023 - CRT,15.08.2024,"Herpich, Philipp <phe@wip.tu-berlin.de>"
IE,CO2,2025,28.38191029,,Mt,Own Calculation based on: https://unfccc.int/ghg-inventories-annex-i-parties/2023 - CRT,15.08.2024,"Herpich, Philipp <phe@wip.tu-berlin.de>"
IE,CO2,2030,22.28585327,,Mt,Own Calculation based on: https://unfccc.int/ghg-inventories-annex-i-parties/2023 - CRT,15.08.2024,"Herpich, Philipp <phe@wip.tu-berlin.de>"
IE,CO2,2035,16.18979624,,Mt,Own Calculation based on: https://unfccc.int/ghg-inventories-annex-i-parties/2023 - CRT,15.08.2024,"Herpich, Philipp <phe@wip.tu-berlin.de>"
IE,CO2,2040,10.09373922,,Mt,Own Calculation based on: https://unfccc.int/ghg-inventories-annex-i-parties/2023 - CRT,15.08.2024,"Herpich, Philipp <phe@wip.tu-berlin.de>"
IE,CO2,2045,3.997682193,,Mt,Own Calculation based on: https://unfccc.int/ghg-inventories-annex-i-parties/2023 - CRT,15.08.2024,"Herpich, Philipp <phe@wip.tu-berlin.de>"
IE,CO2,2050,-2.098374832,,Mt,Own Calculation based on: https://unfccc.int/ghg-inventories-annex-i-parties/2023 - CRT,15.08.2024,"Herpich, Philipp <phe@wip.tu-berlin.de>"
IE,CO2,2055,-2.098374832,,Mt,Own Calculation based on: https://unfccc.int/ghg-inventories-annex-i-parties/2023 - CRT,15.08.2024,"Herpich, Philipp <phe@wip.tu-berlin.de>"
IE,CO2,2055,-2.098374832,,Mt,same as 2050 for now,29.01.2025,Nikita Moskalenko <nim@wip.tu-berlin.de>
IE,CO2,2060,-2.098374832,,Mt,Own Calculation based on: https://unfccc.int/ghg-inventories-annex-i-parties/2023 - CRT,15.08.2024,"Herpich, Philipp <phe@wip.tu-berlin.de>"
IE,CO2,2060,-2.098374832,,Mt,same as 2050 for now,29.01.2025,Nikita Moskalenko <nim@wip.tu-berlin.de>
IT,CO2,2018,57.26604078,,Mt,same as 2021,15.08.2024,Konstantin Loffler <kl@wip.tu-berlin.de>
IT,CO2,2021,57.26604078,,Mt,Own Calculation based on: https://unfccc.int/ghg-inventories-annex-i-parties/2023 - CRT,15.08.2024,"Herpich, Philipp <phe@wip.tu-berlin.de>"
IT,CO2,2025,42.16196192,,Mt,Own Calculation based on: https://unfccc.int/ghg-inventories-annex-i-parties/2023 - CRT,15.08.2024,"Herpich, Philipp <phe@wip.tu-berlin.de>"
IT,CO2,2030,27.05788306,,Mt,Own Calculation based on: https://unfccc.int/ghg-inventories-annex-i-parties/2023 - CRT,15.08.2024,"Herpich, Philipp <phe@wip.tu-berlin.de>"
IT,CO2,2035,11.9538042,,Mt,Own Calculation based on: https://unfccc.int/ghg-inventories-annex-i-parties/2023 - CRT,15.08.2024,"Herpich, Philipp <phe@wip.tu-berlin.de>"
IT,CO2,2040,-3.150274656,,Mt,Own Calculation based on: https://unfccc.int/ghg-inventories-annex-i-parties/2023 - CRT,15.08.2024,"Herpich, Philipp <phe@wip.tu-berlin.de>"
IT,CO2,2045,-18.25435352,,Mt,Own Calculation based on: https://unfccc.int/ghg-inventories-annex-i-parties/2023 - CRT,15.08.2024,"Herpich, Philipp <phe@wip.tu-berlin.de>"
IT,CO2,2050,-33.35843237,,Mt,Own Calculation based on: https://unfccc.int/ghg-inventories-annex-i-parties/2023 - CRT,15.08.2024,"Herpich, Philipp <phe@wip.tu-berlin.de>"
IT,CO2,2055,-33.35843237,,Mt,Own Calculation based on: https://unfccc.int/ghg-inventories-annex-i-parties/2023 - CRT,15.08.2024,"Herpich, Philipp <phe@wip.tu-berlin.de>"
IT,CO2,2055,-33.35843237,,Mt,same as 2050 for now,29.01.2025,Nikita Moskalenko <nim@wip.tu-berlin.de>
IT,CO2,2060,-33.35843237,,Mt,Own Calculation based on: https://unfccc.int/ghg-inventories-annex-i-parties/2023 - CRT,15.08.2024,"Herpich, Philipp <phe@wip.tu-berlin.de>"
IT,CO2,2060,-33.35843237,,Mt,same as 2050 for now,29.01.2025,Nikita Moskalenko <nim@wip.tu-berlin.de>
LT,CO2,2018,1.864992553,,Mt,same as 2021,15.08.2024,Konstantin Loffler <kl@wip.tu-berlin.de>
LT,CO2,2021,1.864992553,,Mt,Own Calculation based on: https://unfccc.int/ghg-inventories-annex-i-parties/2023 - CRT,15.08.2024,"Herpich, Philipp <phe@wip.tu-berlin.de>"
LT,CO2,2025,0.15399742,,Mt,Own Calculation based on: https://unfccc.int/ghg-inventories-annex-i-parties/2023 - CRT,15.08.2024,"Herpich, Philipp <phe@wip.tu-berlin.de>"
LT,CO2,2030,-1.556997712,,Mt,Own Calculation based on: https://unfccc.int/ghg-inventories-annex-i-parties/2023 - CRT,15.08.2024,"Herpich, Philipp <phe@wip.tu-berlin.de>"
LT,CO2,2035,-3.267992845,,Mt,Own Calculation based on: https://unfccc.int/ghg-inventories-annex-i-parties/2023 - CRT,15.08.2024,"Herpich, Philipp <phe@wip.tu-berlin.de>"
LT,CO2,2040,-4.978987978,,Mt,Own Calculation based on: https://unfccc.int/ghg-inventories-annex-i-parties/2023 - CRT,15.08.2024,"Herpich, Philipp <phe@wip.tu-berlin.de>"
LT,CO2,2045,-6.68998311,,Mt,Own Calculation based on: https://unfccc.int/ghg-inventories-annex-i-parties/2023 - CRT,15.08.2024,"Herpich, Philipp <phe@wip.tu-berlin.de>"
LT,CO2,2050,-8.400978243,,Mt,Own Calculation based on: https://unfccc.int/ghg-inventories-annex-i-parties/2023 - CRT,15.08.2024,"Herpich, Philipp <phe@wip.tu-berlin.de>"
LT,CO2,2055,-8.400978243,,Mt,Own Calculation based on: https://unfccc.int/ghg-inventories-annex-i-parties/2023 - CRT,15.08.2024,"Herpich, Philipp <phe@wip.tu-berlin.de>"
LT,CO2,2055,-8.400978243,,Mt,same as 2050 for now,29.01.2025,Nikita Moskalenko <nim@wip.tu-berlin.de>
LT,CO2,2060,-8.400978243,,Mt,Own Calculation based on: https://unfccc.int/ghg-inventories-annex-i-parties/2023 - CRT,15.08.2024,"Herpich, Philipp <phe@wip.tu-berlin.de>"
LT,CO2,2060,-8.400978243,,Mt,same as 2050 for now,29.01.2025,Nikita Moskalenko <nim@wip.tu-berlin.de>
LU,CO2,2018,0.743255732,,Mt,same as 2021,15.08.2024,Konstantin Loffler <kl@wip.tu-berlin.de>
LU,CO2,2021,0.743255732,,Mt,Own Calculation based on: https://unfccc.int/ghg-inventories-annex-i-parties/2023 - CRT,15.08.2024,"Herpich, Philipp <phe@wip.tu-berlin.de>"
LU,CO2,2025,0.505474581,,Mt,Own Calculation based on: https://unfccc.int/ghg-inventories-annex-i-parties/2023 - CRT,15.08.2024,"Herpich, Philipp <phe@wip.tu-berlin.de>"
LU,CO2,2030,0.267693431,,Mt,Own Calculation based on: https://unfccc.int/ghg-inventories-annex-i-parties/2023 - CRT,15.08.2024,"Herpich, Philipp <phe@wip.tu-berlin.de>"
LU,CO2,2035,0.02991228,,Mt,Own Calculation based on: https://unfccc.int/ghg-inventories-annex-i-parties/2023 - CRT,15.08.2024,"Herpich, Philipp <phe@wip.tu-berlin.de>"
LU,CO2,2040,-0.207868871,,Mt,Own Calculation based on: https://unfccc.int/ghg-inventories-annex-i-parties/2023 - CRT,15.08.2024,"Herpich, Philipp <phe@wip.tu-berlin.de>"
LU,CO2,2045,-0.445650022,,Mt,Own Calculation based on: https://unfccc.int/ghg-inventories-annex-i-parties/2023 - CRT,15.08.2024,"Herpich, Philipp <phe@wip.tu-berlin.de>"
LU,CO2,2050,-0.683431172,,Mt,Own Calculation based on: https://unfccc.int/ghg-inventories-annex-i-parties/2023 - CRT,15.08.2024,"Herpich, Philipp <phe@wip.tu-berlin.de>"
LU,CO2,2055,-0.683431172,,Mt,Own Calculation based on: https://unfccc.int/ghg-inventories-annex-i-parties/2023 - CRT,15.08.2024,"Herpich, Philipp <phe@wip.tu-berlin.de>"
LU,CO2,2055,-0.683431172,,Mt,same as 2050 for now,29.01.2025,Nikita Moskalenko <nim@wip.tu-berlin.de>
LU,CO2,2060,-0.683431172,,Mt,Own Calculation based on: https://unfccc.int/ghg-inventories-annex-i-parties/2023 - CRT,15.08.2024,"Herpich, Philipp <phe@wip.tu-berlin.de>"
LU,CO2,2060,-0.683431172,,Mt,same as 2050 for now,29.01.2025,Nikita Moskalenko <nim@wip.tu-berlin.de>
LV,CO2,2018,6.07863552,,Mt,same as 2021,15.08.2024,Konstantin Loffler <kl@wip.tu-berlin.de>
LV,CO2,2021,6.07863552,,Mt,Own Calculation based on: https://unfccc.int/ghg-inventories-annex-i-parties/2023 - CRT,15.08.2024,"Herpich, Philipp <phe@wip.tu-berlin.de>"
LV,CO2,2025,4.598476449,,Mt,Own Calculation based on: https://unfccc.int/ghg-inventories-annex-i-parties/2023 - CRT,15.08.2024,"Herpich, Philipp <phe@wip.tu-berlin.de>"
LV,CO2,2030,3.118317378,,Mt,Own Calculation based on: https://unfccc.int/ghg-inventories-annex-i-parties/2023 - CRT,15.08.2024,"Herpich, Philipp <phe@wip.tu-berlin.de>"
LV,CO2,2035,1.638158307,,Mt,Own Calculation based on: https://unfccc.int/ghg-inventories-annex-i-parties/2023 - CRT,15.08.2024,"Herpich, Philipp <phe@wip.tu-berlin.de>"
LV,CO2,2040,0.157999236,,Mt,Own Calculation based on: https://unfccc.int/ghg-inventories-annex-i-parties/2023 - CRT,15.08.2024,"Herpich, Philipp <phe@wip.tu-berlin.de>"
LV,CO2,2045,-1.322159835,,Mt,Own Calculation based on: https://unfccc.int/ghg-inventories-annex-i-parties/2023 - CRT,15.08.2024,"Herpich, Philipp <phe@wip.tu-berlin.de>"
LV,CO2,2050,-2.802318906,,Mt,Own Calculation based on: https://unfccc.int/ghg-inventories-annex-i-parties/2023 - CRT,15.08.2024,"Herpich, Philipp <phe@wip.tu-berlin.de>"
LV,CO2,2055,-2.802318906,,Mt,Own Calculation based on: https://unfccc.int/ghg-inventories-annex-i-parties/2023 - CRT,15.08.2024,"Herpich, Philipp <phe@wip.tu-berlin.de>"
LV,CO2,2055,-2.802318906,,Mt,same as 2050 for now,29.01.2025,Nikita Moskalenko <nim@wip.tu-berlin.de>
LV,CO2,2060,-2.802318906,,Mt,Own Calculation based on: https://unfccc.int/ghg-inventories-annex-i-parties/2023 - CRT,15.08.2024,"Herpich, Philipp <phe@wip.tu-berlin.de>"
LV,CO2,2060,-2.802318906,,Mt,same as 2050 for now,29.01.2025,Nikita Moskalenko <nim@wip.tu-berlin.de>
NL,CO2,2018,34.06895655,,Mt,same as 2021,15.08.2024,Konstantin Loffler <kl@wip.tu-berlin.de>
NL,CO2,2021,34.06895655,,Mt,Own Calculation based on: https://unfccc.int/ghg-inventories-annex-i-parties/2023 - CRT,15.08.2024,"Herpich, Philipp <phe@wip.tu-berlin.de>"
NL,CO2,2025,28.0423901,,Mt,Own Calculation based on: https://unfccc.int/ghg-inventories-annex-i-parties/2023 - CRT,15.08.2024,"Herpich, Philipp <phe@wip.tu-berlin.de>"
NL,CO2,2030,22.01582364,,Mt,Own Calculation based on: https://unfccc.int/ghg-inventories-annex-i-parties/2023 - CRT,15.08.2024,"Herpich, Philipp <phe@wip.tu-berlin.de>"
NL,CO2,2035,15.98925719,,Mt,Own Calculation based on: https://unfccc.int/ghg-inventories-annex-i-parties/2023 - CRT,15.08.2024,"Herpich, Philipp <phe@wip.tu-berlin.de>"
NL,CO2,2040,9.962690739,,Mt,Own Calculation based on: https://unfccc.int/ghg-inventories-annex-i-parties/2023 - CRT,15.08.2024,"Herpich, Philipp <phe@wip.tu-berlin.de>"
NL,CO2,2045,3.936124285,,Mt,Own Calculation based on: https://unfccc.int/ghg-inventories-annex-i-parties/2023 - CRT,15.08.2024,"Herpich, Philipp <phe@wip.tu-berlin.de>"
NL,CO2,2050,-2.090442168,,Mt,Own Calculation based on: https://unfccc.int/ghg-inventories-annex-i-parties/2023 - CRT,15.08.2024,"Herpich, Philipp <phe@wip.tu-berlin.de>"
NL,CO2,2055,-2.090442168,,Mt,Own Calculation based on: https://unfccc.int/ghg-inventories-annex-i-parties/2023 - CRT,15.08.2024,"Herpich, Philipp <phe@wip.tu-berlin.de>"
NL,CO2,2055,-2.090442168,,Mt,same as 2050 for now,29.01.2025,Nikita Moskalenko <nim@wip.tu-berlin.de>
NL,CO2,2060,-2.090442168,,Mt,Own Calculation based on: https://unfccc.int/ghg-inventories-annex-i-parties/2023 - CRT,15.08.2024,"Herpich, Philipp <phe@wip.tu-berlin.de>"
NL,CO2,2060,-2.090442168,,Mt,same as 2050 for now,29.01.2025,Nikita Moskalenko <nim@wip.tu-berlin.de>
NO,CO2,2018,-0.343924797,,Mt,same as 2021,15.08.2024,Konstantin Loffler <kl@wip.tu-berlin.de>
NO,CO2,2021,-0.343924797,,Mt,Own Calculation based on: https://unfccc.int/ghg-inventories-annex-i-parties/2023 - CRT,15.08.2024,"Herpich, Philipp <phe@wip.tu-berlin.de>"
NO,CO2,2025,-3.69092428,,Mt,Own Calculation based on: https://unfccc.int/ghg-inventories-annex-i-parties/2023 - CRT,15.08.2024,"Herpich, Philipp <phe@wip.tu-berlin.de>"
NO,CO2,2030,-7.037923762,,Mt,Own Calculation based on: https://unfccc.int/ghg-inventories-annex-i-parties/2023 - CRT,15.08.2024,"Herpich, Philipp <phe@wip.tu-berlin.de>"
NO,CO2,2035,-10.38492324,,Mt,Own Calculation based on: https://unfccc.int/ghg-inventories-annex-i-parties/2023 - CRT,15.08.2024,"Herpich, Philipp <phe@wip.tu-berlin.de>"
NO,CO2,2040,-13.73192273,,Mt,Own Calculation based on: https://unfccc.int/ghg-inventories-annex-i-parties/2023 - CRT,15.08.2024,"Herpich, Philipp <phe@wip.tu-berlin.de>"
NO,CO2,2045,-17.07892221,,Mt,Own Calculation based on: https://unfccc.int/ghg-inventories-annex-i-parties/2023 - CRT,15.08.2024,"Herpich, Philipp <phe@wip.tu-berlin.de>"
NO,CO2,2050,-20.42592169,,Mt,Own Calculation based on: https://unfccc.int/ghg-inventories-annex-i-parties/2023 - CRT,15.08.2024,"Herpich, Philipp <phe@wip.tu-berlin.de>"
NO,CO2,2055,-20.42592169,,Mt,Own Calculation based on: https://unfccc.int/ghg-inventories-annex-i-parties/2023 - CRT,15.08.2024,"Herpich, Philipp <phe@wip.tu-berlin.de>"
NO,CO2,2055,-20.42592169,,Mt,same as 2050 for now,29.01.2025,Nikita Moskalenko <nim@wip.tu-berlin.de>
NO,CO2,2060,-20.42592169,,Mt,Own Calculation based on: https://unfccc.int/ghg-inventories-annex-i-parties/2023 - CRT,15.08.2024,"Herpich, Philipp <phe@wip.tu-berlin.de>"
NO,CO2,2060,-20.42592169,,Mt,same as 2050 for now,29.01.2025,Nikita Moskalenko <nim@wip.tu-berlin.de>
NONEU_Balkan,CO2,2018,0.525114753,,Mt,same as 2021,15.08.2024,Konstantin Loffler <kl@wip.tu-berlin.de>
NONEU_Balkan,CO2,2021,0.525114753,,Mt,Own Calculation based on: https://unfccc.int/ghg-inventories-annex-i-parties/2023 - CRT,15.08.2024,"Herpich, Philipp <phe@wip.tu-berlin.de>"
NONEU_Balkan,CO2,2025,0.43675954,,Mt,Own Calculation based on: https://unfccc.int/ghg-inventories-annex-i-parties/2023 - CRT,15.08.2024,"Herpich, Philipp <phe@wip.tu-berlin.de>"
NONEU_Balkan,CO2,2030,0.348404327,,Mt,Own Calculation based on: https://unfccc.int/ghg-inventories-annex-i-parties/2023 - CRT,15.08.2024,"Herpich, Philipp <phe@wip.tu-berlin.de>"
NONEU_Balkan,CO2,2035,0.260049114,,Mt,Own Calculation based on: https://unfccc.int/ghg-inventories-annex-i-parties/2023 - CRT,15.08.2024,"Herpich, Philipp <phe@wip.tu-berlin.de>"
NONEU_Balkan,CO2,2040,0.171693901,,Mt,Own Calculation based on: https://unfccc.int/ghg-inventories-annex-i-parties/2023 - CRT,15.08.2024,"Herpich, Philipp <phe@wip.tu-berlin.de>"
NONEU_Balkan,CO2,2045,0.083338688,,Mt,Own Calculation based on: https://unfccc.int/ghg-inventories-annex-i-parties/2023 - CRT,15.08.2024,"Herpich, Philipp <phe@wip.tu-berlin.de>"
NONEU_Balkan,CO2,2050,-0.005016525,,Mt,Own Calculation based on: https://unfccc.int/ghg-inventories-annex-i-parties/2023 - CRT,15.08.2024,"Herpich, Philipp <phe@wip.tu-berlin.de>"
NONEU_Balkan,CO2,2055,-0.005016525,,Mt,Own Calculation based on: https://unfccc.int/ghg-inventories-annex-i-parties/2023 - CRT,15.08.2024,"Herpich, Philipp <phe@wip.tu-berlin.de>"
NONEU_Balkan,CO2,2055,-0.005016525,,Mt,same as 2050 for now,29.01.2025,Nikita Moskalenko <nim@wip.tu-berlin.de>
NONEU_Balkan,CO2,2060,-0.005016525,,Mt,Own Calculation based on: https://unfccc.int/ghg-inventories-annex-i-parties/2023 - CRT,15.08.2024,"Herpich, Philipp <phe@wip.tu-berlin.de>"
NONEU_Balkan,CO2,2060,-0.005016525,,Mt,same as 2050 for now,29.01.2025,Nikita Moskalenko <nim@wip.tu-berlin.de>
PL,CO2,2018,43.17325022,,Mt,same as 2021,15.08.2024,Konstantin Loffler <kl@wip.tu-berlin.de>
PL,CO2,2021,43.17325022,,Mt,Own Calculation based on: https://unfccc.int/ghg-inventories-annex-i-parties/2023 - CRT,15.08.2024,"Herpich, Philipp <phe@wip.tu-berlin.de>"
PL,CO2,2025,31.43732094,,Mt,Own Calculation based on: https://unfccc.int/ghg-inventories-annex-i-parties/2023 - CRT,15.08.2024,"Herpich, Philipp <phe@wip.tu-berlin.de>"
PL,CO2,2030,19.70139166,,Mt,Own Calculation based on: https://unfccc.int/ghg-inventories-annex-i-parties/2023 - CRT,15.08.2024,"Herpich, Philipp <phe@wip.tu-berlin.de>"
PL,CO2,2035,7.965462378,,Mt,Own Calculation based on: https://unfccc.int/ghg-inventories-annex-i-parties/2023 - CRT,15.08.2024,"Herpich, Philipp <phe@wip.tu-berlin.de>"
PL,CO2,2040,-3.770466903,,Mt,Own Calculation based on: https://unfccc.int/ghg-inventories-annex-i-parties/2023 - CRT,15.08.2024,"Herpich, Philipp <phe@wip.tu-berlin.de>"
PL,CO2,2045,-15.50639618,,Mt,Own Calculation based on: https://unfccc.int/ghg-inventories-annex-i-parties/2023 - CRT,15.08.2024,"Herpich, Philipp <phe@wip.tu-berlin.de>"
PL,CO2,2050,-27.24232547,,Mt,Own Calculation based on: https://unfccc.int/ghg-inventories-annex-i-parties/2023 - CRT,15.08.2024,"Herpich, Philipp <phe@wip.tu-berlin.de>"
PL,CO2,2055,-27.24232547,,Mt,Own Calculation based on: https://unfccc.int/ghg-inventories-annex-i-parties/2023 - CRT,15.08.2024,"Herpich, Philipp <phe@wip.tu-berlin.de>"
PL,CO2,2055,-27.24232547,,Mt,same as 2050 for now,29.01.2025,Nikita Moskalenko <nim@wip.tu-berlin.de>
PL,CO2,2060,-27.24232547,,Mt,Own Calculation based on: https://unfccc.int/ghg-inventories-annex-i-parties/2023 - CRT,15.08.2024,"Herpich, Philipp <phe@wip.tu-berlin.de>"
PL,CO2,2060,-27.24232547,,Mt,same as 2050 for now,29.01.2025,Nikita Moskalenko <nim@wip.tu-berlin.de>
PT,CO2,2018,12.99162404,,Mt,same as 2021,15.08.2024,Konstantin Loffler <kl@wip.tu-berlin.de>
PT,CO2,2021,12.99162404,,Mt,Own Calculation based on: https://unfccc.int/ghg-inventories-annex-i-parties/2023 - CRT,15.08.2024,"Herpich, Philipp <phe@wip.tu-berlin.de>"
PT,CO2,2025,9.675008717,,Mt,Own Calculation based on: https://unfccc.int/ghg-inventories-annex-i-parties/2023 - CRT,15.08.2024,"Herpich, Philipp <phe@wip.tu-berlin.de>"
PT,CO2,2030,6.358393393,,Mt,Own Calculation based on: https://unfccc.int/ghg-inventories-annex-i-parties/2023 - CRT,15.08.2024,"Herpich, Philipp <phe@wip.tu-berlin.de>"
PT,CO2,2035,3.041778069,,Mt,Own Calculation based on: https://unfccc.int/ghg-inventories-annex-i-parties/2023 - CRT,15.08.2024,"Herpich, Philipp <phe@wip.tu-berlin.de>"
PT,CO2,2040,-0.274837255,,Mt,Own Calculation based on: https://unfccc.int/ghg-inventories-annex-i-parties/2023 - CRT,15.08.2024,"Herpich, Philipp <phe@wip.tu-berlin.de>"
PT,CO2,2045,-3.591452578,,Mt,Own Calculation based on: https://unfccc.int/ghg-inventories-annex-i-parties/2023 - CRT,15.08.2024,"Herpich, Philipp <phe@wip.tu-berlin.de>"
PT,CO2,2050,-6.908067902,,Mt,Own Calculation based on: https://unfccc.int/ghg-inventories-annex-i-parties/2023 - CRT,15.08.2024,"Herpich, Philipp <phe@wip.tu-berlin.de>"
PT,CO2,2055,-6.908067902,,Mt,Own Calculation based on: https://unfccc.int/ghg-inventories-annex-i-parties/2023 - CRT,15.08.2024,"Herpich, Philipp <phe@wip.tu-berlin.de>"
PT,CO2,2055,-6.908067902,,Mt,same as 2050 for now,29.01.2025,Nikita Moskalenko <nim@wip.tu-berlin.de>
PT,CO2,2060,-6.908067902,,Mt,Own Calculation based on: https://unfccc.int/ghg-inventories-annex-i-parties/2023 - CRT,15.08.2024,"Herpich, Philipp <phe@wip.tu-berlin.de>"
PT,CO2,2060,-6.908067902,,Mt,same as 2050 for now,29.01.2025,Nikita Moskalenko <nim@wip.tu-berlin.de>
RO,CO2,2018,-10.76519245,,Mt,same as 2021,15.08.2024,Konstantin Loffler <kl@wip.tu-berlin.de>
RO,CO2,2021,-10.76519245,,Mt,Own Calculation based on: https://unfccc.int/ghg-inventories-annex-i-parties/2023 - CRT,15.08.2024,"Herpich, Philipp <phe@wip.tu-berlin.de>"
RO,CO2,2025,-17.294411,,Mt,Own Calculation based on: https://unfccc.int/ghg-inventories-annex-i-parties/2023 - CRT,15.08.2024,"Herpich, Philipp <phe@wip.tu-berlin.de>"
RO,CO2,2030,-23.82362956,,Mt,Own Calculation based on: https://unfccc.int/ghg-inventories-annex-i-parties/2023 - CRT,15.08.2024,"Herpich, Philipp <phe@wip.tu-berlin.de>"
RO,CO2,2035,-30.35284811,,Mt,Own Calculation based on: https://unfccc.int/ghg-inventories-annex-i-parties/2023 - CRT,15.08.2024,"Herpich, Philipp <phe@wip.tu-berlin.de>"
RO,CO2,2040,-36.88206666,,Mt,Own Calculation based on: https://unfccc.int/ghg-inventories-annex-i-parties/2023 - CRT,15.08.2024,"Herpich, Philipp <phe@wip.tu-berlin.de>"
RO,CO2,2045,-43.41128521,,Mt,Own Calculation based on: https://unfccc.int/ghg-inventories-annex-i-parties/2023 - CRT,15.08.2024,"Herpich, Philipp <phe@wip.tu-berlin.de>"
RO,CO2,2050,-49.94050377,,Mt,Own Calculation based on: https://unfccc.int/ghg-inventories-annex-i-parties/2023 - CRT,15.08.2024,"Herpich, Philipp <phe@wip.tu-berlin.de>"
RO,CO2,2055,-49.94050377,,Mt,Own Calculation based on: https://unfccc.int/ghg-inventories-annex-i-parties/2023 - CRT,15.08.2024,"Herpich, Philipp <phe@wip.tu-berlin.de>"
RO,CO2,2055,-49.94050377,,Mt,same as 2050 for now,29.01.2025,Nikita Moskalenko <nim@wip.tu-berlin.de>
RO,CO2,2060,-49.94050377,,Mt,Own Calculation based on: https://unfccc.int/ghg-inventories-annex-i-parties/2023 - CRT,15.08.2024,"Herpich, Philipp <phe@wip.tu-berlin.de>"
RO,CO2,2060,-49.94050377,,Mt,same as 2050 for now,29.01.2025,Nikita Moskalenko <nim@wip.tu-berlin.de>
SE,CO2,2018,-27.07328713,,Mt,same as 2021,15.08.2024,Konstantin Loffler <kl@wip.tu-berlin.de>
SE,CO2,2021,-27.07328713,,Mt,Own Calculation based on: https://unfccc.int/ghg-inventories-annex-i-parties/2023 - CRT,15.08.2024,"Herpich, Philipp <phe@wip.tu-berlin.de>"
SE,CO2,2025,-30.11714837,,Mt,Own Calculation based on: https://unfccc.int/ghg-inventories-annex-i-parties/2023 - CRT,15.08.2024,"Herpich, Philipp <phe@wip.tu-berlin.de>"
SE,CO2,2030,-33.16100961,,Mt,Own Calculation based on: https://unfccc.int/ghg-inventories-annex-i-parties/2023 - CRT,15.08.2024,"Herpich, Philipp <phe@wip.tu-berlin.de>"
SE,CO2,2035,-36.20487084,,Mt,Own Calculation based on: https://unfccc.int/ghg-inventories-annex-i-parties/2023 - CRT,15.08.2024,"Herpich, Philipp <phe@wip.tu-berlin.de>"
SE,CO2,2040,-39.24873208,,Mt,Own Calculation based on: https://unfccc.int/ghg-inventories-annex-i-parties/2023 - CRT,15.08.2024,"Herpich, Philipp <phe@wip.tu-berlin.de>"
SE,CO2,2045,-42.29259332,,Mt,Own Calculation based on: https://unfccc.int/ghg-inventories-annex-i-parties/2023 - CRT,15.08.2024,"Herpich, Philipp <phe@wip.tu-berlin.de>"
SE,CO2,2050,-45.33645456,,Mt,Own Calculation based on: https://unfccc.int/ghg-inventories-annex-i-parties/2023 - CRT,15.08.2024,"Herpich, Philipp <phe@wip.tu-berlin.de>"
SE,CO2,2055,-45.33645456,,Mt,Own Calculation based on: https://unfccc.int/ghg-inventories-annex-i-parties/2023 - CRT,15.08.2024,"Herpich, Philipp <phe@wip.tu-berlin.de>"
SE,CO2,2055,-45.33645456,,Mt,same as 2050 for now,29.01.2025,Nikita Moskalenko <nim@wip.tu-berlin.de>
SE,CO2,2060,-45.33645456,,Mt,Own Calculation based on: https://unfccc.int/ghg-inventories-annex-i-parties/2023 - CRT,15.08.2024,"Herpich, Philipp <phe@wip.tu-berlin.de>"
SE,CO2,2060,-45.33645456,,Mt,same as 2050 for now,29.01.2025,Nikita Moskalenko <nim@wip.tu-berlin.de>
SI,CO2,2018,0.240754856,,Mt,same as 2021,15.08.2024,Konstantin Loffler <kl@wip.tu-berlin.de>
SI,CO2,2021,0.240754856,,Mt,Own Calculation based on: https://unfccc.int/ghg-inventories-annex-i-parties/2023 - CRT,15.08.2024,"Herpich, Philipp <phe@wip.tu-berlin.de>"
SI,CO2,2025,-0.381630029,,Mt,Own Calculation based on: https://unfccc.int/ghg-inventories-annex-i-parties/2023 - CRT,15.08.2024,"Herpich, Philipp <phe@wip.tu-berlin.de>"
SI,CO2,2030,-1.004014914,,Mt,Own Calculation based on: https://unfccc.int/ghg-inventories-annex-i-parties/2023 - CRT,15.08.2024,"Herpich, Philipp <phe@wip.tu-berlin.de>"
SI,CO2,2035,-1.626399799,,Mt,Own Calculation based on: https://unfccc.int/ghg-inventories-annex-i-parties/2023 - CRT,15.08.2024,"Herpich, Philipp <phe@wip.tu-berlin.de>"
SI,CO2,2040,-2.248784684,,Mt,Own Calculation based on: https://unfccc.int/ghg-inventories-annex-i-parties/2023 - CRT,15.08.2024,"Herpich, Philipp <phe@wip.tu-berlin.de>"
SI,CO2,2045,-2.871169569,,Mt,Own Calculation based on: https://unfccc.int/ghg-inventories-annex-i-parties/2023 - CRT,15.08.2024,"Herpich, Philipp <phe@wip.tu-berlin.de>"
SI,CO2,2050,-3.493554453,,Mt,Own Calculation based on: https://unfccc.int/ghg-inventories-annex-i-parties/2023 - CRT,15.08.2024,"Herpich, Philipp <phe@wip.tu-berlin.de>"
SI,CO2,2055,-3.493554453,,Mt,Own Calculation based on: https://unfccc.int/ghg-inventories-annex-i-parties/2023 - CRT,15.08.2024,"Herpich, Philipp <phe@wip.tu-berlin.de>"
SI,CO2,2055,-3.493554453,,Mt,same as 2050 for now,29.01.2025,Nikita Moskalenko <nim@wip.tu-berlin.de>
SI,CO2,2060,-3.493554453,,Mt,Own Calculation based on: https://unfccc.int/ghg-inventories-annex-i-parties/2023 - CRT,15.08.2024,"Herpich, Philipp <phe@wip.tu-berlin.de>"
SI,CO2,2060,-3.493554453,,Mt,same as 2050 for now,29.01.2025,Nikita Moskalenko <nim@wip.tu-berlin.de>
SK,CO2,2018,6.146909601,,Mt,same as 2021,15.08.2024,Konstantin Loffler <kl@wip.tu-berlin.de>
SK,CO2,2021,6.146909601,,Mt,Own Calculation based on: https://unfccc.int/ghg-inventories-annex-i-parties/2023 - CRT,15.08.2024,"Herpich, Philipp <phe@wip.tu-berlin.de>"
SK,CO2,2025,3.817536168,,Mt,Own Calculation based on: https://unfccc.int/ghg-inventories-annex-i-parties/2023 - CRT,15.08.2024,"Herpich, Philipp <phe@wip.tu-berlin.de>"
SK,CO2,2030,1.488162736,,Mt,Own Calculation based on: https://unfccc.int/ghg-inventories-annex-i-parties/2023 - CRT,15.08.2024,"Herpich, Philipp <phe@wip.tu-berlin.de>"
SK,CO2,2035,-0.841210696,,Mt,Own Calculation based on: https://unfccc.int/ghg-inventories-annex-i-parties/2023 - CRT,15.08.2024,"Herpich, Philipp <phe@wip.tu-berlin.de>"
SK,CO2,2040,-3.170584129,,Mt,Own Calculation based on: https://unfccc.int/ghg-inventories-annex-i-parties/2023 - CRT,15.08.2024,"Herpich, Philipp <phe@wip.tu-berlin.de>"
SK,CO2,2045,-5.499957561,,Mt,Own Calculation based on: https://unfccc.int/ghg-inventories-annex-i-parties/2023 - CRT,15.08.2024,"Herpich, Philipp <phe@wip.tu-berlin.de>"
SK,CO2,2050,-7.829330993,,Mt,Own Calculation based on: https://unfccc.int/ghg-inventories-annex-i-parties/2023 - CRT,15.08.2024,"Herpich, Philipp <phe@wip.tu-berlin.de>"
SK,CO2,2055,-7.829330993,,Mt,Own Calculation based on: https://unfccc.int/ghg-inventories-annex-i-parties/2023 - CRT,15.08.2024,"Herpich, Philipp <phe@wip.tu-berlin.de>"
SK,CO2,2055,-7.829330993,,Mt,same as 2050 for now,29.01.2025,Nikita Moskalenko <nim@wip.tu-berlin.de>
SK,CO2,2060,-7.829330993,,Mt,Own Calculation based on: https://unfccc.int/ghg-inventories-annex-i-parties/2023 - CRT,15.08.2024,"Herpich, Philipp <phe@wip.tu-berlin.de>"
SK,CO2,2060,-7.829330993,,Mt,same as 2050 for now,29.01.2025,Nikita Moskalenko <nim@wip.tu-berlin.de>
TR,CO2,2018,114.6853556,,Mt,same as 2021,15.08.2024,Konstantin Loffler <kl@wip.tu-berlin.de>
TR,CO2,2021,114.6853556,,Mt,Own Calculation based on: https://unfccc.int/ghg-inventories-annex-i-parties/2023 - CRT,15.08.2024,"Herpich, Philipp <phe@wip.tu-berlin.de>"
TR,CO2,2025,87.29271435,,Mt,Own Calculation based on: https://unfccc.int/ghg-inventories-annex-i-parties/2023 - CRT,15.08.2024,"Herpich, Philipp <phe@wip.tu-berlin.de>"
TR,CO2,2030,59.90007313,,Mt,Own Calculation based on: https://unfccc.int/ghg-inventories-annex-i-parties/2023 - CRT,15.08.2024,"Herpich, Philipp <phe@wip.tu-berlin.de>"
TR,CO2,2035,32.50743191,,Mt,Own Calculation based on: https://unfccc.int/ghg-inventories-annex-i-parties/2023 - CRT,15.08.2024,"Herpich, Philipp <phe@wip.tu-berlin.de>"
TR,CO2,2040,5.114790688,,Mt,Own Calculation based on: https://unfccc.int/ghg-inventories-annex-i-parties/2023 - CRT,15.08.2024,"Herpich, Philipp <phe@wip.tu-berlin.de>"
TR,CO2,2045,-22.27785053,,Mt,Own Calculation based on: https://unfccc.int/ghg-inventories-annex-i-parties/2023 - CRT,15.08.2024,"Herpich, Philipp <phe@wip.tu-berlin.de>"
TR,CO2,2050,-49.67049175,,Mt,Own Calculation based on: https://unfccc.int/ghg-inventories-annex-i-parties/2023 - CRT,15.08.2024,"Herpich, Philipp <phe@wip.tu-berlin.de>"
TR,CO2,2055,-49.67049175,,Mt,Own Calculation based on: https://unfccc.int/ghg-inventories-annex-i-parties/2023 - CRT,15.08.2024,"Herpich, Philipp <phe@wip.tu-berlin.de>"
TR,CO2,2055,-49.67049175,,Mt,same as 2050 for now,29.01.2025,Nikita Moskalenko <nim@wip.tu-berlin.de>
TR,CO2,2060,-49.67049175,,Mt,Own Calculation based on: https://unfccc.int/ghg-inventories-annex-i-parties/2023 - CRT,15.08.2024,"Herpich, Philipp <phe@wip.tu-berlin.de>"
TR,CO2,2060,-49.67049175,,Mt,same as 2050 for now,29.01.2025,Nikita Moskalenko <nim@wip.tu-berlin.de>
UK,CO2,2018,95.53313457,,Mt,same as 2021,15.08.2024,Konstantin Loffler <kl@wip.tu-berlin.de>
UK,CO2,2021,95.53313457,,Mt,Own Calculation based on: https://unfccc.int/ghg-inventories-annex-i-parties/2023 - CRT,15.08.2024,"Herpich, Philipp <phe@wip.tu-berlin.de>"
UK,CO2,2025,76.33797795,,Mt,Own Calculation based on: https://unfccc.int/ghg-inventories-annex-i-parties/2023 - CRT,15.08.2024,"Herpich, Philipp <phe@wip.tu-berlin.de>"
UK,CO2,2030,57.14282133,,Mt,Own Calculation based on: https://unfccc.int/ghg-inventories-annex-i-parties/2023 - CRT,15.08.2024,"Herpich, Philipp <phe@wip.tu-berlin.de>"
UK,CO2,2035,37.9476647,,Mt,Own Calculation based on: https://unfccc.int/ghg-inventories-annex-i-parties/2023 - CRT,15.08.2024,"Herpich, Philipp <phe@wip.tu-berlin.de>"
UK,CO2,2040,18.75250808,,Mt,Own Calculation based on: https://unfccc.int/ghg-inventories-annex-i-parties/2023 - CRT,15.08.2024,"Herpich, Philipp <phe@wip.tu-berlin.de>"
UK,CO2,2045,-0.442648548,,Mt,Own Calculation based on: https://unfccc.int/ghg-inventories-annex-i-parties/2023 - CRT,15.08.2024,"Herpich, Philipp <phe@wip.tu-berlin.de>"
UK,CO2,2050,-19.63780517,,Mt,Own Calculation based on: https://unfccc.int/ghg-inventories-annex-i-parties/2023 - CRT,15.08.2024,"Herpich, Philipp <phe@wip.tu-berlin.de>"
UK,CO2,2055,-19.63780517,,Mt,Own Calculation based on: https://unfccc.int/ghg-inventories-annex-i-parties/2023 - CRT,15.08.2024,"Herpich, Philipp <phe@wip.tu-berlin.de>"
UK,CO2,2055,-19.63780517,,Mt,same as 2050 for now,29.01.2025,Nikita Moskalenko <nim@wip.tu-berlin.de>
UK,CO2,2060,-19.63780517,,Mt,Own Calculation based on: https://unfccc.int/ghg-inventories-annex-i-parties/2023 - CRT,15.08.2024,"Herpich, Philipp <phe@wip.tu-berlin.de>"
UK,CO2,2060,-19.63780517,,Mt,same as 2050 for now,29.01.2025,Nikita Moskalenko <nim@wip.tu-berlin.de>
