Region,Technology,Fuel,Year,Value,,Unit,Source,Updated at,Updated by
AT,HLR_Biomass,Heat_Low_Residential,2018,71.694,,PJ,,,
AT,HLR_Hardcoal,Heat_Low_Residential,2018,2.794,,PJ,,,
AT,HLR_Oil_Boiler,Heat_Low_Residential,2018,57.279,,PJ,,,
AT,HLI_Biomass,Heat_Low_Industrial,2018,2.659,,PJ,,,
AT,HLI_Hardcoal,Heat_Low_Industrial,2018,0.275,,PJ,,,
AT,HLI_Direct_Electric,Heat_Low_Industrial,2018,0.026,,PJ,,,
AT,HLI_Oil_Boiler,Heat_Low_Industrial,2018,1.072,,PJ,,,
AT,*HLI_Gas_Boiler,Heat_Low_Industrial,2018,0,,PJ,,,
AT,*HLI_Convert_DH,Heat_Low_Industrial,2018,4.627,,PJ,,,
AT,HMI_Biomass,Heat_Medium_Industrial,2018,32.977,,PJ,,,
AT,HMI_HardCoal,Heat_Medium_Industrial,2018,3.083,,PJ,,,
AT,HMI_Steam_Electric,Heat_Medium_Industrial,2018,0.26,,PJ,,,
AT,HMI_Oil,Heat_Medium_Industrial,2018,15.055,,PJ,,,
AT,*HHI_BF_BOF,Heat_High_Industrial,2018,28.904,,PJ,,,
AT,HHI_Bio_BF_BOF,Heat_High_Industrial,2018,4.398,,PJ,,,
AT,HHI_Scrap_EAF,Heat_High_Industrial,2018,1.755,,PJ,,,
AT,HHI_DRI_EAF,Heat_High_Industrial,2018,33.349,,PJ,,,
AT,P_Gas_CCGT,Power,2018,19.582,,PJ,,,
AT,P_Gas_Engines,Power,2018,0.995,,PJ,,,
AT,P_Biomass,Power,2018,15.478,,PJ,,,
AT,P_Coal_Hardcoal,Power,2018,4.663,,PJ,,,
AT,HLR_Heatpump_Ground,Heat_Low_Residential,2018,0.361,,PJ,,,
AT,HLR_Direct_Electric,Heat_Low_Residential,2018,13.863,,PJ,,,
AT,CHP_Coal_Hardcoal,Power,2018,2.597,,PJ,,,
AT,CHP_Oil,Power,2018,2.52,,PJ,,,
AT,CHP_Gas_CCGT_Natural,Power,2018,13.123,,PJ,,,
AT,CHP_Biomass_Solid,Power,2018,13.941,,PJ,,,
AT,CHP_Coal_Hardcoal,Heat_District,2018,8.481,,PJ,,,
AT,CHP_Oil,Heat_District,2018,8.228,,PJ,,,
AT,CHP_Gas_CCGT_Natural,Heat_District,2018,42.855,,PJ,,,
AT,CHP_Biomass_Solid,Heat_District,2018,45.527,,PJ,,,
AT,P_Gas_OCGT,Power,2018,2,,PJ,,,
BE,HLR_Biomass,Heat_Low_Residential,2018,22.24,,PJ,,,
BE,HLR_Hardcoal,Heat_Low_Residential,2018,6.291,,PJ,,,
BE,HLR_Oil_Boiler,Heat_Low_Residential,2018,121.225,,PJ,,,
BE,HLI_Biomass,Heat_Low_Industrial,2018,2.003,,PJ,,,
BE,HLI_Hardcoal,Heat_Low_Industrial,2018,0.231,,PJ,,,
BE,HLI_Direct_Electric,Heat_Low_Industrial,2018,0.121,,PJ,,,
BE,HLI_Oil_Boiler,Heat_Low_Industrial,2018,0.359,,PJ,,,
BE,*HLI_Gas_Boiler,Heat_Low_Industrial,2018,4.949,,PJ,,,
BE,*HLI_Convert_DH,Heat_Low_Industrial,2018,13.591,,PJ,,,
BE,HMI_Biomass,Heat_Medium_Industrial,2018,14.66,,PJ,,,
BE,HMI_HardCoal,Heat_Medium_Industrial,2018,3.764,,PJ,,,
BE,HMI_Steam_Electric,Heat_Medium_Industrial,2018,1.644,,PJ,,,
BE,HMI_Oil,Heat_Medium_Industrial,2018,9.533,,PJ,,,
BE,*HHI_BF_BOF,Heat_High_Industrial,2018,35.707,,PJ,,,
BE,HHI_Bio_BF_BOF,Heat_High_Industrial,2018,3.105,,PJ,,,
BE,HHI_Scrap_EAF,Heat_High_Industrial,2018,5.501,,PJ,,,
BE,HHI_DRI_EAF,Heat_High_Industrial,2018,58.685,,PJ,,,
BE,P_Gas_CCGT,Power,2018,24.018,,PJ,,,
BE,P_Gas_OCGT,Power,2018,35.109,,PJ,,,
BE,P_Biomass,Power,2018,11.615,,PJ,,,
BE,P_Oil,Power,2018,0.321,,PJ,,,
BE,P_Nuclear,Power,2018,102.949,,PJ,,,
BE,HLR_Heatpump_Aerial,Heat_Low_Residential,2018,1.074,,PJ,,,
BE,HLR_Heatpump_Ground,Heat_Low_Residential,2018,0.057,,PJ,,,
BE,HLR_Direct_Electric,Heat_Low_Residential,2018,10.483,,PJ,,,
BE,CHP_Coal_Hardcoal,Power,2018,0.573,,PJ,,,
BE,CHP_Oil,Power,2018,0.397,,PJ,,,
BE,CHP_Gas_CCGT_Natural,Power,2018,27.237,,PJ,,,
BE,CHP_Biomass_Solid,Power,2018,7.651,,PJ,,,
BE,CHP_Coal_Hardcoal,Heat_District,2018,1.252,,PJ,,,
BE,CHP_Oil,Heat_District,2018,0.868,,PJ,,,
BE,CHP_Gas_CCGT_Natural,Heat_District,2018,59.556,,PJ,,,
BE,CHP_Biomass_Solid,Heat_District,2018,16.729,,PJ,,,
BE,P_Coal_Hardcoal,Power,2018,7.869,,PJ,,,
BE,RES_Wind_Offshore_Transitional,Power,2018,17,,PJ,,,
BE,RES_Wind_Onshore_Avg,Power,2018,10,,PJ,,,
BG,HLR_Biomass,Heat_Low_Residential,2018,33.666,,PJ,,,
BG,HLR_Hardcoal,Heat_Low_Residential,2018,11.86,,PJ,,,
BG,HLR_Oil_Boiler,Heat_Low_Residential,2018,2.097,,PJ,,,
BG,HLI_Biomass,Heat_Low_Industrial,2018,0.606,,PJ,,,
BG,HLI_Hardcoal,Heat_Low_Industrial,2018,0.295,,PJ,,,
BG,HLI_Direct_Electric,Heat_Low_Industrial,2018,0.003,,PJ,,,
BG,HLI_Oil_Boiler,Heat_Low_Industrial,2018,0.24,,PJ,,,
BG,*HLI_Gas_Boiler,Heat_Low_Industrial,2018,0.738,,PJ,,,
BG,*HLI_Convert_DH,Heat_Low_Industrial,2018,13.883,,PJ,,,
BG,HMI_Biomass,Heat_Medium_Industrial,2018,5.678,,PJ,,,
BG,HMI_HardCoal,Heat_Medium_Industrial,2018,1.591,,PJ,,,
BG,HMI_Steam_Electric,Heat_Medium_Industrial,2018,0.276,,PJ,,,
BG,HMI_Oil,Heat_Medium_Industrial,2018,1.851,,PJ,,,
BG,*HHI_BF_BOF,Heat_High_Industrial,2018,3.596,,PJ,,,
BG,HHI_Bio_BF_BOF,Heat_High_Industrial,2018,0.227,,PJ,,,
BG,HHI_Scrap_EAF,Heat_High_Industrial,2018,1.27,,PJ,,,
BG,HHI_DRI_EAF,Heat_High_Industrial,2018,11.746,,PJ,,,
BG,P_Biomass,Power,2018,3.426,,PJ,,,
BG,P_Coal_Hardcoal,Power,2018,0.223,,PJ,,,
BG,P_Oil,Power,2018,0.973,,PJ,,,
BG,P_Nuclear,Power,2018,58.05,,PJ,,,
BG,P_Coal_Lignite,Power,2018,63.241,,PJ,,,
BG,HLR_Heatpump_Aerial,Heat_Low_Residential,2018,4.775,,PJ,,,
BG,HLR_Heatpump_Ground,Heat_Low_Residential,2018,0.251,,PJ,,,
BG,HLR_Direct_Electric,Heat_Low_Residential,2018,9.939,,PJ,,,
BG,CHP_Coal_Hardcoal,Power,2018,3.655,,PJ,,,
BG,CHP_Oil,Power,2018,0.138,,PJ,,,
BG,CHP_Gas_CCGT_Natural,Power,2018,5.044,,PJ,,,
BG,CHP_Biomass_Solid,Power,2018,2.437,,PJ,,,
BG,CHP_Coal_Hardcoal,Heat_District,2018,11.187,,PJ,,,
BG,CHP_Oil,Heat_District,2018,0.424,,PJ,,,
BG,CHP_Gas_CCGT_Natural,Heat_District,2018,15.436,,PJ,,,
BG,CHP_Biomass_Solid,Heat_District,2018,7.459,,PJ,,,
CH,HLR_Biomass,Heat_Low_Residential,2018,16.787,,PJ,,,
CH,HLR_Hardcoal,Heat_Low_Residential,2018,0.356,,PJ,,,
CH,HLR_Oil_Boiler,Heat_Low_Residential,2018,119.826,,PJ,,,
CH,HLI_Biomass,Heat_Low_Industrial,2018,0.275,,PJ,,,
CH,HLI_Hardcoal,Heat_Low_Industrial,2018,0.089,,PJ,,,
CH,HLI_Direct_Electric,Heat_Low_Industrial,2018,0.076,,PJ,,,
CH,HLI_Oil_Boiler,Heat_Low_Industrial,2018,0.86,,PJ,,,
CH,*HLI_Gas_Boiler,Heat_Low_Industrial,2018,4.119,,PJ,,,
CH,*HLI_Convert_DH,Heat_Low_Industrial,2018,2.012,,PJ,,,
CH,HMI_Biomass,Heat_Medium_Industrial,2018,2.715,,PJ,,,
CH,HMI_HardCoal,Heat_Medium_Industrial,2018,0.82,,PJ,,,
CH,HMI_Steam_Electric,Heat_Medium_Industrial,2018,0.625,,PJ,,,
CH,HMI_Oil,Heat_Medium_Industrial,2018,6.243,,PJ,,,
CH,*HHI_BF_BOF,Heat_High_Industrial,2018,3.052,,PJ,,,
CH,HHI_Bio_BF_BOF,Heat_High_Industrial,2018,0.508,,PJ,,,
CH,HHI_Scrap_EAF,Heat_High_Industrial,2018,2.473,,PJ,,,
CH,HHI_DRI_EAF,Heat_High_Industrial,2018,11.82,,PJ,,,
CH,CHP_Gas_CCGT_Natural,Power,2018,5.251,,PJ,,,
CH,P_Gas_CCGT,Power,2018,0.01,,PJ,,,
CH,P_Nuclear,Power,2018,91.847,,PJ,,,
CH,HLR_Heatpump_Aerial,Heat_Low_Residential,2018,10.007,,PJ,,,
CH,HLR_Heatpump_Ground,Heat_Low_Residential,2018,0.527,,PJ,,,
CH,HLR_Direct_Electric,Heat_Low_Residential,2018,16.088,,PJ,,,
CH,P_Oil,Power,2018,0.086,,PJ,,,
CZ,HLR_Biomass,Heat_Low_Residential,2018,49.501,,PJ,,,
CZ,HLR_Hardcoal,Heat_Low_Residential,2018,30.227,,PJ,,,
CZ,HLR_Oil_Boiler,Heat_Low_Residential,2018,2.482,,PJ,,,
CZ,HLI_Biomass,Heat_Low_Industrial,2018,0.75,,PJ,,,
CZ,HLI_Hardcoal,Heat_Low_Industrial,2018,1.305,,PJ,,,
CZ,HLI_Direct_Electric,Heat_Low_Industrial,2018,0.048,,PJ,,,
CZ,HLI_Oil_Boiler,Heat_Low_Industrial,2018,0.167,,PJ,,,
CZ,*HLI_Gas_Boiler,Heat_Low_Industrial,2018,0.971,,PJ,,,
CZ,*HLI_Convert_DH,Heat_Low_Industrial,2018,13.749,,PJ,,,
CZ,HMI_Biomass,Heat_Medium_Industrial,2018,12.375,,PJ,,,
CZ,HMI_HardCoal,Heat_Medium_Industrial,2018,6.158,,PJ,,,
CZ,HMI_Steam_Electric,Heat_Medium_Industrial,2018,0.372,,PJ,,,
CZ,HMI_Oil,Heat_Medium_Industrial,2018,4.018,,PJ,,,
CZ,*HHI_BF_BOF,Heat_High_Industrial,2018,43.179,,PJ,,,
CZ,HHI_Bio_BF_BOF,Heat_High_Industrial,2018,0.214,,PJ,,,
CZ,HHI_Scrap_EAF,Heat_High_Industrial,2018,0.806,,PJ,,,
CZ,HHI_DRI_EAF,Heat_High_Industrial,2018,22.257,,PJ,,,
CZ,P_Gas_CCGT,Power,2018,7.237,,PJ,,,
CZ,P_Gas_Engines,Power,2018,0.831,,PJ,,,
CZ,P_Gas_OCGT,Power,2018,0.914,,PJ,,,
CZ,P_Biomass,Power,2018,13.646,,PJ,,,
CZ,P_Coal_Hardcoal,Power,2018,10.483,,PJ,,,
CZ,P_Nuclear,Power,2018,102.047,,PJ,,,
CZ,P_Coal_Lignite,Power,2018,116.598,,PJ,,,
CZ,HLR_Heatpump_Aerial,Heat_Low_Residential,2018,3.404,,PJ,,,
CZ,HLR_Heatpump_Ground,Heat_Low_Residential,2018,0.179,,PJ,,,
CZ,HLR_Direct_Electric,Heat_Low_Residential,2018,12.458,,PJ,,,
CZ,CHP_Coal_Hardcoal,Power,2018,3.844,,PJ,,,
CZ,CHP_Coal_Lignite,Power,2018,18.016,,PJ,,,
CZ,CHP_Oil,Power,2018,0.307,,PJ,,,
CZ,CHP_Gas_CCGT_Natural,Power,2018,4.518,,PJ,,,
CZ,CHP_Biomass_Solid,Power,2018,8.538,,PJ,,,
CZ,CHP_Coal_Hardcoal,Heat_District,2018,10.876,,PJ,,,
CZ,CHP_Coal_Lignite,Heat_District,2018,50.974,,PJ,,,
CZ,CHP_Oil,Heat_District,2018,0.87,,PJ,,,
CZ,CHP_Gas_CCGT_Natural,Heat_District,2018,12.783,,PJ,,,
CZ,CHP_Biomass_Solid,Heat_District,2018,24.157,,PJ,,,
DE,HLR_Biomass,Heat_Low_Residential,2018,251.332,,PJ,,,
DE,HLR_Hardcoal,Heat_Low_Residential,2018,45.728,,PJ,,,
DE,HLR_Oil_Boiler,Heat_Low_Residential,2018,681.617,,PJ,,,
DE,HLI_Biomass,Heat_Low_Industrial,2018,5.19,,PJ,,,
DE,HLI_Hardcoal,Heat_Low_Industrial,2018,5.076,,PJ,,,
DE,HLI_Direct_Electric,Heat_Low_Industrial,2018,1.06,,PJ,,,
DE,HLI_Oil_Boiler,Heat_Low_Industrial,2018,3.797,,PJ,,,
DE,*HLI_Gas_Boiler,Heat_Low_Industrial,2018,19.724,,PJ,,,
DE,*HLI_Convert_DH,Heat_Low_Industrial,2018,134.637,,PJ,,,
DE,HMI_Biomass,Heat_Medium_Industrial,2018,46.579,,PJ,,,
DE,HMI_HardCoal,Heat_Medium_Industrial,2018,35.555,,PJ,,,
DE,HMI_Steam_Electric,Heat_Medium_Industrial,2018,10.751,,PJ,,,
DE,HMI_Oil,Heat_Medium_Industrial,2018,69.756,,PJ,,,
DE,*HHI_BF_BOF,Heat_High_Industrial,2018,235.967,,PJ,,,
DE,HHI_Bio_BF_BOF,Heat_High_Industrial,2018,4.401,,PJ,,,
DE,HHI_Scrap_EAF,Heat_High_Industrial,2018,28.601,,PJ,,,
DE,HHI_DRI_EAF,Heat_High_Industrial,2018,272.768,,PJ,,,
DE,P_Gas_CCGT,Power,2018,106.984,,PJ,,,
DE,P_Gas_Engines,Power,2018,10.267,,PJ,,,
DE,P_Gas_OCGT,Power,2018,30.237,,PJ,,,
DE,P_Biomass,Power,2018,145.486,,PJ,,,
DE,P_Coal_Hardcoal,Power,2018,233.776,,PJ,,,
DE,P_Oil,Power,2018,8.178,,PJ,,,
DE,P_Nuclear,Power,2018,259.217,,PJ,,,
DE,P_Coal_Lignite,Power,2018,513.119,,PJ,,,
DE,HLR_Heatpump_Aerial,Heat_Low_Residential,2018,32.082,,PJ,,,
DE,HLR_Heatpump_Ground,Heat_Low_Residential,2018,1.689,,PJ,,,
DE,HLR_Direct_Electric,Heat_Low_Residential,2018,46.072,,PJ,,,
DE,CHP_Coal_Hardcoal,Power,2018,63.923,,PJ,,,
DE,CHP_Coal_Lignite,Power,2018,13.051,,PJ,,,
DE,CHP_Oil,Power,2018,6.514,,PJ,,,
DE,CHP_Gas_CCGT_Natural,Power,2018,152.842,,PJ,,,
DE,CHP_Biomass_Solid,Power,2018,45.608,,PJ,,,
DE,CHP_Coal_Hardcoal,Heat_District,2018,135.708,,PJ,,,
DE,CHP_Coal_Lignite,Heat_District,2018,27.707,,PJ,,,
DE,CHP_Oil,Heat_District,2018,13.83,,PJ,,,
DE,CHP_Gas_CCGT_Natural,Heat_District,2018,324.482,,PJ,,,
DE,CHP_Biomass_Solid,Heat_District,2018,96.825,,PJ,,,
DK,HLR_Biomass,Heat_Low_Residential,2018,38.037,,PJ,,,
DK,HLR_Hardcoal,Heat_Low_Residential,2018,0.517,,PJ,,,
DK,HLR_Oil_Boiler,Heat_Low_Residential,2018,17.887,,PJ,,,
DK,HLI_Biomass,Heat_Low_Industrial,2018,0.58,,PJ,,,
DK,HLI_Hardcoal,Heat_Low_Industrial,2018,0.561,,PJ,,,
DK,HLI_Direct_Electric,Heat_Low_Industrial,2018,0.092,,PJ,,,
DK,HLI_Oil_Boiler,Heat_Low_Industrial,2018,1.51,,PJ,,,
DK,*HLI_Gas_Boiler,Heat_Low_Industrial,2018,3.453,,PJ,,,
DK,*HLI_Convert_DH,Heat_Low_Industrial,2018,2.653,,PJ,,,
DK,HMI_Biomass,Heat_Medium_Industrial,2018,4.831,,PJ,,,
DK,HMI_HardCoal,Heat_Medium_Industrial,2018,0.811,,PJ,,,
DK,HMI_Steam_Electric,Heat_Medium_Industrial,2018,0.441,,PJ,,,
DK,HMI_Oil,Heat_Medium_Industrial,2018,6.167,,PJ,,,
DK,*HHI_BF_BOF,Heat_High_Industrial,2018,1.113,,PJ,,,
DK,HHI_Bio_BF_BOF,Heat_High_Industrial,2018,0.089,,PJ,,,
DK,HHI_Scrap_EAF,Heat_High_Industrial,2018,0.039,,PJ,,,
DK,HHI_DRI_EAF,Heat_High_Industrial,2018,5.331,,PJ,,,
DK,P_Gas_OCGT,Power,2018,0.288,,PJ,,,
DK,P_Oil,Power,2018,0.678,,PJ,,,
DK,HLR_Heatpump_Aerial,Heat_Low_Residential,2018,5.546,,PJ,,,
DK,HLR_Heatpump_Ground,Heat_Low_Residential,2018,0.292,,PJ,,,
DK,HLR_Direct_Electric,Heat_Low_Residential,2018,6.404,,PJ,,,
DK,CHP_Coal_Hardcoal,Power,2018,8.503,,PJ,,,
DK,CHP_Oil,Power,2018,0.901,,PJ,,,
DK,CHP_Gas_CCGT_Natural,Power,2018,5.708,,PJ,,,
DK,CHP_Biomass_Solid,Power,2018,21.796,,PJ,,,
DK,CHP_Coal_Hardcoal,Heat_District,2018,19.698,,PJ,,,
DK,CHP_Oil,Heat_District,2018,2.086,,PJ,,,
DK,CHP_Gas_CCGT_Natural,Heat_District,2018,13.223,,PJ,,,
DK,CHP_Biomass_Solid,Heat_District,2018,50.49,,PJ,,,
DK,P_Coal_Hardcoal,Power,2018,13,,PJ,,,
EE,HLR_Biomass,Heat_Low_Residential,2018,18.417,,PJ,,,
EE,HLR_Hardcoal,Heat_Low_Residential,2018,0.681,,PJ,,,
EE,HLR_Oil_Boiler,Heat_Low_Residential,2018,3.131,,PJ,,,
EE,HLI_Biomass,Heat_Low_Industrial,2018,0.174,,PJ,,,
EE,HLI_Hardcoal,Heat_Low_Industrial,2018,0,,PJ,,,
EE,HLI_Direct_Electric,Heat_Low_Industrial,2018,0.007,,PJ,,,
EE,HLI_Oil_Boiler,Heat_Low_Industrial,2018,0.232,,PJ,,,
EE,*HLI_Gas_Boiler,Heat_Low_Industrial,2018,0,,PJ,,,
EE,*HLI_Convert_DH,Heat_Low_Industrial,2018,0.585,,PJ,,,
EE,HMI_Biomass,Heat_Medium_Industrial,2018,1.921,,PJ,,,
EE,HMI_HardCoal,Heat_Medium_Industrial,2018,0.271,,PJ,,,
EE,HMI_Steam_Electric,Heat_Medium_Industrial,2018,0.037,,PJ,,,
EE,HMI_Oil,Heat_Medium_Industrial,2018,2.263,,PJ,,,
EE,*HHI_BF_BOF,Heat_High_Industrial,2018,0.593,,PJ,,,
EE,HHI_Bio_BF_BOF,Heat_High_Industrial,2018,0.005,,PJ,,,
EE,HHI_Scrap_EAF,Heat_High_Industrial,2018,0.004,,PJ,,,
EE,HHI_DRI_EAF,Heat_High_Industrial,2018,0.668,,PJ,,,
EE,P_Gas_OCGT,Power,2018,0.207,,PJ,,,
EE,*P_Oil,Power,2018,0.218,,PJ,,,
EE,HLR_Heatpump_Aerial,Heat_Low_Residential,2018,1.601,,PJ,,,
EE,HLR_Heatpump_Ground,Heat_Low_Residential,2018,0.084,,PJ,,,
EE,HLR_Direct_Electric,Heat_Low_Residential,2018,1.329,,PJ,,,
EE,CHP_Coal_Hardcoal,Power,2018,0.851,,PJ,,,
EE,CHP_Oil,Power,2018,0.528,,PJ,,,
EE,CHP_Gas_CCGT_Natural,Power,2018,0.002,,PJ,,,
EE,CHP_Biomass_Solid,Power,2018,2.548,,PJ,,,
EE,CHP_Coal_Hardcoal,Heat_District,2018,0.75,,PJ,,,
EE,CHP_Oil,Heat_District,2018,0.465,,PJ,,,
EE,CHP_Gas_CCGT_Natural,Heat_District,2018,0.002,,PJ,,,
EE,CHP_Biomass_Solid,Heat_District,2018,2.248,,PJ,,,
EE,P_Coal_Hardcoal,Power,2018,35.646,,PJ,,,
ES,HLR_Biomass,Heat_Low_Residential,2018,115.264,,PJ,,,
ES,HLR_Hardcoal,Heat_Low_Residential,2018,6.08,,PJ,,,
ES,HLR_Oil_Boiler,Heat_Low_Residential,2018,125.505,,PJ,,,
ES,HLI_Biomass,Heat_Low_Industrial,2018,5.807,,PJ,,,
ES,HLI_Hardcoal,Heat_Low_Industrial,2018,0.405,,PJ,,,
ES,HLI_Direct_Electric,Heat_Low_Industrial,2018,0.334,,PJ,,,
ES,HLI_Oil_Boiler,Heat_Low_Industrial,2018,2.241,,PJ,,,
ES,*HLI_Gas_Boiler,Heat_Low_Industrial,2018,0,,PJ,,,
ES,*HLI_Convert_DH,Heat_Low_Industrial,2018,0,,PJ,,,
ES,HMI_Biomass,Heat_Medium_Industrial,2018,30.279,,PJ,,,
ES,HMI_HardCoal,Heat_Medium_Industrial,2018,2.168,,PJ,,,
ES,HMI_Steam_Electric,Heat_Medium_Industrial,2018,3.953,,PJ,,,
ES,HMI_Oil,Heat_Medium_Industrial,2018,33.24,,PJ,,,
ES,*HHI_BF_BOF,Heat_High_Industrial,2018,29.376,,PJ,,,
ES,HHI_Bio_BF_BOF,Heat_High_Industrial,2018,5.253,,PJ,,,
ES,HHI_Scrap_EAF,Heat_High_Industrial,2018,18.433,,PJ,,,
ES,HHI_DRI_EAF,Heat_High_Industrial,2018,109.49,,PJ,,,
ES,P_Gas_CCGT,Power,2018,123.952,,PJ,,,
ES,P_Gas_OCGT,Power,2018,0.262,,PJ,,,
ES,P_Biomass,Power,2018,19.267,,PJ,,,
ES,P_Coal_Hardcoal,Power,2018,136.983,,PJ,,,
ES,P_Oil,Power,2018,41.754,,PJ,,,
ES,P_Nuclear,Power,2018,190.191,,PJ,,,
ES,P_Coal_Lignite,Power,2018,0,,PJ,,,
ES,HLR_Heatpump_Aerial,Heat_Low_Residential,2018,3.466,,PJ,,,
ES,HLR_Heatpump_Ground,Heat_Low_Residential,2018,0.182,,PJ,,,
ES,HLR_Direct_Electric,Heat_Low_Residential,2018,31.063,,PJ,,,
ES,CHP_Coal_Hardcoal,Power,2018,2.337,,PJ,,,
ES,CHP_Oil,Power,2018,7.474,,PJ,,,
ES,CHP_Gas_CCGT_Natural,Power,2018,84.586,,PJ,,,
ES,CHP_Biomass_Solid,Power,2018,9.253,,PJ,,,
ES,CHP_Coal_Hardcoal,Heat_District,2018,3.177,,PJ,,,
ES,CHP_Oil,Heat_District,2018,10.159,,PJ,,,
ES,CHP_Gas_CCGT_Natural,Heat_District,2018,114.963,,PJ,,,
ES,CHP_Biomass_Solid,Heat_District,2018,12.576,,PJ,,,
FI,HLR_Biomass,Heat_Low_Residential,2018,44.76564,,PJ,European Commission: long-term renovation strategy 2020-2050 Finland,03.11.2023,Nikita Moskalenko <nim@wip.tu-berlin.de>
FI,HLR_Oil_Boiler,Heat_Low_Residential,2018,25.75779394,,PJ,European Commission: long-term renovation strategy 2020-2050 Finland,03.11.2023,Nikita Moskalenko <nim@wip.tu-berlin.de>
FI,HLI_Biomass,Heat_Low_Industrial,2018,2.554,,PJ,,,
FI,HLI_Hardcoal,Heat_Low_Industrial,2018,0.581,,PJ,,,
FI,HLI_Direct_Electric,Heat_Low_Industrial,2018,0,,PJ,,,
FI,HLI_Oil_Boiler,Heat_Low_Industrial,2018,0.661,,PJ,,,
FI,HMI_Biomass,Heat_Medium_Industrial,2018,105.535,,PJ,,,
FI,HMI_HardCoal,Heat_Medium_Industrial,2018,7.235,,PJ,,,
FI,HMI_Steam_Electric,Heat_Medium_Industrial,2018,0.422,,PJ,,,
FI,HMI_Oil,Heat_Medium_Industrial,2018,16.744,,PJ,,,
FI,*HHI_BF_BOF,Heat_High_Industrial,2018,13.104,,PJ,,,
FI,HHI_Bio_BF_BOF,Heat_High_Industrial,2018,2.032,,PJ,,,
FI,HHI_Scrap_EAF,Heat_High_Industrial,2018,2.009,,PJ,,,
FI,HHI_DRI_EAF,Heat_High_Industrial,2018,0.588,,PJ,,,
FI,P_Gas_CCGT,Power,2018,0.279,,PJ,,,
FI,P_Gas_OCGT,Power,2018,7.085,,PJ,,,
FI,P_Biomass,Power,2018,8.598,,PJ,,,
FI,P_Coal_Hardcoal,Power,2018,17.397,,PJ,,,
FI,P_Oil,Power,2018,0.403,,PJ,,,
FI,P_Nuclear,Power,2018,77.736,,PJ,,,
FI,HLR_Heatpump_Aerial,Heat_Low_Residential,2018,17.43128601,,PJ,"European Commission: long-term renovation strategy 2020-2050 Finland
SULPU: Cumulative Heat Pump Sales in Finland",03.11.2023,Nikita Moskalenko <nim@wip.tu-berlin.de>
FI,HLR_Heatpump_Ground,Heat_Low_Residential,2018,3.502546524,,PJ,"European Commission: long-term renovation strategy 2020-2050 Finland
SULPU: Cumulative Heat Pump Sales in Finland",03.11.2023,Nikita Moskalenko <nim@wip.tu-berlin.de>
FI,HLR_Direct_Electric,Heat_Low_Residential,2018,51.24559004,,PJ,European Commission: long-term renovation strategy 2020-2050 Finland,03.11.2023,Nikita Moskalenko <nim@wip.tu-berlin.de>
FI,CHP_Coal_Hardcoal,Power,2018,18.851,,PJ,,,
FI,CHP_Oil,Power,2018,0.428,,PJ,,,
FI,CHP_Gas_CCGT_Natural,Power,2018,8.014,,PJ,,,
FI,CHP_Biomass_Solid,Power,2018,51.691,,PJ,,,
FI,CHP_Coal_Hardcoal,Heat_District,2018,45.14101087,,PJ,"European Commission: long-term renovation strategy 2020-2050 Finland
UABIO: Biomass in district heating in Finland",03.11.2023,Nikita Moskalenko <nim@wip.tu-berlin.de>
FI,CHP_Oil,Heat_District,2018,2.02627979,,PJ,"European Commission: long-term renovation strategy 2020-2050 Finland
UABIO: Biomass in district heating in Finland",03.11.2023,Nikita Moskalenko <nim@wip.tu-berlin.de>
FI,CHP_Gas_CCGT_Natural,Heat_District,2018,18.57423141,,PJ,"European Commission: long-term renovation strategy 2020-2050 Finland
UABIO: Biomass in district heating in Finland",03.11.2023,Nikita Moskalenko <nim@wip.tu-berlin.de>
FI,CHP_Biomass_Solid,Heat_District,2018,41.87644899,,PJ,"European Commission: long-term renovation strategy 2020-2050 Finland
UABIO: Biomass in district heating in Finland",03.11.2023,Nikita Moskalenko <nim@wip.tu-berlin.de>
FR,HLR_Biomass,Heat_Low_Residential,2018,252.297,,PJ,,,
FR,HLR_Hardcoal,Heat_Low_Residential,2018,11.715,,PJ,,,
FR,HLR_Oil_Boiler,Heat_Low_Residential,2018,284.732,,PJ,,,
FR,HLI_Biomass,Heat_Low_Industrial,2018,3.947,,PJ,,,
FR,HLI_Hardcoal,Heat_Low_Industrial,2018,3.243,,PJ,,,
FR,HLI_Direct_Electric,Heat_Low_Industrial,2018,0.245,,PJ,,,
FR,HLI_Oil_Boiler,Heat_Low_Industrial,2018,4.799,,PJ,,,
FR,*HLI_Gas_Boiler,Heat_Low_Industrial,2018,13.217,,PJ,,,
FR,*HLI_Convert_DH,Heat_Low_Industrial,2018,3.135,,PJ,,,
FR,HMI_Biomass,Heat_Medium_Industrial,2018,25.928,,PJ,,,
FR,HMI_HardCoal,Heat_Medium_Industrial,2018,11.782,,PJ,,,
FR,HMI_Steam_Electric,Heat_Medium_Industrial,2018,4.86,,PJ,,,
FR,HMI_Oil,Heat_Medium_Industrial,2018,34.854,,PJ,,,
FR,*HHI_BF_BOF,Heat_High_Industrial,2018,98.392,,PJ,,,
FR,HHI_Bio_BF_BOF,Heat_High_Industrial,2018,6.043,,PJ,,,
FR,HHI_Scrap_EAF,Heat_High_Industrial,2018,11.667,,PJ,,,
FR,HHI_DRI_EAF,Heat_High_Industrial,2018,93.681,,PJ,,,
FR,P_Gas_CCGT,Power,2018,77,,PJ,,,
FR,P_Gas_Engines,Power,2018,0.265,,PJ,,,
FR,P_Gas_OCGT,Power,2018,1.007,,PJ,,,
FR,P_Biomass,Power,2018,29.951,,PJ,,,
FR,P_Coal_Hardcoal,Power,2018,35.413,,PJ,,,
FR,P_Oil,Power,2018,17.821,,PJ,,,
FR,P_Nuclear,Power,2018,1486.591,,PJ,,,
FR,HLR_Heatpump_Aerial,Heat_Low_Residential,2018,70.062,,PJ,,,
FR,HLR_Heatpump_Ground,Heat_Low_Residential,2018,3.687,,PJ,,,
FR,HLR_Direct_Electric,Heat_Low_Residential,2018,167.368,,PJ,,,
FR,CHP_Coal_Hardcoal,Power,2018,2.541,,PJ,,,
FR,CHP_Oil,Power,2018,2.763,,PJ,,,
FR,CHP_Gas_CCGT_Natural,Power,2018,31.888,,PJ,,,
FR,CHP_Biomass_Solid,Power,2018,18.717,,PJ,,,
FR,CHP_Coal_Hardcoal,Heat_District,2018,7.207,,PJ,,,
FR,CHP_Oil,Heat_District,2018,7.836,,PJ,,,
FR,CHP_Gas_CCGT_Natural,Heat_District,2018,90.425,,PJ,,,
FR,CHP_Biomass_Solid,Heat_District,2018,53.077,,PJ,,,
GR,HLR_Biomass,Heat_Low_Residential,2018,36.741,,PJ,,,
GR,HLR_Hardcoal,Heat_Low_Residential,2018,0.862,,PJ,,,
GR,HLR_Oil_Boiler,Heat_Low_Residential,2018,70.959,,PJ,,,
GR,HLI_Biomass,Heat_Low_Industrial,2018,2.898,,PJ,,,
GR,HLI_Hardcoal,Heat_Low_Industrial,2018,0.488,,PJ,,,
GR,HLI_Direct_Electric,Heat_Low_Industrial,2018,0.004,,PJ,,,
GR,HLI_Oil_Boiler,Heat_Low_Industrial,2018,1.257,,PJ,,,
GR,*HLI_Gas_Boiler,Heat_Low_Industrial,2018,0.643,,PJ,,,
GR,*HLI_Convert_DH,Heat_Low_Industrial,2018,0,,PJ,,,
GR,HMI_Biomass,Heat_Medium_Industrial,2018,2.547,,PJ,,,
GR,HMI_HardCoal,Heat_Medium_Industrial,2018,1.738,,PJ,,,
GR,HMI_Steam_Electric,Heat_Medium_Industrial,2018,0.041,,PJ,,,
GR,HMI_Oil,Heat_Medium_Industrial,2018,8.46,,PJ,,,
GR,*HHI_BF_BOF,Heat_High_Industrial,2018,3.793,,PJ,,,
GR,HHI_Bio_BF_BOF,Heat_High_Industrial,2018,0.602,,PJ,,,
GR,HHI_Scrap_EAF,Heat_High_Industrial,2018,2.182,,PJ,,,
GR,HHI_DRI_EAF,Heat_High_Industrial,2018,5.924,,PJ,,,
GR,P_Gas_CCGT,Power,2018,45.578,,PJ,,,
GR,P_Gas_OCGT,Power,2018,0.856,,PJ,,,
GR,P_Biomass,Power,2018,1.668,,PJ,,,
GR,P_Oil,Power,2018,15.974,,PJ,,,
GR,P_Coal_Lignite,Power,2018,60.477,,PJ,,,
GR,HLR_Heatpump_Aerial,Heat_Low_Residential,2018,4.72,,PJ,,,
GR,HLR_Heatpump_Ground,Heat_Low_Residential,2018,0.248,,PJ,,,
GR,HLR_Direct_Electric,Heat_Low_Residential,2018,2.734,,PJ,,,
GR,CHP_Coal_Hardcoal,Power,2018,1.019,,PJ,,,
GR,CHP_Oil,Power,2018,2.669,,PJ,,,
GR,CHP_Gas_CCGT_Natural,Power,2018,3.966,,PJ,,,
GR,CHP_Biomass_Solid,Power,2018,0.048,,PJ,,,
GR,CHP_Coal_Hardcoal,Heat_District,2018,2.07,,PJ,,,
GR,CHP_Oil,Heat_District,2018,5.424,,PJ,,,
GR,CHP_Gas_CCGT_Natural,Heat_District,2018,8.059,,PJ,,,
GR,CHP_Biomass_Solid,Heat_District,2018,0.098,,PJ,,,
HR,HLR_Biomass,Heat_Low_Residential,2018,16.202,,PJ,,,
HR,HLR_Hardcoal,Heat_Low_Residential,2018,0.523,,PJ,,,
HR,HLR_Oil_Boiler,Heat_Low_Residential,2018,7.604,,PJ,,,
HR,HLI_Biomass,Heat_Low_Industrial,2018,0.129,,PJ,,,
HR,HLI_Hardcoal,Heat_Low_Industrial,2018,0.3,,PJ,,,
HR,HLI_Direct_Electric,Heat_Low_Industrial,2018,0.04,,PJ,,,
HR,HLI_Oil_Boiler,Heat_Low_Industrial,2018,0.415,,PJ,,,
HR,*HLI_Gas_Boiler,Heat_Low_Industrial,2018,1.346,,PJ,,,
HR,*HLI_Convert_DH,Heat_Low_Industrial,2018,1.161,,PJ,,,
HR,HMI_Biomass,Heat_Medium_Industrial,2018,1.598,,PJ,,,
HR,HMI_HardCoal,Heat_Medium_Industrial,2018,1.079,,PJ,,,
HR,HMI_Steam_Electric,Heat_Medium_Industrial,2018,0.137,,PJ,,,
HR,HMI_Oil,Heat_Medium_Industrial,2018,3.469,,PJ,,,
HR,*HHI_BF_BOF,Heat_High_Industrial,2018,2.61,,PJ,,,
HR,HHI_Bio_BF_BOF,Heat_High_Industrial,2018,0.023,,PJ,,,
HR,HHI_Scrap_EAF,Heat_High_Industrial,2018,0.015,,PJ,,,
HR,HHI_DRI_EAF,Heat_High_Industrial,2018,5.072,,PJ,,,
HR,P_Gas_CCGT,Power,2018,2.703,,PJ,,,
HR,P_Biomass,Power,2018,1.857,,PJ,,,
HR,P_Coal_Hardcoal,Power,2018,4.537,,PJ,,,
HR,P_Oil,Power,2018,0.171,,PJ,,,
HR,HLR_Heatpump_Aerial,Heat_Low_Residential,2018,0.001,,PJ,,,
HR,HLR_Heatpump_Ground,Heat_Low_Residential,2018,0,,PJ,,,
HR,HLR_Direct_Electric,Heat_Low_Residential,2018,2.602,,PJ,,,
HR,CHP_Coal_Hardcoal,Power,2018,0.113,,PJ,,,
HR,CHP_Oil,Power,2018,0.57,,PJ,,,
HR,CHP_Gas_CCGT_Natural,Power,2018,5.379,,PJ,,,
HR,CHP_Biomass_Solid,Power,2018,1.115,,PJ,,,
HR,CHP_Coal_Hardcoal,Heat_District,2018,0.247,,PJ,,,
HR,CHP_Oil,Heat_District,2018,1.251,,PJ,,,
HR,CHP_Gas_CCGT_Natural,Heat_District,2018,11.809,,PJ,,,
HR,CHP_Biomass_Solid,Heat_District,2018,2.447,,PJ,,,
HU,HLR_Biomass,Heat_Low_Residential,2018,31.724,,PJ,,,
HU,HLR_Hardcoal,Heat_Low_Residential,2018,5.898,,PJ,,,
HU,HLR_Oil_Boiler,Heat_Low_Residential,2018,0.399,,PJ,,,
HU,HLI_Biomass,Heat_Low_Industrial,2018,1.005,,PJ,,,
HU,HLI_Hardcoal,Heat_Low_Industrial,2018,0.163,,PJ,,,
HU,HLI_Direct_Electric,Heat_Low_Industrial,2018,0.071,,PJ,,,
HU,HLI_Oil_Boiler,Heat_Low_Industrial,2018,0.053,,PJ,,,
HU,*HLI_Gas_Boiler,Heat_Low_Industrial,2018,2.089,,PJ,,,
HU,*HLI_Convert_DH,Heat_Low_Industrial,2018,12.219,,PJ,,,
HU,HMI_Biomass,Heat_Medium_Industrial,2018,1.609,,PJ,,,
HU,HMI_HardCoal,Heat_Medium_Industrial,2018,0.908,,PJ,,,
HU,HMI_Steam_Electric,Heat_Medium_Industrial,2018,0.366,,PJ,,,
HU,HMI_Oil,Heat_Medium_Industrial,2018,0.205,,PJ,,,
HU,*HHI_BF_BOF,Heat_High_Industrial,2018,14.435,,PJ,,,
HU,HHI_Bio_BF_BOF,Heat_High_Industrial,2018,0.252,,PJ,,,
HU,HHI_Scrap_EAF,Heat_High_Industrial,2018,0.243,,PJ,,,
HU,HHI_DRI_EAF,Heat_High_Industrial,2018,12.55,,PJ,,,
HU,P_Gas_CCGT,Power,2018,6,,PJ,,,
HU,P_Gas_Engines,Power,2018,2.811,,PJ,,,
HU,P_Gas_OCGT,Power,2018,6.52,,PJ,,,
HU,P_Biomass,Power,2018,3.579,,PJ,,,
HU,P_Oil,Power,2018,0.259,,PJ,,,
HU,P_Nuclear,Power,2018,53.658,,PJ,,,
HU,P_Coal_Lignite,Power,2018,17.828,,PJ,,,
HU,HLR_Heatpump_Aerial,Heat_Low_Residential,2018,0.001,,PJ,,,
HU,HLR_Heatpump_Ground,Heat_Low_Residential,2018,0,,PJ,,,
HU,HLR_Direct_Electric,Heat_Low_Residential,2018,5.661,,PJ,,,
HU,CHP_Coal_Hardcoal,Power,2018,1.303,,PJ,,,
HU,CHP_Oil,Power,2018,0.003,,PJ,,,
HU,CHP_Gas_CCGT_Natural,Power,2018,10.787,,PJ,,,
HU,CHP_Biomass_Solid,Power,2018,2.232,,PJ,,,
HU,CHP_Coal_Hardcoal,Heat_District,2018,2.082,,PJ,,,
HU,CHP_Oil,Heat_District,2018,0.004,,PJ,,,
HU,CHP_Gas_CCGT_Natural,Heat_District,2018,17.24,,PJ,,,
HU,CHP_Biomass_Solid,Heat_District,2018,3.566,,PJ,,,
IE,HLR_Biomass,Heat_Low_Residential,2018,2.069,,PJ,,,
IE,HLR_Hardcoal,Heat_Low_Residential,2018,21.028,,PJ,,,
IE,HLR_Oil_Boiler,Heat_Low_Residential,2018,59.254,,PJ,,,
IE,HLI_Biomass,Heat_Low_Industrial,2018,1.187,,PJ,,,
IE,HLI_Hardcoal,Heat_Low_Industrial,2018,0.033,,PJ,,,
IE,HLI_Direct_Electric,Heat_Low_Industrial,2018,0.042,,PJ,,,
IE,HLI_Oil_Boiler,Heat_Low_Industrial,2018,1.125,,PJ,,,
IE,*HLI_Gas_Boiler,Heat_Low_Industrial,2018,1.878,,PJ,,,
IE,*HLI_Convert_DH,Heat_Low_Industrial,2018,0,,PJ,,,
IE,HMI_Biomass,Heat_Medium_Industrial,2018,4.331,,PJ,,,
IE,HMI_HardCoal,Heat_Medium_Industrial,2018,1.094,,PJ,,,
IE,HMI_Steam_Electric,Heat_Medium_Industrial,2018,0.285,,PJ,,,
IE,HMI_Oil,Heat_Medium_Industrial,2018,9.527,,PJ,,,
IE,*HHI_BF_BOF,Heat_High_Industrial,2018,1.774,,PJ,,,
IE,HHI_Bio_BF_BOF,Heat_High_Industrial,2018,0.117,,PJ,,,
IE,HHI_Scrap_EAF,Heat_High_Industrial,2018,0,,PJ,,,
IE,HHI_DRI_EAF,Heat_High_Industrial,2018,8.902,,PJ,,,
IE,P_Gas_CCGT,Power,2018,42.812,,PJ,,,
IE,P_Gas_Engines,Power,2018,0.08,,PJ,,,
IE,P_Gas_OCGT,Power,2018,7.49,,PJ,,,
IE,P_Biomass,Power,2018,2.905,,PJ,,,
IE,P_Coal_Hardcoal,Power,2018,13.784,,PJ,,,
IE,P_Oil,Power,2018,0.402,,PJ,,,
IE,HLR_Heatpump_Aerial,Heat_Low_Residential,2018,1.442,,PJ,,,
IE,HLR_Heatpump_Ground,Heat_Low_Residential,2018,0.076,,PJ,,,
IE,HLR_Direct_Electric,Heat_Low_Residential,2018,5.765,,PJ,,,
IE,CHP_Coal_Hardcoal,Power,2018,0.192,,PJ,,,
IE,CHP_Gas_CCGT_Natural,Power,2018,7.218,,PJ,,,
IE,CHP_Biomass_Solid,Power,2018,0.248,,PJ,,,
IE,CHP_Coal_Hardcoal,Heat_District,2018,0.29,,PJ,,,
IE,CHP_Gas_CCGT_Natural,Heat_District,2018,10.936,,PJ,,,
IE,CHP_Biomass_Solid,Heat_District,2018,0.375,,PJ,,,
IE,CHP_Oil,Heat_District,2018,0,,PJ,,,
IE,CHP_Oil,Power,2018,0,,PJ,,,
IT,HLR_Biomass,Heat_Low_Residential,2018,297.14,,PJ,,,
IT,HLR_Hardcoal,Heat_Low_Residential,2018,3.156,,PJ,,,
IT,HLR_Oil_Boiler,Heat_Low_Residential,2018,78.129,,PJ,,,
IT,HLI_Biomass,Heat_Low_Industrial,2018,0.87,,PJ,,,
IT,HLI_Hardcoal,Heat_Low_Industrial,2018,0.327,,PJ,,,
IT,HLI_Direct_Electric,Heat_Low_Industrial,2018,0.536,,PJ,,,
IT,HLI_Oil_Boiler,Heat_Low_Industrial,2018,3.423,,PJ,,,
IT,*HLI_Gas_Boiler,Heat_Low_Industrial,2018,7.232,,PJ,,,
IT,*HLI_Convert_DH,Heat_Low_Industrial,2018,60.231,,PJ,,,
IT,HMI_Biomass,Heat_Medium_Industrial,2018,4.648,,PJ,,,
IT,HMI_HardCoal,Heat_Medium_Industrial,2018,5.346,,PJ,,,
IT,HMI_Steam_Electric,Heat_Medium_Industrial,2018,5.968,,PJ,,,
IT,HMI_Oil,Heat_Medium_Industrial,2018,32.71,,PJ,,,
IT,*HHI_BF_BOF,Heat_High_Industrial,2018,91.599,,PJ,,,
IT,HHI_Bio_BF_BOF,Heat_High_Industrial,2018,2.12,,PJ,,,
IT,HHI_Scrap_EAF,Heat_High_Industrial,2018,28.709,,PJ,,,
IT,HHI_DRI_EAF,Heat_High_Industrial,2018,108.049,,PJ,,,
IT,P_Gas_CCGT,Power,2018,327.9456,,PJ,,,
IT,P_Gas_Engines,Power,2018,1.229,,PJ,,,
IT,P_Gas_OCGT,Power,2018,39.254,,PJ,,,
IT,P_Biomass,Power,2018,60.061,,PJ,,,
IT,P_Coal_Hardcoal,Power,2018,108.854,,PJ,,,
IT,P_Oil,Power,2018,27.204,,PJ,,,
IT,HLR_Heatpump_Aerial,Heat_Low_Residential,2018,113.314,,PJ,,,
IT,HLR_Heatpump_Ground,Heat_Low_Residential,2018,5.964,,PJ,,,
IT,HLR_Direct_Electric,Heat_Low_Residential,2018,49.945,,PJ,,,
IT,CHP_Coal_Hardcoal,Power,2018,2.588,,PJ,,,
IT,CHP_Oil,Power,2018,12.5,,PJ,,,
IT,CHP_Gas_CCGT_Natural,Power,2018,94.301,,PJ,,,
IT,CHP_Biomass_Solid,Power,2018,23.002,,PJ,,,
IT,CHP_Coal_Hardcoal,Heat_District,2018,3.887,,PJ,,,
IT,CHP_Oil,Heat_District,2018,18.774,,PJ,,,
IT,CHP_Gas_CCGT_Natural,Heat_District,2018,141.628,,PJ,,,
IT,CHP_Biomass_Solid,Heat_District,2018,34.546,,PJ,,,
LT,HLR_Biomass,Heat_Low_Residential,2018,25.738,,PJ,,,
LT,HLR_Hardcoal,Heat_Low_Residential,2018,5.086,,PJ,,,
LT,HLR_Oil_Boiler,Heat_Low_Residential,2018,0.923,,PJ,,,
LT,HLI_Biomass,Heat_Low_Industrial,2018,0.277,,PJ,,,
LT,HLI_Hardcoal,Heat_Low_Industrial,2018,0.114,,PJ,,,
LT,HLI_Direct_Electric,Heat_Low_Industrial,2018,0.012,,PJ,,,
LT,HLI_Oil_Boiler,Heat_Low_Industrial,2018,0.131,,PJ,,,
LT,*HLI_Gas_Boiler,Heat_Low_Industrial,2018,0.487,,PJ,,,
LT,*HLI_Convert_DH,Heat_Low_Industrial,2018,6.393,,PJ,,,
LT,HMI_Biomass,Heat_Medium_Industrial,2018,2.343,,PJ,,,
LT,HMI_HardCoal,Heat_Medium_Industrial,2018,1.273,,PJ,,,
LT,HMI_Steam_Electric,Heat_Medium_Industrial,2018,0.091,,PJ,,,
LT,HMI_Oil,Heat_Medium_Industrial,2018,0.433,,PJ,,,
LT,*HHI_BF_BOF,Heat_High_Industrial,2018,2.382,,PJ,,,
LT,HHI_Bio_BF_BOF,Heat_High_Industrial,2018,0.268,,PJ,,,
LT,HHI_Scrap_EAF,Heat_High_Industrial,2018,0.002,,PJ,,,
LT,HHI_DRI_EAF,Heat_High_Industrial,2018,3.631,,PJ,,,
LT,P_Gas_CCGT,Power,2018,0.177,,PJ,,,
LT,P_Gas_Engines,Power,2018,0.233,,PJ,,,
LT,P_Oil,Power,2018,0.378,,PJ,,,
LT,HLR_Heatpump_Aerial,Heat_Low_Residential,2018,0.001,,PJ,,,
LT,HLR_Heatpump_Ground,Heat_Low_Residential,2018,0,,PJ,,,
LT,HLR_Direct_Electric,Heat_Low_Residential,2018,0.403,,PJ,,,
LT,CHP_Oil,Power,2018,0.496,,PJ,,,
LT,CHP_Gas_CCGT_Natural,Power,2018,0.713,,PJ,,,
LT,CHP_Biomass_Solid,Power,2018,1.731,,PJ,,,
LT,CHP_Oil,Heat_District,2018,1.524,,PJ,,,
LT,CHP_Gas_CCGT_Natural,Heat_District,2018,2.188,,PJ,,,
LT,CHP_Biomass_Solid,Heat_District,2018,5.314,,PJ,,,
LT,CHP_Coal_Hardcoal,Heat_District,2018,0,,PJ,,,
LT,CHP_Coal_Hardcoal,Power,2018,0,,PJ,,,
LU,HLR_Biomass,Heat_Low_Residential,2018,0.974,,PJ,,,
LU,HLR_Hardcoal,Heat_Low_Residential,2018,0.026,,PJ,,,
LU,HLR_Oil_Boiler,Heat_Low_Residential,2018,11.416,,PJ,,,
LU,HLI_Biomass,Heat_Low_Industrial,2018,0.04,,PJ,,,
LU,HLI_Hardcoal,Heat_Low_Industrial,2018,0.01,,PJ,,,
LU,HLI_Direct_Electric,Heat_Low_Industrial,2018,0.02,,PJ,,,
LU,HLI_Oil_Boiler,Heat_Low_Industrial,2018,0.023,,PJ,,,
LU,*HLI_Gas_Boiler,Heat_Low_Industrial,2018,0.043,,PJ,,,
LU,*HLI_Convert_DH,Heat_Low_Industrial,2018,0.064,,PJ,,,
LU,HMI_Biomass,Heat_Medium_Industrial,2018,0.542,,PJ,,,
LU,HMI_HardCoal,Heat_Medium_Industrial,2018,0.682,,PJ,,,
LU,HMI_Steam_Electric,Heat_Medium_Industrial,2018,0.229,,PJ,,,
LU,HMI_Oil,Heat_Medium_Industrial,2018,0.188,,PJ,,,
LU,*HHI_BF_BOF,Heat_High_Industrial,2018,0.908,,PJ,,,
LU,HHI_Bio_BF_BOF,Heat_High_Industrial,2018,0.103,,PJ,,,
LU,HHI_Scrap_EAF,Heat_High_Industrial,2018,3.677,,PJ,,,
LU,HHI_DRI_EAF,Heat_High_Industrial,2018,5.103,,PJ,,,
LU,P_Biomass,Power,2018,0.818,,PJ,,,
LU,HLR_Heatpump_Aerial,Heat_Low_Residential,2018,0.063,,PJ,,,
LU,HLR_Heatpump_Ground,Heat_Low_Residential,2018,0.003,,PJ,,,
LU,HLR_Direct_Electric,Heat_Low_Residential,2018,0.956,,PJ,,,
LU,CHP_Gas_CCGT_Natural,Power,2018,0.631,,PJ,,,
LU,CHP_Biomass_Solid,Power,2018,0.686,,PJ,,,
LU,CHP_Gas_CCGT_Natural,Heat_District,2018,1.397,,PJ,,,
LU,CHP_Biomass_Solid,Heat_District,2018,1.519,,PJ,,,
LU,CHP_Oil,Heat_District,2018,0,,PJ,,,
LU,CHP_Oil,Power,2018,0,,PJ,,,
LU,CHP_Coal_Hardcoal,Heat_District,2018,0,,PJ,,,
LU,CHP_Coal_Hardcoal,Power,2018,0,,PJ,,,
LV,HLR_Biomass,Heat_Low_Residential,2018,28.486,,PJ,,,
LV,HLR_Hardcoal,Heat_Low_Residential,2018,1.061,,PJ,,,
LV,HLR_Oil_Boiler,Heat_Low_Residential,2018,3.254,,PJ,,,
LV,HLI_Biomass,Heat_Low_Industrial,2018,1.044,,PJ,,,
LV,HLI_Hardcoal,Heat_Low_Industrial,2018,0.013,,PJ,,,
LV,HLI_Direct_Electric,Heat_Low_Industrial,2018,0.006,,PJ,,,
LV,HLI_Oil_Boiler,Heat_Low_Industrial,2018,0.088,,PJ,,,
LV,*HLI_Gas_Boiler,Heat_Low_Industrial,2018,0.015,,PJ,,,
LV,*HLI_Convert_DH,Heat_Low_Industrial,2018,0.047,,PJ,,,
LV,HMI_Biomass,Heat_Medium_Industrial,2018,9.153,,PJ,,,
LV,HMI_HardCoal,Heat_Medium_Industrial,2018,0.341,,PJ,,,
LV,HMI_Steam_Electric,Heat_Medium_Industrial,2018,0.079,,PJ,,,
LV,HMI_Oil,Heat_Medium_Industrial,2018,0.909,,PJ,,,
LV,*HHI_BF_BOF,Heat_High_Industrial,2018,1.351,,PJ,,,
LV,HHI_Bio_BF_BOF,Heat_High_Industrial,2018,0.185,,PJ,,,
LV,HHI_Scrap_EAF,Heat_High_Industrial,2018,1.484,,PJ,,,
LV,HHI_DRI_EAF,Heat_High_Industrial,2018,2.066,,PJ,,,
LV,HLR_Heatpump_Aerial,Heat_Low_Residential,2018,0.001,,PJ,,,
LV,HLR_Heatpump_Ground,Heat_Low_Residential,2018,0,,PJ,,,
LV,HLR_Direct_Electric,Heat_Low_Residential,2018,0.475,,PJ,,,
LV,CHP_Coal_Hardcoal,Power,2018,0.056,,PJ,,,
LV,CHP_Gas_CCGT_Natural,Power,2018,6.168,,PJ,,,
LV,CHP_Biomass_Solid,Power,2018,4.838,,PJ,,,
LV,CHP_Coal_Hardcoal,Heat_District,2018,0.077,,PJ,,,
LV,CHP_Gas_CCGT_Natural,Heat_District,2018,8.443,,PJ,,,
LV,CHP_Biomass_Solid,Heat_District,2018,6.622,,PJ,,,
LV,P_Gas_CCGT,Power,2018,5.448,,PJ,,,
NL,HLR_Biomass,Heat_Low_Residential,2018,13.843,,PJ,,,
NL,HLR_Hardcoal,Heat_Low_Residential,2018,0.979,,PJ,,,
NL,HLR_Oil_Boiler,Heat_Low_Residential,2018,11.44,,PJ,,,
NL,HLI_Biomass,Heat_Low_Industrial,2018,0.448,,PJ,,,
NL,HLI_Hardcoal,Heat_Low_Industrial,2018,0.423,,PJ,,,
NL,HLI_Direct_Electric,Heat_Low_Industrial,2018,0.098,,PJ,,,
NL,HLI_Oil_Boiler,Heat_Low_Industrial,2018,0.128,,PJ,,,
NL,*HLI_Gas_Boiler,Heat_Low_Industrial,2018,10.336,,PJ,,,
NL,*HLI_Convert_DH,Heat_Low_Industrial,2018,30.762,,PJ,,,
NL,HMI_Biomass,Heat_Medium_Industrial,2018,2.294,,PJ,,,
NL,HMI_HardCoal,Heat_Medium_Industrial,2018,2.49,,PJ,,,
NL,HMI_Steam_Electric,Heat_Medium_Industrial,2018,1.641,,PJ,,,
NL,HMI_Oil,Heat_Medium_Industrial,2018,9.432,,PJ,,,
NL,*HHI_BF_BOF,Heat_High_Industrial,2018,46,,PJ,,,
NL,HHI_Bio_BF_BOF,Heat_High_Industrial,2018,0.068,,PJ,,,
NL,HHI_Scrap_EAF,Heat_High_Industrial,2018,0.828,,PJ,,,
NL,HHI_DRI_EAF,Heat_High_Industrial,2018,66.14,,PJ,,,
NL,P_Gas_CCGT,Power,2018,109.9998,,PJ,,,
NL,P_Gas_Engines,Power,2018,1.51,,PJ,,,
NL,P_Biomass,Power,2018,18.281,,PJ,,,
NL,P_Coal_Hardcoal,Power,2018,105.841,,PJ,,,
NL,P_Nuclear,Power,2018,11.987,,PJ,,,
NL,HLR_Heatpump_Aerial,Heat_Low_Residential,2018,6.141,,PJ,,,
NL,HLR_Heatpump_Ground,Heat_Low_Residential,2018,0.323,,PJ,,,
NL,HLR_Direct_Electric,Heat_Low_Residential,2018,7.365,,PJ,,,
NL,CHP_Coal_Hardcoal,Power,2018,3.232,,PJ,,,
NL,CHP_Oil,Power,2018,4.461,,PJ,,,
NL,CHP_Gas_CCGT_Natural,Power,2018,90.465,,PJ,,,
NL,CHP_Biomass_Solid,Power,2018,9.873,,PJ,,,
NL,CHP_Coal_Hardcoal,Heat_District,2018,5.004,,PJ,,,
NL,CHP_Oil,Heat_District,2018,6.905,,PJ,,,
NL,CHP_Gas_CCGT_Natural,Heat_District,2018,140.044,,PJ,,,
NL,CHP_Biomass_Solid,Heat_District,2018,15.284,,PJ,,,
NL,P_Gas_OCGT,Power,2018,5,,PJ,,,
NO,HLR_Biomass,Heat_Low_Residential,2018,30.174,,PJ,,,
NO,HLR_Hardcoal,Heat_Low_Residential,2018,0,,PJ,,,
NO,HLR_Oil_Boiler,Heat_Low_Residential,2018,2.6925,,PJ,,,
NO,HLI_Biomass,Heat_Low_Industrial,2018,15.1,,PJ,,,
NO,HLI_Hardcoal,Heat_Low_Industrial,2018,0,,PJ,,,
NO,HLI_Direct_Electric,Heat_Low_Industrial,2018,27.36,,PJ,,,
NO,HLI_Oil_Boiler,Heat_Low_Industrial,2018,13.68,,PJ,,,
NO,HLI_Gas_Boiler,Heat_Low_Industrial,2018,12.58,,PJ,,,
NO,*HLI_Convert_DH,Heat_Low_Industrial,2018,0.603,,PJ,,,
NO,HMI_Biomass,Heat_Medium_Industrial,2018,8.991,,PJ,,,
NO,HMI_HardCoal,Heat_Medium_Industrial,2018,1.367,,PJ,,,
NO,HMI_Steam_Electric,Heat_Medium_Industrial,2018,0.2,,PJ,,,
NO,HMI_Oil,Heat_Medium_Industrial,2018,9.455,,PJ,,,
NO,*HHI_BF_BOF,Heat_High_Industrial,2018,17.766,,PJ,,,
NO,HHI_Bio_BF_BOF,Heat_High_Industrial,2018,1.435,,PJ,,,
NO,HHI_Scrap_EAF,Heat_High_Industrial,2018,3.669,,PJ,,,
NO,HHI_DRI_EAF,Heat_High_Industrial,2018,4.293,,PJ,,,
NO,CHP_Gas_CCGT_Natural,Power,2018,8.375,,PJ,,,
NO,P_Gas_OCGT,Power,2018,3.395,,PJ,,,
NO,CHP_Biomass_Solid,Power,2018,0.856,,PJ,,,
NO,HLR_Heatpump_Aerial,Heat_Low_Residential,2018,15.367,,PJ,,,
NO,HLR_Heatpump_Ground,Heat_Low_Residential,2018,0.809,,PJ,,,
NO,HLR_Direct_Electric,Heat_Low_Residential,2018,133.584,,PJ,,,
NONEU_Balkan,HLR_Direct_Electric,Heat_Low_Residential,2018,58.591,,PJ,Eurostat Database: Disaggregated Final Consumption in Households,08.11.2023,Nikita Moskalenko <nim@wip.tu-berlin.de>
NONEU_Balkan,P_Coal_Lignite,Power,2018,172.494,,PJ,,,
NONEU_Balkan,P_Gas,Power,2018,0.659,,PJ,,,
NONEU_Balkan,HLR_Hardcoal,Heat_Low_Residential,2018,15.563,,PJ,Eurostat Database: Disaggregated Final Consumption in Households,08.11.2023,Nikita Moskalenko <nim@wip.tu-berlin.de>
NONEU_Balkan,HLR_Oil_Boiler,Heat_Low_Residential,2018,6.58,,PJ,Eurostat Database: Disaggregated Final Consumption in Households,08.11.2023,Nikita Moskalenko <nim@wip.tu-berlin.de>
NONEU_Balkan,HLR_Biomass,Heat_Low_Residential,2018,112.78,,PJ,Eurostat Database: Disaggregated Final Consumption in Households,08.11.2023,Nikita Moskalenko <nim@wip.tu-berlin.de>
NONEU_Balkan,HHI_DRI_EAF,Heat_High_Industrial,2018,1.36,,PJ,,,
NONEU_Balkan,HHI_Scrap_EAF,Heat_High_Industrial,2018,0.018,,PJ,,,
NONEU_Balkan,HLI_Biomass,Heat_Low_Industrial,2018,1.812,,PJ,,,
NONEU_Balkan,HLI_Direct_Electric,Heat_Low_Industrial,2018,0.341,,PJ,,,
NONEU_Balkan,HLI_Hardcoal,Heat_Low_Industrial,2018,0.255,,PJ,,,
NONEU_Balkan,HLI_Lignite,Heat_Low_Industrial,2018,0.997,,PJ,,,
NONEU_Balkan,HLI_Oil_Boiler,Heat_Low_Industrial,2018,3.595,,PJ,,,
NONEU_Balkan,HMI_Biomass,Heat_Medium_Industrial,2018,1.978,,PJ,,,
NONEU_Balkan,HMI_HardCoal,Heat_Medium_Industrial,2018,2.624,,PJ,,,
NONEU_Balkan,HMI_Oil,Heat_Medium_Industrial,2018,7.658,,PJ,,,
NONEU_Balkan,HMI_Steam_Electric,Heat_Medium_Industrial,2018,0.418,,PJ,,,
PL,HLR_Biomass,Heat_Low_Residential,2018,90.223,,PJ,,,
PL,HLR_Hardcoal,Heat_Low_Residential,2018,326.254,,PJ,,,
PL,HLR_Oil_Boiler,Heat_Low_Residential,2018,22.446,,PJ,,,
PL,HLI_Biomass,Heat_Low_Industrial,2018,2.737,,PJ,,,
PL,HLI_Hardcoal,Heat_Low_Industrial,2018,14.157,,PJ,,,
PL,HLI_Direct_Electric,Heat_Low_Industrial,2018,0.313,,PJ,,,
PL,HLI_Oil_Boiler,Heat_Low_Industrial,2018,2.464,,PJ,,,
PL,*HLI_Gas_Boiler,Heat_Low_Industrial,2018,12.039,,PJ,,,
PL,*HLI_Convert_DH,Heat_Low_Industrial,2018,20.045,,PJ,,,
PL,HMI_Biomass,Heat_Medium_Industrial,2018,35.697,,PJ,,,
PL,HMI_HardCoal,Heat_Medium_Industrial,2018,37.768,,PJ,,,
PL,HMI_Steam_Electric,Heat_Medium_Industrial,2018,2.051,,PJ,,,
PL,HMI_Oil,Heat_Medium_Industrial,2018,14.977,,PJ,,,
PL,*HHI_BF_BOF,Heat_High_Industrial,2018,93.401,,PJ,,,
PL,HHI_Bio_BF_BOF,Heat_High_Industrial,2018,0.724,,PJ,,,
PL,HHI_Scrap_EAF,Heat_High_Industrial,2018,9.024,,PJ,,,
PL,HHI_DRI_EAF,Heat_High_Industrial,2018,56.753,,PJ,,,
PL,P_Biomass,Power,2018,18.262,,PJ,,,
PL,P_Coal_Hardcoal,Power,2018,218.844,,PJ,,,
PL,P_Coal_Lignite,Power,2018,177.114,,PJ,,,
PL,HLR_Heatpump_Aerial,Heat_Low_Residential,2018,0.409,,PJ,,,
PL,HLR_Heatpump_Ground,Heat_Low_Residential,2018,0.022,,PJ,,,
PL,HLR_Direct_Electric,Heat_Low_Residential,2018,9.601,,PJ,,,
PL,CHP_Coal_Hardcoal,Power,2018,68.934,,PJ,,,
PL,CHP_Oil,Power,2018,7.267,,PJ,,,
PL,CHP_Gas_CCGT_Natural,Power,2018,12.769,,PJ,,,
PL,CHP_Biomass_Solid,Power,2018,13.392,,PJ,,,
PL,CHP_Coal_Hardcoal,Heat_District,2018,164.052,,PJ,,,
PL,CHP_Oil,Heat_District,2018,17.295,,PJ,,,
PL,CHP_Gas_CCGT_Natural,Heat_District,2018,30.389,,PJ,,,
PL,CHP_Biomass_Solid,Heat_District,2018,31.872,,PJ,,,
PT,HLR_Biomass,Heat_Low_Residential,2018,21.96,,PJ,,,
PT,HLR_Hardcoal,Heat_Low_Residential,2018,0.087,,PJ,,,
PT,HLR_Oil_Boiler,Heat_Low_Residential,2018,10.823,,PJ,,,
PT,HLI_Biomass,Heat_Low_Industrial,2018,1.303,,PJ,,,
PT,HLI_Hardcoal,Heat_Low_Industrial,2018,0.001,,PJ,,,
PT,HLI_Direct_Electric,Heat_Low_Industrial,2018,0.014,,PJ,,,
PT,HLI_Oil_Boiler,Heat_Low_Industrial,2018,1.054,,PJ,,,
PT,*HLI_Gas_Boiler,Heat_Low_Industrial,2018,0,,PJ,,,
PT,*HLI_Convert_DH,Heat_Low_Industrial,2018,7.101,,PJ,,,
PT,HMI_Biomass,Heat_Medium_Industrial,2018,30.54,,PJ,,,
PT,HMI_HardCoal,Heat_Medium_Industrial,2018,0.05,,PJ,,,
PT,HMI_Steam_Electric,Heat_Medium_Industrial,2018,0.308,,PJ,,,
PT,HMI_Oil,Heat_Medium_Industrial,2018,5.896,,PJ,,,
PT,*HHI_BF_BOF,Heat_High_Industrial,2018,0.544,,PJ,,,
PT,HHI_Bio_BF_BOF,Heat_High_Industrial,2018,3.798,,PJ,,,
PT,HHI_Scrap_EAF,Heat_High_Industrial,2018,3.292,,PJ,,,
PT,HHI_DRI_EAF,Heat_High_Industrial,2018,16.387,,PJ,,,
PT,P_Gas_CCGT,Power,2018,46.0062,,PJ,,,
PT,P_Biomass,Power,2018,9.493,,PJ,,,
PT,P_Coal_Hardcoal,Power,2018,43.857,,PJ,,,
PT,HLR_Heatpump_Aerial,Heat_Low_Residential,2018,0.001,,PJ,,,
PT,HLR_Heatpump_Ground,Heat_Low_Residential,2018,0,,PJ,,,
PT,HLR_Direct_Electric,Heat_Low_Residential,2018,7.004,,PJ,,,
PT,CHP_Oil,Power,2018,1.56,,PJ,,,
PT,CHP_Gas_CCGT_Natural,Power,2018,10.197,,PJ,,,
PT,CHP_Biomass_Solid,Power,2018,10.234,,PJ,,,
PT,CHP_Oil,Heat_District,2018,4.207,,PJ,,,
PT,CHP_Gas_CCGT_Natural,Heat_District,2018,27.489,,PJ,,,
PT,CHP_Biomass_Solid,Heat_District,2018,27.59,,PJ,,,
PT,CHP_Coal_Hardcoal,Heat_District,2018,0,,PJ,,,
PT,CHP_Coal_Hardcoal,Power,2018,0,,PJ,,,
PT,P_Oil,Power,2018,2.479,,PJ,,,
RO,HLR_Biomass,Heat_Low_Residential,2018,141.585,,PJ,,,
RO,HLR_Hardcoal,Heat_Low_Residential,2018,2.297,,PJ,,,
RO,HLR_Oil_Boiler,Heat_Low_Residential,2018,11.797,,PJ,,,
RO,HLI_Biomass,Heat_Low_Industrial,2018,1.013,,PJ,,,
RO,HLI_Hardcoal,Heat_Low_Industrial,2018,0.318,,PJ,,,
RO,HLI_Direct_Electric,Heat_Low_Industrial,2018,0.036,,PJ,,,
RO,HLI_Oil_Boiler,Heat_Low_Industrial,2018,0.456,,PJ,,,
RO,*HLI_Gas_Boiler,Heat_Low_Industrial,2018,0.823,,PJ,,,
RO,*HLI_Convert_DH,Heat_Low_Industrial,2018,6.662,,PJ,,,
RO,HMI_Biomass,Heat_Medium_Industrial,2018,5.65,,PJ,,,
RO,HMI_HardCoal,Heat_Medium_Industrial,2018,2.128,,PJ,,,
RO,HMI_Steam_Electric,Heat_Medium_Industrial,2018,0.528,,PJ,,,
RO,HMI_Oil,Heat_Medium_Industrial,2018,4.505,,PJ,,,
RO,*HHI_BF_BOF,Heat_High_Industrial,2018,21.125,,PJ,,,
RO,HHI_Bio_BF_BOF,Heat_High_Industrial,2018,1.657,,PJ,,,
RO,HHI_Scrap_EAF,Heat_High_Industrial,2018,3.031,,PJ,,,
RO,HHI_DRI_EAF,Heat_High_Industrial,2018,45.387,,PJ,,,
RO,P_Gas_CCGT,Power,2018,21.089,,PJ,,,
RO,P_Gas_Engines,Power,2018,4.604,,PJ,,,
RO,P_Biomass,Power,2018,1.215,,PJ,,,
RO,P_Nuclear,Power,2018,38.031,,PJ,,,
RO,P_Coal_Lignite,Power,2018,52.04,,PJ,,,
RO,HLR_Heatpump_Aerial,Heat_Low_Residential,2018,0.001,,PJ,,,
RO,HLR_Heatpump_Ground,Heat_Low_Residential,2018,0,,PJ,,,
RO,HLR_Direct_Electric,Heat_Low_Residential,2018,3.015,,PJ,,,
RO,CHP_Coal_Lignite,Power,2018,4.552,,PJ,,,
RO,CHP_Oil,Power,2018,0.592,,PJ,,,
RO,CHP_Gas_CCGT_Natural,Power,2018,13.107,,PJ,,,
RO,CHP_Biomass_Solid,Power,2018,1.098,,PJ,,,
RO,CHP_Coal_Lignite,Heat_District,2018,9.893,,PJ,,,
RO,CHP_Oil,Heat_District,2018,1.286,,PJ,,,
RO,CHP_Gas_CCGT_Natural,Heat_District,2018,28.485,,PJ,,,
RO,CHP_Biomass_Solid,Heat_District,2018,2.387,,PJ,,,
SE,HLR_Biomass,Heat_Low_Residential,2018,47.071,,PJ,,,
SE,HLR_Hardcoal,Heat_Low_Residential,2018,4.222,,PJ,,,
SE,HLR_Oil_Boiler,Heat_Low_Residential,2018,19.209,,PJ,,,
SE,HLI_Biomass,Heat_Low_Industrial,2018,2.468,,PJ,,,
SE,HLI_Hardcoal,Heat_Low_Industrial,2018,0.114,,PJ,,,
SE,HLI_Direct_Electric,Heat_Low_Industrial,2018,0.014,,PJ,,,
SE,HLI_Oil_Boiler,Heat_Low_Industrial,2018,0.588,,PJ,,,
SE,*HLI_Gas_Boiler,Heat_Low_Industrial,2018,0,,PJ,,,
SE,*HLI_Convert_DH,Heat_Low_Industrial,2018,9.833,,PJ,,,
SE,HMI_Biomass,Heat_Medium_Industrial,2018,124.405,,PJ,,,
SE,HMI_HardCoal,Heat_Medium_Industrial,2018,9.248,,PJ,,,
SE,HMI_Steam_Electric,Heat_Medium_Industrial,2018,0.82,,PJ,,,
SE,HMI_Oil,Heat_Medium_Industrial,2018,17.117,,PJ,,,
SE,*HHI_BF_BOF,Heat_High_Industrial,2018,20.693,,PJ,,,
SE,HHI_Bio_BF_BOF,Heat_High_Industrial,2018,1.189,,PJ,,,
SE,HHI_Scrap_EAF,Heat_High_Industrial,2018,2.89,,PJ,,,
SE,HHI_DRI_EAF,Heat_High_Industrial,2018,3.472,,PJ,,,
SE,P_Coal_Hardcoal,Power,2018,0.507,,PJ,,,
SE,P_Oil,Power,2018,0.698,,PJ,,,
SE,P_Nuclear,Power,2018,233.788,,PJ,,,
SE,HLR_Heatpump_Aerial,Heat_Low_Residential,2018,54.973,,PJ,,,
SE,HLR_Heatpump_Ground,Heat_Low_Residential,2018,2.893,,PJ,,,
SE,HLR_Direct_Electric,Heat_Low_Residential,2018,65.338,,PJ,,,
SE,CHP_Coal_Hardcoal,Power,2018,3.377,,PJ,,,
SE,CHP_Oil,Power,2018,0.166,,PJ,,,
SE,CHP_Gas_CCGT_Natural,Power,2018,1.423,,PJ,,,
SE,CHP_Biomass_Solid,Power,2018,19.1,,PJ,,,
SE,CHP_Coal_Hardcoal,Heat_District,2018,9.349,,PJ,,,
SE,CHP_Oil,Heat_District,2018,0.458,,PJ,,,
SE,CHP_Gas_CCGT_Natural,Heat_District,2018,3.938,,PJ,,,
SE,CHP_Biomass_Solid,Heat_District,2018,52.871,,PJ,,,
SI,HLR_Biomass,Heat_Low_Residential,2018,14.809,,PJ,,,
SI,HLR_Hardcoal,Heat_Low_Residential,2018,0.085,,PJ,,,
SI,HLR_Oil_Boiler,Heat_Low_Residential,2018,9.709,,PJ,,,
SI,HLI_Biomass,Heat_Low_Industrial,2018,0.117,,PJ,,,
SI,HLI_Hardcoal,Heat_Low_Industrial,2018,0.012,,PJ,,,
SI,HLI_Direct_Electric,Heat_Low_Industrial,2018,0.015,,PJ,,,
SI,HLI_Oil_Boiler,Heat_Low_Industrial,2018,0.063,,PJ,,,
SI,*HLI_Gas_Boiler,Heat_Low_Industrial,2018,0.144,,PJ,,,
SI,*HLI_Convert_DH,Heat_Low_Industrial,2018,1.456,,PJ,,,
SI,HMI_Biomass,Heat_Medium_Industrial,2018,1.18,,PJ,,,
SI,HMI_HardCoal,Heat_Medium_Industrial,2018,0.776,,PJ,,,
SI,HMI_Steam_Electric,Heat_Medium_Industrial,2018,0.082,,PJ,,,
SI,HMI_Oil,Heat_Medium_Industrial,2018,1.425,,PJ,,,
SI,*HHI_BF_BOF,Heat_High_Industrial,2018,0.905,,PJ,,,
SI,HHI_Bio_BF_BOF,Heat_High_Industrial,2018,0.327,,PJ,,,
SI,HHI_Scrap_EAF,Heat_High_Industrial,2018,1.276,,PJ,,,
SI,HHI_DRI_EAF,Heat_High_Industrial,2018,6.406,,PJ,,,
SI,P_Gas_OCGT,Power,2018,0.916,,PJ,,,
SI,P_Biomass,Power,2018,0.772,,PJ,,,
SI,P_Nuclear,Power,2018,19.701,,PJ,,,
SI,P_Coal_Lignite,Power,2018,15.19,,PJ,,,
SI,HLR_Heatpump_Aerial,Heat_Low_Residential,2018,0.001,,PJ,,,
SI,HLR_Heatpump_Ground,Heat_Low_Residential,2018,0,,PJ,,,
SI,HLR_Direct_Electric,Heat_Low_Residential,2018,1.7,,PJ,,,
SI,CHP_Coal_Hardcoal,Power,2018,2.254,,PJ,,,
SI,CHP_Oil,Power,2018,0.015,,PJ,,,
SI,CHP_Gas_CCGT_Natural,Power,2018,1.391,,PJ,,,
SI,CHP_Biomass_Solid,Power,2018,0.915,,PJ,,,
SI,CHP_Coal_Hardcoal,Heat_District,2018,5.45,,PJ,,,
SI,CHP_Oil,Heat_District,2018,0.035,,PJ,,,
SI,CHP_Gas_CCGT_Natural,Heat_District,2018,3.362,,PJ,,,
SI,CHP_Biomass_Solid,Heat_District,2018,2.211,,PJ,,,
SK,HLR_Biomass,Heat_Low_Residential,2018,1.931,,PJ,,,
SK,HLR_Hardcoal,Heat_Low_Residential,2018,6.757,,PJ,,,
SK,HLR_Oil_Boiler,Heat_Low_Residential,2018,0.928,,PJ,,,
SK,HLI_Biomass,Heat_Low_Industrial,2018,0.425,,PJ,,,
SK,HLI_Hardcoal,Heat_Low_Industrial,2018,0.351,,PJ,,,
SK,HLI_Direct_Electric,Heat_Low_Industrial,2018,0,,PJ,,,
SK,HLI_Oil_Boiler,Heat_Low_Industrial,2018,0.087,,PJ,,,
SK,*HLI_Gas_Boiler,Heat_Low_Industrial,2018,0,,PJ,,,
SK,*HLI_Convert_DH,Heat_Low_Industrial,2018,3.225,,PJ,,,
SK,HMI_Biomass,Heat_Medium_Industrial,2018,9.291,,PJ,,,
SK,HMI_HardCoal,Heat_Medium_Industrial,2018,1.459,,PJ,,,
SK,HMI_Steam_Electric,Heat_Medium_Industrial,2018,0.111,,PJ,,,
SK,HMI_Oil,Heat_Medium_Industrial,2018,3.407,,PJ,,,
SK,*HHI_BF_BOF,Heat_High_Industrial,2018,43.02,,PJ,,,
SK,HHI_Bio_BF_BOF,Heat_High_Industrial,2018,0.224,,PJ,,,
SK,HHI_Scrap_EAF,Heat_High_Industrial,2018,1.797,,PJ,,,
SK,HHI_DRI_EAF,Heat_High_Industrial,2018,11.668,,PJ,,,
SK,P_Gas_CCGT,Power,2018,2.926,,PJ,,,
SK,P_Gas_OCGT,Power,2018,0.561,,PJ,,,
SK,P_Biomass,Power,2018,4.564,,PJ,,,
SK,P_Coal_Hardcoal,Power,2018,2.787,,PJ,,,
SK,P_Nuclear,Power,2018,50.622,,PJ,,,
SK,P_Coal_Lignite,Power,2018,5.071,,PJ,,,
SK,HLR_Heatpump_Aerial,Heat_Low_Residential,2018,0.001,,PJ,,,
SK,HLR_Heatpump_Ground,Heat_Low_Residential,2018,0,,PJ,,,
SK,HLR_Direct_Electric,Heat_Low_Residential,2018,3.503,,PJ,,,
SK,CHP_Coal_Hardcoal,Power,2018,2.306,,PJ,,,
SK,CHP_Oil,Power,2018,1.525,,PJ,,,
SK,CHP_Gas_CCGT_Natural,Power,2018,2.993,,PJ,,,
SK,CHP_Biomass_Solid,Power,2018,3.383,,PJ,,,
SK,CHP_Coal_Hardcoal,Heat_District,2018,6.833,,PJ,,,
SK,CHP_Oil,Heat_District,2018,4.519,,PJ,,,
SK,CHP_Gas_CCGT_Natural,Heat_District,2018,8.868,,PJ,,,
SK,CHP_Biomass_Solid,Heat_District,2018,10.026,,PJ,,,
TR,P_Coal_Hardcoal,Power,2018,244.08,,PJ,,,
TR,P_Coal_Lignite,Power,2018,162.36,,PJ,,,
TR,P_Oil,Power,2018,1.184,,PJ,,,
TR,P_Gas_CCGT,Power,2018,332.939,,PJ,,,
UK,HLR_Biomass,Heat_Low_Residential,2018,17.008,,PJ,,,
UK,HLR_Hardcoal,Heat_Low_Residential,2018,35.349,,PJ,,,
UK,HLR_Oil_Boiler,Heat_Low_Residential,2018,139.693,,PJ,,,
UK,HLI_Biomass,Heat_Low_Industrial,2018,0.871,,PJ,,,
UK,HLI_Hardcoal,Heat_Low_Industrial,2018,0.411,,PJ,,,
UK,HLI_Direct_Electric,Heat_Low_Industrial,2018,0.008,,PJ,,,
UK,HLI_Oil_Boiler,Heat_Low_Industrial,2018,1.991,,PJ,,,
UK,*HLI_Gas_Boiler,Heat_Low_Industrial,2018,3.729,,PJ,,,
UK,*HLI_Convert_DH,Heat_Low_Industrial,2018,18.998,,PJ,,,
UK,HMI_Biomass,Heat_Medium_Industrial,2018,9.324,,PJ,,,
UK,HMI_HardCoal,Heat_Medium_Industrial,2018,12.952,,PJ,,,
UK,HMI_Steam_Electric,Heat_Medium_Industrial,2018,2.474,,PJ,,,
UK,HMI_Oil,Heat_Medium_Industrial,2018,88.772,,PJ,,,
UK,*HHI_BF_BOF,Heat_High_Industrial,2018,74.942,,PJ,,,
UK,HHI_Bio_BF_BOF,Heat_High_Industrial,2018,0,,PJ,,,
UK,HHI_Scrap_EAF,Heat_High_Industrial,2018,3.728,,PJ,,,
UK,HHI_DRI_EAF,Heat_High_Industrial,2018,69.821,,PJ,,,
UK,P_Gas_CCGT,Power,2018,378.688,,PJ,,,
UK,P_Gas_Engines,Power,2018,3.541,,PJ,,,
UK,P_Gas_OCGT,Power,2018,11.715,,PJ,,,
UK,P_Biomass,Power,2018,105.007,,PJ,,,
UK,P_Coal_Hardcoal,Power,2018,53.071,,PJ,,,
UK,P_Oil,Power,2018,2.933,,PJ,,,
UK,P_Nuclear,Power,2018,234.23,,PJ,,,
UK,HLR_Heatpump_Aerial,Heat_Low_Residential,2018,3.163,,PJ,,,
UK,HLR_Heatpump_Ground,Heat_Low_Residential,2018,0.166,,PJ,,,
UK,HLR_Direct_Electric,Heat_Low_Residential,2018,100.793,,PJ,,,
UK,CHP_Coal_Hardcoal,Power,2018,1.749,,PJ,,,
UK,CHP_Oil,Power,2018,8.983,,PJ,,,
UK,CHP_Gas_CCGT_Natural,Power,2018,58.68,,PJ,,,
UK,CHP_Biomass_Solid,Power,2018,7.844,,PJ,,,
UK,CHP_Coal_Hardcoal,Heat_District,2018,2.961,,PJ,,,
UK,CHP_Oil,Heat_District,2018,15.211,,PJ,,,
UK,CHP_Gas_CCGT_Natural,Heat_District,2018,99.367,,PJ,,,
UK,CHP_Biomass_Solid,Heat_District,2018,13.283,,PJ,,,
DE_BB,P_Oil,Power,2018,0.655248,,PJ,,,
DE_BB,RES_Hydro_Large,Power,2018,0.0447857,,PJ,,,
DE_BB,RES_Hydro_Small,Power,2018,0.0212143,,PJ,,,
DE_BB,RES_PV_Utility_Opt,Power,2018,10.459,,PJ,,,
DE_BB,RES_Wind_Onshore_Opt,Power,2018,53.2854,,PJ,,,
DE_BB,HLI_Hardcoal,Heat_Low_Industrial,2018,0.588919,,PJ,,,
DE_BB,HLI_Oil_Boiler,Heat_Low_Industrial,2018,0.0516433,,PJ,,,
DE_BB,HMI_HardCoal,Heat_Medium_Industrial,2018,0.576196,,PJ,,,
DE_BB,HMI_Oil,Heat_Medium_Industrial,2018,2.25884,,PJ,,,
DE_BB,HHI_BF_BOF,Heat_High_Industrial,2018,12.1203,,PJ,,,
DE_BB,CHP_Coal_Lignite,Power,2018,110.857,,PJ,,,
DE_BB,CHP_Biomass_Solid,Power,2018,13.3487,,PJ,,,
DE_BB,CHP_Gas_CCGT_Natural,Power,2018,4.16076,,PJ,,,
DE_BB,P_Gas_CCGT,Power,2018,3.3766,,PJ,,,
DE_BB,P_Gas_Engines,Power,2018,0.540387,,PJ,,,
DE_BB,P_Gas_OCGT,Power,2018,1.4091,,PJ,,,
DE_BE,RES_PV_Utility_Opt,Power,2018,0.24,,PJ,,,
DE_BE,HLI_Hardcoal,Heat_Low_Industrial,2018,0.622292,,PJ,,,
DE_BE,HLI_Oil_Boiler,Heat_Low_Industrial,2018,0.0111736,,PJ,,,
DE_BE,HMI_HardCoal,Heat_Medium_Industrial,2018,0.608847,,PJ,,,
DE_BE,HMI_Oil,Heat_Medium_Industrial,2018,0.488727,,PJ,,,
DE_BE,HHI_BF_BOF,Heat_High_Industrial,2018,2.62237,,PJ,,,
DE_BE,CHP_Coal_Hardcoal,Power,2018,12.9027,,PJ,,,
DE_BE,CHP_Gas_CCGT_Natural,Power,2018,10.9111,,PJ,,,
DE_BW,P_Coal_Hardcoal,Power,2018,14.5592,,PJ,,,
DE_BW,P_Nuclear,Power,2018,58.1177,,PJ,,,
DE_BW,P_Oil,Power,2018,0.638991,,PJ,,,
DE_BW,RES_Hydro_Large,Power,2018,10.505,,PJ,,,
DE_BW,RES_Hydro_Small,Power,2018,4.97604,,PJ,,,
DE_BW,RES_PV_Utility_Opt,Power,2018,17.507,,PJ,,,
DE_BW,RES_Wind_Onshore_Opt,Power,2018,0.585524,,PJ,,,
DE_BW,HLI_Hardcoal,Heat_Low_Industrial,2018,2.20053,,PJ,,,
DE_BW,HLI_Oil_Boiler,Heat_Low_Industrial,2018,0.117777,,PJ,,,
DE_BW,HMI_HardCoal,Heat_Medium_Industrial,2018,2.15299,,PJ,,,
DE_BW,HMI_Oil,Heat_Medium_Industrial,2018,5.15146,,PJ,,,
DE_BW,HHI_BF_BOF,Heat_High_Industrial,2018,27.6413,,PJ,,,
DE_BW,CHP_Coal_Hardcoal,Power,2018,27.9015,,PJ,,,
DE_BW,CHP_Biomass_Solid,Power,2018,31.3926,,PJ,,,
DE_BW,CHP_Gas_CCGT_Natural,Power,2018,10.0335,,PJ,,,
DE_BW,P_Gas_CCGT,Power,2018,0.046868,,PJ,,,
DE_BW,P_Gas_Engines,Power,2018,0.0075007,,PJ,,,
DE_BW,P_Gas_OCGT,Power,2018,0.0195587,,PJ,,,
DE_BY,P_Nuclear,Power,2018,110.149,,PJ,,,
DE_BY,P_Oil,Power,2018,6.62256,,PJ,,,
DE_BY,RES_Wind_Onshore_Opt,Power,2018,12.2229,,PJ,,,
DE_BY,HLI_Hardcoal,Heat_Low_Industrial,2018,2.71379,,PJ,,,
DE_BY,HLI_Oil_Boiler,Heat_Low_Industrial,2018,0.174989,,PJ,,,
DE_BY,HMI_HardCoal,Heat_Medium_Industrial,2018,2.65516,,PJ,,,
DE_BY,HMI_Oil,Heat_Medium_Industrial,2018,7.65388,,PJ,,,
DE_BY,HHI_BF_BOF,Heat_High_Industrial,2018,41.0686,,PJ,,,
DE_BY,CHP_Coal_Hardcoal,Power,2018,13.3338,,PJ,,,
DE_BY,CHP_Biomass_Solid,Power,2018,26.4911,,PJ,,,
DE_BY,CHP_Gas_CCGT_Natural,Power,2018,18.2151,,PJ,,,
DE_BY,P_Gas_CCGT,Power,2018,12.9781,,PJ,,,
DE_BY,P_Gas_Engines,Power,2018,2.07701,,PJ,,,
DE_BY,P_Gas_OCGT,Power,2018,5.41595,,PJ,,,
DE_HB,P_Oil,Power,2018,0.402305,,PJ,,,
DE_HB,RES_Hydro_Large,Power,2018,0.0800714,,PJ,,,
DE_HB,RES_Hydro_Small,Power,2018,0.0379286,,PJ,,,
DE_HB,RES_PV_Utility_Opt,Power,2018,0.12,,PJ,,,
DE_HB,RES_Wind_Onshore_Opt,Power,2018,0.384469,,PJ,,,
DE_HB,HLI_Hardcoal,Heat_Low_Industrial,2018,0.214829,,PJ,,,
DE_HB,HLI_Oil_Boiler,Heat_Low_Industrial,2018,0.0204503,,PJ,,,
DE_HB,HMI_HardCoal,Heat_Medium_Industrial,2018,0.210188,,PJ,,,
DE_HB,HMI_Oil,Heat_Medium_Industrial,2018,0.894481,,PJ,,,
DE_HB,HHI_BF_BOF,Heat_High_Industrial,2018,4.79953,,PJ,,,
DE_HB,CHP_Coal_Hardcoal,Power,2018,1.686,,PJ,,,
DE_HB,CHP_Biomass_Solid,Power,2018,0.273193,,PJ,,,
DE_HB,P_Gas_CCGT,Power,2018,0.147367,,PJ,,,
DE_HB,P_Gas_Engines,Power,2018,0.0235845,,PJ,,,
DE_HB,P_Gas_OCGT,Power,2018,0.0614983,,PJ,,,
DE_HE,P_Oil,Power,2018,0.391204,,PJ,,,
DE_HE,RES_Hydro_Large,Power,2018,0.727429,,PJ,,,
DE_HE,RES_Hydro_Small,Power,2018,0.344571,,PJ,,,
DE_HE,RES_PV_Utility_Opt,Power,2018,5.873,,PJ,,,
DE_HE,RES_Wind_Onshore_Opt,Power,2018,13.1931,,PJ,,,
DE_HE,HLI_Hardcoal,Heat_Low_Industrial,2018,1.05128,,PJ,,,
DE_HE,HLI_Oil_Boiler,Heat_Low_Industrial,2018,0.0656592,,PJ,,,
DE_HE,HMI_HardCoal,Heat_Medium_Industrial,2018,1.02857,,PJ,,,
DE_HE,HMI_Oil,Heat_Medium_Industrial,2018,2.87188,,PJ,,,
DE_HE,HHI_BF_BOF,Heat_High_Industrial,2018,15.4097,,PJ,,,
DE_HE,CHP_Coal_Hardcoal,Power,2018,15.1545,,PJ,,,
DE_HE,CHP_Biomass_Solid,Power,2018,9.09079,,PJ,,,
DE_HE,CHP_Gas_CCGT_Natural,Power,2018,13.7704,,PJ,,,
DE_HE,P_Gas_CCGT,Power,2018,5.57202,,PJ,,,
DE_HE,P_Gas_Engines,Power,2018,0.89174,,PJ,,,
DE_HE,P_Gas_OCGT,Power,2018,2.32528,,PJ,,,
DE_HH,RES_Hydro_Large,Power,2018,0.00135714,,PJ,,,
DE_HH,RES_Hydro_Small,Power,2018,0.000642857,,PJ,,,
DE_HH,RES_PV_Utility_Opt,Power,2018,0.1,,PJ,,,
DE_HH,RES_Wind_Onshore_Opt,Power,2018,0.941862,,PJ,,,
DE_HH,HLI_Hardcoal,Heat_Low_Industrial,2018,0.352956,,PJ,,,
DE_HH,HLI_Oil_Boiler,Heat_Low_Industrial,2018,0.0215149,,PJ,,,
DE_HH,HMI_HardCoal,Heat_Medium_Industrial,2018,0.34533,,PJ,,,
DE_HH,HMI_Oil,Heat_Medium_Industrial,2018,0.941044,,PJ,,,
DE_HH,HHI_BF_BOF,Heat_High_Industrial,2018,5.04938,,PJ,,,
DE_HH,CHP_Coal_Hardcoal,Power,2018,46.0627,,PJ,,,
DE_HH,CHP_Biomass_Solid,Power,2018,1.98016,,PJ,,,
DE_HH,CHP_Gas_CCGT_Natural,Power,2018,4.66742,,PJ,,,
DE_MV,RES_Hydro_Large,Power,2018,0.0163536,,PJ,,,
DE_MV,RES_Hydro_Small,Power,2018,0.00774643,,PJ,,,
DE_MV,RES_PV_Utility_Opt,Power,2018,4.32,,PJ,,,
DE_MV,RES_Wind_Offshore_Transitional,Power,2018,7.07859,,PJ,,,
DE_MV,RES_Wind_Onshore_Opt,Power,2018,21.4672,,PJ,,,
DE_MV,HLI_Hardcoal,Heat_Low_Industrial,2018,0.304836,,PJ,,,
DE_MV,HLI_Oil_Boiler,Heat_Low_Industrial,2018,0.0126014,,PJ,,,
DE_MV,HMI_HardCoal,Heat_Medium_Industrial,2018,0.29825,,PJ,,,
DE_MV,HMI_Oil,Heat_Medium_Industrial,2018,0.551177,,PJ,,,
DE_MV,HHI_BF_BOF,Heat_High_Industrial,2018,2.95746,,PJ,,,
DE_MV,CHP_Coal_Hardcoal,Power,2018,11.0449,,PJ,,,
DE_MV,CHP_Biomass_Solid,Power,2018,5.45677,,PJ,,,
DE_MV,CHP_Gas_CCGT_Natural,Power,2018,4.22161,,PJ,,,
DE_NI,P_Coal_Hardcoal,Power,2018,33.379,,PJ,,,
DE_NI,P_Coal_Lignite,Power,2018,10.7796,,PJ,,,
DE_NI,P_Nuclear,Power,2018,74.6996,,PJ,,,
DE_NI,P_Oil,Power,2018,0.407319,,PJ,,,
DE_NI,RES_Hydro_Large,Power,2018,0.588321,,PJ,,,
DE_NI,RES_Hydro_Small,Power,2018,0.278679,,PJ,,,
DE_NI,RES_PV_Utility_Opt,Power,2018,10.654,,PJ,,,
DE_NI,RES_Wind_Offshore_Transitional,Power,2018,48.3669,,PJ,,,
DE_NI,RES_Wind_Onshore_Opt,Power,2018,65.203,,PJ,,,
DE_NI,HLI_Hardcoal,Heat_Low_Industrial,2018,1.66407,,PJ,,,
DE_NI,HLI_Oil_Boiler,Heat_Low_Industrial,2018,0.163413,,PJ,,,
DE_NI,HMI_HardCoal,Heat_Medium_Industrial,2018,1.62812,,PJ,,,
DE_NI,HMI_Oil,Heat_Medium_Industrial,2018,7.14757,,PJ,,,
DE_NI,HHI_BF_BOF,Heat_High_Industrial,2018,38.3519,,PJ,,,
DE_NI,CHP_Coal_Hardcoal,Power,2018,3.82987,,PJ,,,
DE_NI,CHP_Biomass_Solid,Power,2018,13.1746,,PJ,,,
DE_NI,CHP_Gas_CCGT_Natural,Power,2018,30.4774,,PJ,,,
DE_NI,P_Gas_CCGT,Power,2018,9.87452,,PJ,,,
DE_NI,P_Gas_Engines,Power,2018,1.58031,,PJ,,,
DE_NI,P_Gas_OCGT,Power,2018,4.12077,,PJ,,,
DE_NRW,P_Coal_Hardcoal,Power,2018,90.8151,,PJ,,,
DE_NRW,P_Coal_Lignite,Power,2018,148.28,,PJ,,,
DE_NRW,P_Oil,Power,2018,2.80797,,PJ,,,
DE_NRW,RES_Hydro_Large,Power,2018,0.842786,,PJ,,,
DE_NRW,RES_Hydro_Small,Power,2018,0.399214,,PJ,,,
DE_NRW,RES_PV_Utility_Opt,Power,2018,13.542,,PJ,,,
DE_NRW,RES_Wind_Onshore_Opt,Power,2018,49.286,,PJ,,,
DE_NRW,HLI_Hardcoal,Heat_Low_Industrial,2018,3.38723,,PJ,,,
DE_NRW,HLI_Oil_Boiler,Heat_Low_Industrial,2018,0.481428,,PJ,,,
DE_NRW,HMI_HardCoal,Heat_Medium_Industrial,2018,3.31405,,PJ,,,
DE_NRW,HMI_Oil,Heat_Medium_Industrial,2018,21.0573,,PJ,,,
DE_NRW,HHI_BF_BOF,Heat_High_Industrial,2018,112.988,,PJ,,,
DE_NRW,CHP_Coal_Lignite,Power,2018,109.938,,PJ,,,
DE_NRW,CHP_Coal_Hardcoal,Power,2018,57.0251,,PJ,,,
DE_NRW,CHP_Biomass_Solid,Power,2018,31.5801,,PJ,,,
DE_NRW,CHP_Gas_CCGT_Natural,Power,2018,85.4543,,PJ,,,
DE_NRW,P_Gas_CCGT,Power,2018,15.0263,,PJ,,,
DE_NRW,P_Gas_Engines,Power,2018,2.40478,,PJ,,,
DE_NRW,P_Gas_OCGT,Power,2018,6.27066,,PJ,,,
DE_RP,RES_Hydro_Large,Power,2018,2.2515,,PJ,,,
DE_RP,RES_Hydro_Small,Power,2018,1.0665,,PJ,,,
DE_RP,RES_PV_Utility_Opt,Power,2018,6.337,,PJ,,,
DE_RP,RES_Wind_Onshore_Opt,Power,2018,5.92462,,PJ,,,
DE_RP,HLI_Hardcoal,Heat_Low_Industrial,2018,0.810748,,PJ,,,
DE_RP,HLI_Oil_Boiler,Heat_Low_Industrial,2018,0.0918746,,PJ,,,
DE_RP,HMI_HardCoal,Heat_Medium_Industrial,2018,0.793232,,PJ,,,
DE_RP,HMI_Oil,Heat_Medium_Industrial,2018,4.01852,,PJ,,,
DE_RP,HHI_BF_BOF,Heat_High_Industrial,2018,21.5623,,PJ,,,
DE_RP,CHP_Coal_Hardcoal,Power,2018,0.0651474,,PJ,,,
DE_RP,CHP_Biomass_Solid,Power,2018,2.77661,,PJ,,,
DE_RP,CHP_Gas_CCGT_Natural,Power,2018,10.4236,,PJ,,,
DE_SH,P_Coal_Hardcoal,Power,2018,3.67306,,PJ,,,
DE_SH,P_Nuclear,Power,2018,39.0655,,PJ,,,
DE_SH,P_Oil,Power,2018,0.536112,,PJ,,,
DE_SH,RES_Hydro_Large,Power,2018,0.0196786,,PJ,,,
DE_SH,RES_Hydro_Small,Power,2018,0.00932143,,PJ,,,
DE_SH,RES_PV_Utility_Opt,Power,2018,4.64,,PJ,,,
DE_SH,RES_Wind_Offshore_Transitional,Power,2018,12.6311,,PJ,,,
DE_SH,RES_Wind_Onshore_Opt,Power,2018,30.4078,,PJ,,,
DE_SH,HLI_Hardcoal,Heat_Low_Industrial,2018,0.607972,,PJ,,,
DE_SH,HLI_Oil_Boiler,Heat_Low_Industrial,2018,0.0282862,,PJ,,,
DE_SH,HMI_HardCoal,Heat_Medium_Industrial,2018,0.594837,,PJ,,,
DE_SH,HMI_Oil,Heat_Medium_Industrial,2018,1.23722,,PJ,,,
DE_SH,HHI_BF_BOF,Heat_High_Industrial,2018,6.63856,,PJ,,,
DE_SH,CHP_Coal_Hardcoal,Power,2018,7.48852,,PJ,,,
DE_SH,CHP_Biomass_Solid,Power,2018,6.20164,,PJ,,,
DE_SH,CHP_Gas_CCGT_Natural,Power,2018,2.2519,,PJ,,,
DE_SL,P_Coal_Hardcoal,Power,2018,7.2473,,PJ,,,
DE_SL,RES_Hydro_Large,Power,2018,0.118251,,PJ,,,
DE_SL,RES_Hydro_Small,Power,2018,0.216749,,PJ,,,
DE_SL,RES_PV_Utility_Opt,Power,2018,1.357,,PJ,,,
DE_SL,RES_Wind_Onshore_Opt,Power,2018,2.71679,,PJ,,,
DE_SL,HLI_Hardcoal,Heat_Low_Industrial,2018,0.357946,,PJ,,,
DE_SL,HLI_Oil_Boiler,Heat_Low_Industrial,2018,0.0406011,,PJ,,,
DE_SL,HMI_HardCoal,Heat_Medium_Industrial,2018,0.350212,,PJ,,,
DE_SL,HMI_Oil,Heat_Medium_Industrial,2018,1.77586,,PJ,,,
DE_SL,HHI_BF_BOF,Heat_High_Industrial,2018,9.52877,,PJ,,,
DE_SL,CHP_Coal_Hardcoal,Power,2018,3.94008,,PJ,,,
DE_SL,CHP_Biomass_Solid,Power,2018,0.624327,,PJ,,,
DE_SL,CHP_Gas_CCGT_Natural,Power,2018,2.80094,,PJ,,,
DE_SN,P_Coal_Lignite,Power,2018,31.2743,,PJ,,,
DE_SN,P_Oil,Power,2018,0.450334,,PJ,,,
DE_SN,RES_Hydro_Large,Power,2018,0.747554,,PJ,,,
DE_SN,RES_Hydro_Small,Power,2018,0.103446,,PJ,,,
DE_SN,RES_PV_Utility_Opt,Power,2018,5.626,,PJ,,,
DE_SN,RES_Wind_Onshore_Opt,Power,2018,10.8493,,PJ,,,
DE_SN,HLI_Hardcoal,Heat_Low_Industrial,2018,0.730511,,PJ,,,
DE_SN,HLI_Oil_Boiler,Heat_Low_Industrial,2018,0.0515067,,PJ,,,
DE_SN,HMI_HardCoal,Heat_Medium_Industrial,2018,0.714729,,PJ,,,
DE_SN,HMI_Oil,Heat_Medium_Industrial,2018,2.25286,,PJ,,,
DE_SN,HHI_BF_BOF,Heat_High_Industrial,2018,12.0882,,PJ,,,
DE_SN,CHP_Coal_Lignite,Power,2018,106.673,,PJ,,,
DE_SN,CHP_Biomass_Solid,Power,2018,13.8265,,PJ,,,
DE_SN,CHP_Gas_CCGT_Natural,Power,2018,19.5966,,PJ,,,
DE_ST,P_Oil,Power,2018,3.17883,,PJ,,,
DE_ST,RES_Hydro_Large,Power,2018,0.335443,,PJ,,,
DE_ST,RES_Hydro_Small,Power,2018,0.0305566,,PJ,,,
DE_ST,RES_PV_Utility_Opt,Power,2018,6.539,,PJ,,,
DE_ST,RES_Wind_Onshore_Opt,Power,2018,30,,PJ,,,
DE_ST,HLI_Hardcoal,Heat_Low_Industrial,2018,0.491405,,PJ,,,
DE_ST,HLI_Oil_Boiler,Heat_Low_Industrial,2018,0.0841924,,PJ,,,
DE_ST,HMI_HardCoal,Heat_Medium_Industrial,2018,0.480788,,PJ,,,
DE_ST,HMI_Oil,Heat_Medium_Industrial,2018,3.68251,,PJ,,,
DE_ST,HHI_BF_BOF,Heat_High_Industrial,2018,19.7593,,PJ,,,
DE_ST,CHP_Coal_Lignite,Power,2018,31.4073,,PJ,,,
DE_ST,CHP_Biomass_Solid,Power,2018,8.00799,,PJ,,,
DE_ST,CHP_Gas_CCGT_Natural,Power,2018,16.1916,,PJ,,,
DE_ST,P_Gas_CCGT,Power,2018,3.09611,,PJ,,,
DE_ST,P_Gas_Engines,Power,2018,0.495498,,PJ,,,
DE_ST,P_Gas_OCGT,Power,2018,1.29205,,PJ,,,
DE_TH,RES_Wind_Onshore_Opt,Power,2018,11.555,,PJ,,,
DE_TH,HLI_Hardcoal,Heat_Low_Industrial,2018,0.447001,,PJ,,,
DE_TH,HLI_Oil_Boiler,Heat_Low_Industrial,2018,0.0340317,,PJ,,,
DE_TH,HMI_HardCoal,Heat_Medium_Industrial,2018,0.437344,,PJ,,,
DE_TH,HMI_Oil,Heat_Medium_Industrial,2018,1.48852,,PJ,,,
DE_TH,HHI_BF_BOF,Heat_High_Industrial,2018,7.98699,,PJ,,,
DE_TH,CHP_Biomass_Solid,Power,2018,5.96644,,PJ,,,
DE_TH,CHP_Gas_CCGT_Natural,Power,2018,6.27172,,PJ,,,
