Fuel,Year,Value,,Unit,Source,Updated at,Updated by
Power,2018,0.05,,Percent,Assumption,08.09.2023,Konstantin Löffler <kl@wip.tu-berlin.de>
Power,2025,0.05,,Percent,Assumption,08.09.2023,Konstantin Löffler <kl@wip.tu-berlin.de>
Power,2030,0.05,,Percent,Assumption,08.09.2023,Konstantin Löffler <kl@wip.tu-berlin.de>
Power,2035,0.05,,Percent,Assumption,08.09.2023,Konstantin Löffler <kl@wip.tu-berlin.de>
Power,2040,0.05,,Percent,Assumption,08.09.2023,Konstantin Löffler <kl@wip.tu-berlin.de>
Power,2045,0.05,,Percent,Assumption,08.09.2023,Konstantin Löffler <kl@wip.tu-berlin.de>
Power,2050,0.05,,Percent,Assumption,08.09.2023,Konstantin Löffler <kl@wip.tu-berlin.de>
Mobility_Freight,2018,0.05,,Percent,Assumption,08.09.2023,Konstantin Löffler <kl@wip.tu-berlin.de>
Mobility_Freight,2025,0.05,,Percent,Assumption,08.09.2023,Konstantin Löffler <kl@wip.tu-berlin.de>
Mobility_Freight,2030,0.05,,Percent,Assumption,08.09.2023,Konstantin Löffler <kl@wip.tu-berlin.de>
Mobility_Freight,2035,0.05,,Percent,Assumption,08.09.2023,Konstantin Löffler <kl@wip.tu-berlin.de>
Mobility_Freight,2040,0.05,,Percent,Assumption,08.09.2023,Konstantin Löffler <kl@wip.tu-berlin.de>
Mobility_Freight,2045,0.05,,Percent,Assumption,08.09.2023,Konstantin Löffler <kl@wip.tu-berlin.de>
Mobility_Freight,2050,0.05,,Percent,Assumption,08.09.2023,Konstantin Löffler <kl@wip.tu-berlin.de>
Mobility_Passenger,2018,0.05,,Percent,Assumption,08.09.2023,Konstantin Löffler <kl@wip.tu-berlin.de>
Mobility_Passenger,2025,0.05,,Percent,Assumption,08.09.2023,Konstantin Löffler <kl@wip.tu-berlin.de>
Mobility_Passenger,2030,0.05,,Percent,Assumption,08.09.2023,Konstantin Löffler <kl@wip.tu-berlin.de>
Mobility_Passenger,2035,0.05,,Percent,Assumption,08.09.2023,Konstantin Löffler <kl@wip.tu-berlin.de>
Mobility_Passenger,2040,0.05,,Percent,Assumption,08.09.2023,Konstantin Löffler <kl@wip.tu-berlin.de>
Mobility_Passenger,2045,0.05,,Percent,Assumption,08.09.2023,Konstantin Löffler <kl@wip.tu-berlin.de>
Mobility_Passenger,2050,0.05,,Percent,Assumption,08.09.2023,Konstantin Löffler <kl@wip.tu-berlin.de>
Heat_Low_Residential,2018,0.05,,Percent,Assumption,08.09.2023,Konstantin Löffler <kl@wip.tu-berlin.de>
Heat_Low_Residential,2025,0.05,,Percent,Assumption,08.09.2023,Konstantin Löffler <kl@wip.tu-berlin.de>
Heat_Low_Residential,2030,0.05,,Percent,Assumption,08.09.2023,Konstantin Löffler <kl@wip.tu-berlin.de>
Heat_Low_Residential,2035,0.05,,Percent,Assumption,08.09.2023,Konstantin Löffler <kl@wip.tu-berlin.de>
Heat_Low_Residential,2040,0.05,,Percent,Assumption,08.09.2023,Konstantin Löffler <kl@wip.tu-berlin.de>
Heat_Low_Residential,2045,0.05,,Percent,Assumption,08.09.2023,Konstantin Löffler <kl@wip.tu-berlin.de>
Heat_Low_Residential,2050,0.05,,Percent,Assumption,08.09.2023,Konstantin Löffler <kl@wip.tu-berlin.de>
Heat_Low_Industrial,2018,0.05,,Percent,Assumption,08.09.2023,Konstantin Löffler <kl@wip.tu-berlin.de>
Heat_Low_Industrial,2025,0.05,,Percent,Assumption,08.09.2023,Konstantin Löffler <kl@wip.tu-berlin.de>
Heat_Low_Industrial,2030,0.05,,Percent,Assumption,08.09.2023,Konstantin Löffler <kl@wip.tu-berlin.de>
Heat_Low_Industrial,2035,0.05,,Percent,Assumption,08.09.2023,Konstantin Löffler <kl@wip.tu-berlin.de>
Heat_Low_Industrial,2040,0.05,,Percent,Assumption,08.09.2023,Konstantin Löffler <kl@wip.tu-berlin.de>
Heat_Low_Industrial,2045,0.05,,Percent,Assumption,08.09.2023,Konstantin Löffler <kl@wip.tu-berlin.de>
Heat_Low_Industrial,2050,0.05,,Percent,Assumption,08.09.2023,Konstantin Löffler <kl@wip.tu-berlin.de>
Heat_Medium_Industrial,2018,0.05,,Percent,Assumption,08.09.2023,Konstantin Löffler <kl@wip.tu-berlin.de>
Heat_Medium_Industrial,2025,0.05,,Percent,Assumption,08.09.2023,Konstantin Löffler <kl@wip.tu-berlin.de>
Heat_Medium_Industrial,2030,0.05,,Percent,Assumption,08.09.2023,Konstantin Löffler <kl@wip.tu-berlin.de>
Heat_Medium_Industrial,2035,0.05,,Percent,Assumption,08.09.2023,Konstantin Löffler <kl@wip.tu-berlin.de>
Heat_Medium_Industrial,2040,0.05,,Percent,Assumption,08.09.2023,Konstantin Löffler <kl@wip.tu-berlin.de>
Heat_Medium_Industrial,2045,0.05,,Percent,Assumption,08.09.2023,Konstantin Löffler <kl@wip.tu-berlin.de>
Heat_Medium_Industrial,2050,0.05,,Percent,Assumption,08.09.2023,Konstantin Löffler <kl@wip.tu-berlin.de>
Heat_High_Industrial,2018,0.05,,Percent,Assumption,08.09.2023,Konstantin Löffler <kl@wip.tu-berlin.de>
Heat_High_Industrial,2025,0.05,,Percent,Assumption,08.09.2023,Konstantin Löffler <kl@wip.tu-berlin.de>
Heat_High_Industrial,2030,0.05,,Percent,Assumption,08.09.2023,Konstantin Löffler <kl@wip.tu-berlin.de>
Heat_High_Industrial,2035,0.05,,Percent,Assumption,08.09.2023,Konstantin Löffler <kl@wip.tu-berlin.de>
Heat_High_Industrial,2040,0.05,,Percent,Assumption,08.09.2023,Konstantin Löffler <kl@wip.tu-berlin.de>
Heat_High_Industrial,2045,0.05,,Percent,Assumption,08.09.2023,Konstantin Löffler <kl@wip.tu-berlin.de>
Heat_High_Industrial,2050,0.05,,Percent,Assumption,08.09.2023,Konstantin Löffler <kl@wip.tu-berlin.de>
Air,2018,0.025,,Percent,Assumption,08.09.2023,Konstantin Löffler <kl@wip.tu-berlin.de>
Air,2025,0.025,,Percent,Assumption,08.09.2023,Konstantin Löffler <kl@wip.tu-berlin.de>
Air,2030,0.025,,Percent,Assumption,08.09.2023,Konstantin Löffler <kl@wip.tu-berlin.de>
Air,2035,0.025,,Percent,Assumption,08.09.2023,Konstantin Löffler <kl@wip.tu-berlin.de>
Air,2040,0.025,,Percent,Assumption,08.09.2023,Konstantin Löffler <kl@wip.tu-berlin.de>
Air,2045,0.025,,Percent,Assumption,08.09.2023,Konstantin Löffler <kl@wip.tu-berlin.de>
Air,2050,0.025,,Percent,Assumption,08.09.2023,Konstantin Löffler <kl@wip.tu-berlin.de>
,,,,,,,
,,,,,,,
,,,,,,,
,,,,,,,
,,,,,,,
,,,,,,,
,,,,,,,
,,,,,,,
,,,,,,,
,,,,,,,
,,,,,,,
,,,,,,,
,,,,,,,
,,,,,,,
,,,,,,,
,,,,,,,
,,,,,,,
,,,,,,,
,,,,,,,
,,,,,,,
,,,,,,,
,,,,,,,
,,,,,,,
,,,,,,,
,,,,,,,
,,,,,,,
,,,,,,,
,,,,,,,
,,,,,,,
,,,,,,,
,,,,,,,
,,,,,,,
,,,,,,,
,,,,,,,
,,,,,,,
,,,,,,,
,,,,,,,
,,,,,,,
,,,,,,,
,,,,,,,
,,,,,,,
,,,,,,,
,,,,,,,
,,,,,,,
,,,,,,,
,,,,,,,
,,,,,,,
,,,,,,,
,,,,,,,
,,,,,,,
,,,,,,,
,,,,,,,
,,,,,,,
,,,,,,,
,,,,,,,
,,,,,,,
,,,,,,,
,,,,,,,
,,,,,,,
,,,,,,,
,,,,,,,
,,,,,,,
,,,,,,,
,,,,,,,
,,,,,,,
,,,,,,,
,,,,,,,
,,,,,,,
,,,,,,,
,,,,,,,
,,,,,,,
,,,,,,,
,,,,,,,
,,,,,,,
,,,,,,,
,,,,,,,
,,,,,,,
,,,,,,,
,,,,,,,
,,,,,,,
,,,,,,,
,,,,,,,
,,,,,,,
,,,,,,,
,,,,,,,
,,,,,,,
,,,,,,,
,,,,,,,
,,,,,,,
,,,,,,,
,,,,,,,
,,,,,,,
,,,,,,,
,,,,,,,
,,,,,,,
,,,,,,,
,,,,,,,
,,,,,,,
,,,,,,,
,,,,,,,
,,,,,,,
,,,,,,,
,,,,,,,
,,,,,,,
,,,,,,,
,,,,,,,
,,,,,,,
,,,,,,,
,,,,,,,
,,,,,,,
,,,,,,,
,,,,,,,
,,,,,,,
,,,,,,,
,,,,,,,
,,,,,,,
,,,,,,,
,,,,,,,
,,,,,,,
,,,,,,,
,,,,,,,
,,,,,,,
,,,,,,,
,,,,,,,
,,,,,,,
,,,,,,,
,,,,,,,
,,,,,,,
,,,,,,,
,,,,,,,
,,,,,,,
,,,,,,,
,,,,,,,
,,,,,,,
,,,,,,,
,,,,,,,
,,,,,,,
,,,,,,,
,,,,,,,
,,,,,,,
,,,,,,,
,,,,,,,
,,,,,,,
,,,,,,,
,,,,,,,
,,,,,,,
,,,,,,,
,,,,,,,
,,,,,,,
,,,,,,,
,,,,,,,
,,,,,,,
